algorithm,seed,episode,reward,Z1,Z2,confidence,edges,loss
DQN,0,0.0,-0.05733338936626264,420918.5162618855,14784.547911119449,0.6423567347500683,86.0,
DQN,0,1.0,0.05894148722636272,409355.062629834,11466.208444953925,0.6392553748720241,80.0,
DQN,0,2.0,0.02652614004634077,381469.6041912668,12895.56314556713,0.6260758124775376,80.0,
DQN,0,3.0,0.02877626345594847,351358.6037205255,15564.20162950599,0.6565815405446694,88.0,
DQN,0,4.0,-0.038626009109805695,457525.27358305856,12790.957082191071,0.6390221554298601,80.0,
DQN,0,5.0,0.08447182605946148,398901.2240135557,11259.619394851994,0.6456681020909516,78.0,
DQN,0,6.0,-0.07253400512141771,445260.84332295076,13196.421910313558,0.6353189200723388,86.0,0.08667030185461044
DQN,0,7.0,0.06414426831321542,366921.7987234994,13041.32278114187,0.6371327929031747,86.0,0.04839666560292244
DQN,0,8.0,-0.09313798860566164,446266.5033718969,14268.719187519657,0.6600872471970977,90.0,0.0714912936091423
DQN,0,9.0,-0.06985540165893493,434392.5923069533,14604.428460516641,0.6321728000910237,86.0,0.10758303105831146
DQN,0,10.0,-0.1978006862096471,461143.66646673094,17934.05460669592,0.6564644651419366,84.0,0.09072898328304291
DQN,0,11.0,-0.001420266191319406,464750.861709699,11085.051686824067,0.6367324707873167,76.0,0.15079672634601593
DQN,0,12.0,-0.018776861143018644,466570.3364326569,11311.119881838515,0.6510801307117181,78.0,0.39309635758399963
DQN,0,13.0,-0.049420225516674465,414529.0296429221,14498.164530428201,0.6357023304578459,82.0,0.37588003277778625
DQN,0,14.0,-0.1505773393210016,485335.77055225807,15294.406400643113,0.6560909090816306,82.0,0.8840713500976562
DQN,0,15.0,-0.11813566882003432,510118.7358341716,12038.695119352098,0.6314171179628465,84.0,0.41100001335144043
DQN,0,16.0,-0.1796910466864887,479735.23971545824,16672.802172350952,0.6273043609388669,90.0,1.1110625267028809
DQN,0,17.0,-0.15033997830473494,499236.09296783974,13366.817520300106,0.6454371870452625,82.0,0.7143757939338684
DQN,0,18.0,-0.14125421468506497,489808.86501212476,14195.234350555116,0.6360652047253412,84.0,0.7321382164955139
DQN,0,19.0,-0.054673201990097384,413713.3830942087,14827.070918767255,0.643632340366945,86.0,0.7124402523040771
DQN,0,20.0,0.08864616231978267,401243.8624723916,10841.115908418744,0.6450973052855143,82.0,1.5729494094848633
DQN,0,21.0,-0.2121769119382908,565103.1027674382,13489.56269390287,0.636520281372679,88.0,1.315064787864685
DQN,0,22.0,-0.02834452658963707,394293.99468448554,14139.376040175792,0.6537044513789463,82.0,2.6312618255615234
DQN,0,23.0,-0.10195407041398208,448521.066730937,15182.445551455263,0.6428602920734876,84.0,3.236306667327881
DQN,0,24.0,-0.020446085468796574,451299.93041763105,11496.450328853209,0.647506269170708,86.0,2.2634618282318115
DQN,0,25.0,-0.10876202126529554,445535.2407099681,15348.69926736004,0.6432136375830443,82.0,5.106380939483643
DQN,0,26.0,-0.33318221828153904,600361.0328293213,15328.723113387463,0.6326666815942682,86.0,4.922632217407227
DQN,0,27.0,-0.09769945317415869,461754.2235596933,14047.711093116368,0.636118049958649,88.0,3.499305486679077
DQN,0,28.0,0.1274069195851637,350745.2186745046,12070.948034232968,0.6477935338107021,82.0,1.1440587043762207
DQN,0,29.0,-0.05111619433375306,442547.0706561781,13613.40993072765,0.6425551612040641,84.0,3.2126927375793457
DQN,0,30.0,-0.08500940672790723,468953.9178799836,13192.543824050897,0.6494477257081787,82.0,4.508706092834473
DQN,0,31.0,-0.14795285442018355,470189.44486232207,15753.7991833555,0.6494212364035136,88.0,2.8279354572296143
DQN,0,32.0,-0.1750174939108798,452406.8836383904,17735.033085689967,0.6328736220447212,92.0,1.8819947242736816
DQN,0,33.0,-0.19867417748545554,483240.25948949583,16055.603595644,0.6243980982202888,86.0,3.012136459350586
DQN,0,34.0,-0.12380478636087439,495125.5098293335,13684.783068493954,0.6431479425256241,82.0,3.975773572921753
DQN,0,35.0,0.045662212045868754,405176.93488763826,12051.60064261464,0.6533465821251443,80.0,3.8905746936798096
DQN,0,36.0,0.00712135433288421,389019.6558804206,13534.502097647197,0.6553929640492827,84.0,2.889416217803955
DQN,0,37.0,0.0005673120325491459,403719.039933377,13415.365599783698,0.6474344606764361,82.0,2.118159770965576
DQN,0,38.0,-0.20580272940379482,569171.3143919543,13653.409621805336,0.6443136242068511,82.0,3.7685294151306152
DQN,0,39.0,0.015701089366024434,489175.0060255083,9589.39609973861,0.6313421502525259,78.0,3.619919776916504
DQN,0,40.0,-0.048623799642663335,449530.4212266037,12932.728260880758,0.6406851851010295,82.0,3.289746046066284
DQN,0,41.0,-0.0039924703541108775,440212.64057035226,11640.00618655228,0.6475138343400959,82.0,3.3302102088928223
DQN,0,42.0,0.008604804882355105,417446.6710658175,12500.368082809653,0.6490099554869738,82.0,3.590388059616089
DQN,0,43.0,-0.14215279074740542,440297.2270776364,17384.001714698432,0.6467885095182119,96.0,2.0787408351898193
DQN,0,44.0,0.029841308974443495,386295.3361364925,13431.702131187138,0.6544123003599958,82.0,2.735520124435425
DQN,0,45.0,0.09927290380243999,382835.025130802,11275.851264025587,0.651866883839948,82.0,5.129108428955078
DQN,0,46.0,0.004485634633034988,339531.42582139047,17626.10408568006,0.6445677799888413,90.0,1.5857281684875488
DQN,0,47.0,-0.022406019081628228,430946.00596738,13260.95197372383,0.6528871100812964,82.0,3.3104653358459473
DQN,0,48.0,-0.12195882046122924,481862.4024847269,14421.939396205758,0.6381744840786854,90.0,2.080965280532837
DQN,0,49.0,-0.005823851418343536,432050.47206074424,12628.514887700929,0.6351644276514254,84.0,3.7763381004333496
DQN,0,50.0,-0.06703540226869324,430293.635780401,14254.574651339148,0.6559067083982173,84.0,1.8226605653762817
DQN,0,51.0,-0.014609520300750417,399546.42661856144,14371.55235025658,0.6428375968450982,86.0,1.2933961153030396
DQN,0,52.0,-0.13074279835082755,416079.3771801595,13459.723789214137,0.6652667788085666,80.0,2.2800116539001465
DQN,0,53.0,-0.10438262478170368,438911.0377467543,15190.298831828242,0.6537112290471426,86.0,1.658420443534851
DQN,0,54.0,-0.007413651210191383,376768.1532747374,15239.641253891548,0.6470207082217416,88.0,2.7324769496917725
DQN,0,55.0,0.15525432634628078,320459.17707680794,12226.8621318811,0.6538883283635222,84.0,1.6385774612426758
DQN,0,56.0,0.00047618957806135065,388987.93909282726,13814.338841896684,0.6460836666807109,82.0,2.2012479305267334
DQN,0,57.0,-0.08093514344576444,474494.9956879543,13054.326333376444,0.6408112178453385,84.0,2.803307294845581
DQN,0,58.0,0.03793952625038093,355527.33625212935,14543.427639980107,0.6571105802387193,84.0,3.942629814147949
DQN,0,59.0,0.06710662299362057,379254.5192788655,12961.81156438217,0.6318008410678753,84.0,2.2108612060546875
DQN,0,60.0,0.007192082907782659,421800.7778501091,12533.729587290738,0.6406742342193218,80.0,3.7859790325164795
DQN,0,61.0,0.07537078821250712,420616.8140919871,10620.829499146985,0.6328958797924628,76.0,2.0558290481567383
DQN,0,62.0,0.13929334495727044,355057.55222490814,11502.727628801027,0.63491352024164,80.0,2.520975351333618
DQN,0,63.0,-0.12218328026572639,481929.9672284873,13721.15622165156,0.6361363308562279,80.0,1.6372809410095215
DQN,0,64.0,-0.006913859223433461,316683.0549034518,17526.625843594713,0.6517627050602929,94.0,2.058161735534668
DQN,0,65.0,-0.014384023772838664,422297.45016528404,13283.466479263621,0.6253342159502396,86.0,1.2307844161987305
DQN,0,66.0,-0.009767866076856521,397203.9813491122,14281.264658768661,0.6475129622422235,76.0,0.7388694286346436
DQN,0,67.0,0.17467672511802484,310259.95112692,12885.334160045217,0.6505633278838169,88.0,1.1444734334945679
DQN,0,68.0,0.014175829909888037,414326.42442860914,12138.340096536707,0.6309787172849705,84.0,1.2076467275619507
DQN,0,69.0,0.0948649260131421,345245.1418784221,13183.862803499327,0.6541466159759655,86.0,1.3419984579086304
DQN,0,70.0,0.046405014530229174,411176.8674913728,11659.566466678943,0.6315385583036205,82.0,1.2654201984405518
DQN,0,71.0,-0.19325917940016824,533901.2357176535,13945.878042600838,0.6604544115300257,82.0,1.4185856580734253
DQN,0,72.0,-0.10306363089416035,461081.8377490545,13969.256381319177,0.6525359497605862,88.0,1.00198495388031
DQN,0,73.0,-0.22729249662395695,503979.887045667,17015.907923276634,0.6350522181074356,86.0,1.1683497428894043
DQN,0,74.0,0.013945837612024243,471482.6030276345,10513.26652788334,0.6517149656556114,80.0,1.1798418760299683
DQN,0,75.0,-0.07932758951956677,544689.2474801561,9940.691745132217,0.6486227072507729,84.0,1.2178053855895996
DQN,0,76.0,-0.03006431874061998,388939.42905248114,15345.277795105096,0.6456326477515413,84.0,1.429243803024292
DQN,0,77.0,0.031047232480239915,440128.0726820508,10605.192692973602,0.6562813653819652,82.0,0.7859772443771362
DQN,0,78.0,0.12659926550248923,384309.79121132975,10576.124943971854,0.6353221962000692,80.0,0.4361288547515869
DQN,0,79.0,-0.035112749720521176,418438.1333746575,14578.709678346953,0.6446591595599106,88.0,1.0999512672424316
DQN,0,80.0,-0.04897335187865103,511489.81102020474,10646.762231933746,0.648559762124373,78.0,1.1233569383621216
DQN,0,81.0,0.09097492489453549,386716.4177121028,11165.481515627207,0.6663769018037922,82.0,0.7176356315612793
DQN,0,82.0,-0.06195796353886774,399776.52973103715,16190.160253432898,0.6285305655690968,86.0,0.7492336630821228
DQN,0,83.0,-0.07836491073487749,462567.581763737,12436.183191553388,0.6592527629307074,82.0,0.6986860036849976
DQN,0,84.0,-0.019245436747977566,441553.24841561815,12566.035453154203,0.6439400704259407,84.0,0.977582573890686
DQN,0,85.0,0.0797639369474791,468307.5398664312,8814.202872087755,0.6571215613035039,76.0,0.665047287940979
DQN,0,86.0,0.07583806082988494,386442.3749304996,11725.645115745778,0.6367022702007724,86.0,0.8213666081428528
DQN,0,87.0,0.02702456979504729,356554.66052477574,14462.1195281001,0.6433918111200714,86.0,0.4792381823062897
DQN,0,88.0,-0.04698908071588083,448055.4920434235,12680.325640178668,0.6424159480674395,82.0,0.4256407618522644
DQN,0,89.0,-0.05757202655541855,454322.9270277693,12983.402741352844,0.6516558650013777,84.0,0.49389123916625977
DQN,0,90.0,0.13950614619774448,323910.57628726034,12705.184027700745,0.63893608874581,82.0,0.3240492045879364
DQN,0,91.0,-0.00809448438294997,408278.2734660924,13668.770958092728,0.6346463329945137,88.0,0.6468444466590881
DQN,0,92.0,-0.018903869588461623,450027.87518272776,11705.01001027441,0.6297455069035246,82.0,0.6237124800682068
DQN,0,93.0,0.034414588403576835,401817.5752592331,12387.682448065996,0.6442242530444883,80.0,1.0395457744598389
DQN,0,94.0,-0.18231360852526082,535738.7263463406,14020.656661262878,0.6300387525473168,84.0,0.3264150321483612
DQN,0,95.0,0.11909640869988912,333322.7917309423,12889.293703460024,0.6462080207596106,82.0,0.4379793107509613
DQN,0,96.0,0.0392288352441178,405677.392102074,12135.99874835659,0.6391355441376324,80.0,0.519133985042572
DQN,0,97.0,-0.1551301471235833,509194.91278418276,13648.770985414316,0.6411629189004622,84.0,0.384980171918869
DQN,0,98.0,-0.017031471625261068,443708.1201275507,11763.26683268882,0.658708570183976,84.0,0.31324005126953125
DQN,0,99.0,0.12933259681537548,349717.7929580972,11792.837038144064,0.6338290608250492,76.0,0.4741266965866089
DQN,0,100.0,0.056744358960332905,386075.1152470407,13029.386705654108,0.6335767079122777,82.0,0.41059038043022156
DQN,0,101.0,0.07661906241667343,383619.5314183955,11497.540171514735,0.6361086090431783,82.0,0.36211737990379333
DQN,0,102.0,-0.27356167753657795,603416.7538182139,14336.329290356287,0.6394925439375084,80.0,0.2934457063674927
DQN,0,103.0,0.07142313699325968,366554.58556866355,13298.610068983937,0.6436408917012526,84.0,0.25857654213905334
DQN,0,104.0,0.01218886633999136,421481.5463870737,11896.111122459315,0.6371689109605444,82.0,0.20719851553440094
DQN,0,105.0,0.04725914705191688,403085.5315682034,11996.540014945824,0.631068912173132,82.0,0.1575099229812622
DQN,0,106.0,-0.06939357296767729,451362.9056674967,13339.045041525855,0.6291163490610581,82.0,0.24543754756450653
DQN,0,107.0,-0.042806547721488314,427759.02363658923,13800.694956239466,0.6453276300128814,88.0,0.19016018509864807
DQN,0,108.0,0.0853427228835665,422071.3795544648,10554.52934503274,0.6379565870475647,78.0,0.27692100405693054
DQN,0,109.0,0.16484190838029397,351923.53821058857,10740.588059924528,0.6386023325474061,76.0,0.1841340959072113
DQN,0,110.0,0.14126350245635336,334444.12446109887,12205.380897405928,0.652129993182421,80.0,0.1788782924413681
DQN,0,111.0,0.28526752029673086,308146.88749443047,9495.006566936974,0.6303634761448598,76.0,0.1661430150270462
DQN,0,112.0,0.15424940997072703,387521.7692045012,9989.770704670836,0.640848496320647,76.0,0.2401304692029953
DQN,0,113.0,0.18356202389777845,298941.8241811946,12648.604906910141,0.6447841237239765,86.0,0.24137182533740997
DQN,0,114.0,0.16886168234884516,321882.38083480013,11691.187717749153,0.6452186827609891,84.0,0.07512863725423813
DQN,0,115.0,-0.18561636713384824,539454.5434895917,13071.005725486439,0.6491644644805786,82.0,0.2383175492286682
DQN,0,116.0,0.1981053097237499,331663.13844374544,10813.522120769567,0.6440960485594348,82.0,0.16850905120372772
DQN,0,117.0,0.15356514583216396,323379.7937515418,12616.330920237837,0.6363834180523943,82.0,0.2032734900712967
DQN,0,118.0,0.11636674627704596,347007.660043439,12817.484312867628,0.6425236206656759,84.0,0.14848361909389496
DQN,0,119.0,0.14331272183283703,446404.9985880038,8090.472366606343,0.6479242501647615,74.0,0.15711018443107605
DQN,0,120.0,-0.05885077976858255,440653.49062884954,13529.380559127878,0.6398896856882914,88.0,0.1302681863307953
DQN,0,121.0,0.03169422557799867,418100.1843659706,11546.300423444614,0.6456652795933344,80.0,0.10684452205896378
DQN,0,122.0,0.060544399792040765,402259.3791268485,11736.318932405271,0.6213205089275277,78.0,0.11733497679233551
DQN,0,123.0,0.12983838375475099,415488.17458850873,9206.440056048159,0.6359667925456802,78.0,0.14013999700546265
DQN,0,124.0,0.04697219834275081,395385.94777337514,12107.45053484005,0.6561589639740467,84.0,0.21101847290992737
DQN,0,125.0,-0.06042608690281573,418277.60402325704,14866.732732196151,0.6368084946636169,86.0,0.08636660128831863
DQN,0,126.0,0.23142638137656987,344855.0787049267,9198.558014068009,0.644541111000053,74.0,0.14345046877861023
DQN,0,127.0,0.2509176503008852,364214.78414856025,8548.619582546133,0.6519473229591743,74.0,0.12476761639118195
DQN,0,128.0,0.18910535758041516,375021.61901789356,9119.656094875167,0.6540937489905732,74.0,0.1005592867732048
DQN,0,129.0,0.18403908213476983,362173.94093689206,9963.678306399599,0.6442267994596843,80.0,0.09313580393791199
DQN,0,130.0,0.26516896041211285,377309.2159798314,7762.556953655554,0.6426718277513254,74.0,0.06710873544216156
DQN,0,131.0,0.2832804333855213,313934.25948559976,9874.169232468432,0.6380033498772616,74.0,0.09806063771247864
DQN,0,132.0,0.012645572798054512,440199.7210004978,11164.40695034307,0.6253995464798595,82.0,0.11040594428777695
DQN,0,133.0,0.24776780774804144,332302.7176949941,9802.067605270864,0.6514144057102419,78.0,0.0941583439707756
DQN,0,134.0,0.04087766988064961,381891.8729186583,12979.472183656851,0.6555689585544952,80.0,0.07110895961523056
DQN,0,135.0,0.025693186089221155,365584.6015631208,14691.534912810277,0.6388441896376402,86.0,0.06132393330335617
DQN,0,136.0,0.1267919888888382,374026.79848594725,10777.340593836287,0.6252061968864607,80.0,0.06917627900838852
DQN,0,137.0,0.33995364257733507,308329.73320199753,8595.944946057609,0.6396210831104578,82.0,0.10297156870365143
DQN,0,138.0,0.09388403797762429,363843.52271725045,11341.019644746575,0.6429248464414613,80.0,0.043920353055000305
DQN,0,139.0,0.15264117012108622,366015.0092804945,10490.079046295748,0.6346275596548672,76.0,0.094270259141922
DQN,0,140.0,0.1639596935333013,391281.0807778492,9243.782660447267,0.6198446752320501,78.0,0.09556649625301361
DQN,0,141.0,0.2803781092107568,332332.00274386734,8857.306992599319,0.6502447352795442,72.0,0.022997623309493065
DQN,0,142.0,0.26818003047335326,410331.3225019328,6832.522946659429,0.6374493323222681,72.0,0.029188470914959908
DQN,0,143.0,0.13899055759155315,370922.0633266957,10289.500259699164,0.6708447525131184,82.0,0.054497525095939636
DQN,0,144.0,0.16576998304830567,377504.0599518827,9802.854325940305,0.6418279376008803,80.0,0.06941499561071396
DQN,0,145.0,0.18228908272656977,331346.0705290154,11411.34164614405,0.6467777629542605,80.0,0.06232659891247749
DQN,0,146.0,-0.10597444164716825,492096.46467079123,13428.163381578643,0.636331095477703,82.0,0.046773821115493774
DQN,0,147.0,0.1759001184892644,345066.86941250897,10235.676023572134,0.6417304489227618,76.0,0.05557245388627052
DQN,0,148.0,0.36617762325307895,259490.7272011144,9540.497890940274,0.6438256307992055,78.0,0.032859861850738525
DQN,0,149.0,0.14175755793110872,382874.0289813011,10193.395064061622,0.6488707266828192,78.0,0.038294628262519836
DQN,1,0.0,-0.009073256155426663,339132.00407213945,8854.056779371893,0.6279777461084554,78.0,
DQN,1,1.0,-0.19842267356438203,373024.5217814763,12048.67838689008,0.636538174766422,82.0,
DQN,1,2.0,-0.17982463093614687,344059.58546325937,12218.526940041635,0.6384013319314178,80.0,
DQN,1,3.0,-0.101028227851361,356292.95169735514,9159.922272700667,0.655308056702967,78.0,
DQN,1,4.0,-0.13466067858247055,367053.79735292785,10436.268910897825,0.644211815877159,80.0,
DQN,1,5.0,-0.06455646275194789,324061.3202055891,10814.053443386449,0.6227679148304179,80.0,
DQN,1,6.0,-0.22700055889098544,421305.5769043868,10543.439273104565,0.6151266584857922,84.0,0.044017016887664795
DQN,1,7.0,-0.12967866582484328,374246.32420926186,9905.739982845276,0.6306422023305892,74.0,0.022628767415881157
DQN,1,8.0,-0.051345813037128776,312753.66341079917,10754.850832398035,0.6323773958713097,82.0,0.03813614323735237
DQN,1,9.0,-0.0007665623189978266,322712.5940437269,8197.961229326575,0.6419070760345921,74.0,0.04245965927839279
DQN,1,10.0,-0.2693170594419958,408675.5167956777,12126.292079023715,0.6359143403732594,86.0,0.09816401451826096
DQN,1,11.0,-0.097332830340007,325953.27654439537,11338.036780166263,0.6231496415093334,78.0,0.14913709461688995
DQN,1,12.0,-0.2734108836619516,399937.16899239045,11740.043889235487,0.6434576249096464,84.0,0.16207115352153778
DQN,1,13.0,-0.06592016925798687,327120.3862797677,10613.541259798869,0.611944771421947,74.0,0.1508484184741974
DQN,1,14.0,-0.01476829264559689,269057.66996901116,11576.995675136093,0.6228996292160377,84.0,0.09543304890394211
DQN,1,15.0,-0.06725757451729684,300191.98207025754,12039.935995218133,0.6322638266204326,88.0,0.1748114824295044
DQN,1,16.0,-0.05658269233348963,304676.38593805366,11573.269076829713,0.6322766764258324,82.0,0.20537176728248596
DQN,1,17.0,-0.15086494872990694,359231.1400612746,11514.449459889287,0.6429318915665401,86.0,0.34698379039764404
DQN,1,18.0,-0.0601666211833894,252663.2978204512,14551.520065338445,0.6249675119091084,88.0,0.4376913905143738
DQN,1,19.0,-0.057193959341217494,322177.8600481558,10637.686406283348,0.6295193337097184,82.0,0.6978341341018677
DQN,1,20.0,-0.05645963405820047,341106.4438898392,8830.661692108859,0.648330395538204,82.0,0.8715076446533203
DQN,1,21.0,-0.27125035743884557,448975.1720011541,10888.706737716997,0.6299139310751972,78.0,0.9634993076324463
DQN,1,22.0,-0.20351487449953987,385926.296078988,11364.683848221814,0.6501848038413847,80.0,0.9112831354141235
DQN,1,23.0,-0.11455758990841196,346916.33186303003,10928.61136159996,0.6110755084114522,82.0,0.8488964438438416
DQN,1,24.0,-0.09699299377916254,338760.4007341446,10881.66423342331,0.6341869029985261,82.0,1.2227498292922974
DQN,1,25.0,-0.06557221091635558,347523.6962170229,9634.880581027039,0.6231845271900612,72.0,1.7988405227661133
DQN,1,26.0,-0.04711301271396182,300721.89813199604,10894.830179547045,0.6240016360113209,78.0,0.902039647102356
DQN,1,27.0,-0.14381071481223065,391491.3332138548,9796.97302042776,0.6394326679657774,76.0,3.122969627380371
DQN,1,28.0,-0.18191717141995417,356212.9379167442,11853.52771490438,0.6415294553170134,84.0,1.682511329650879
DQN,1,29.0,-0.25706788437910144,401433.85136927164,12339.03396324117,0.6350808575609652,76.0,1.8277361392974854
DQN,1,30.0,-0.0013999480270059372,236523.07057861506,14613.496455285322,0.6146372559047588,88.0,1.836073637008667
DQN,1,31.0,-0.14396815799601498,337398.9516867895,12276.764629136771,0.631012017705233,86.0,1.2792131900787354
DQN,1,32.0,-0.1841460107387764,409648.86259452946,9817.975541712256,0.6361598946326661,78.0,0.9987624287605286
DQN,1,33.0,-0.19344081698423918,400989.7364707176,10271.775495034155,0.6389292143825048,82.0,1.4671330451965332
DQN,1,34.0,-0.057825068937775795,350623.05549172556,9182.323004961789,0.6591420031774755,76.0,1.6711328029632568
DQN,1,35.0,-0.06967178800603281,305723.05210291693,11790.268299934474,0.6328118265179734,82.0,2.0194029808044434
DQN,1,36.0,-0.1517400222035371,396340.30577731103,9459.039489086817,0.6466622777688581,84.0,0.7807573080062866
DQN,1,37.0,-0.05292783573488657,347257.98216567753,9456.810379835439,0.6413351378822127,80.0,0.7868189215660095
DQN,1,38.0,0.12172092052003125,297513.24941618915,7675.281326447243,0.6252375672281356,70.0,0.6665621995925903
DQN,1,39.0,-0.11213502911815021,321581.3379064681,11680.1208685765,0.6434968272384287,80.0,1.0571659803390503
DQN,1,40.0,-0.09601280303136027,361213.9170954041,9469.128463857773,0.6583337152273141,72.0,0.8996828198432922
DQN,1,41.0,-0.09847770554960826,350183.17402874894,10454.829509697027,0.6256181279596584,84.0,0.6861801743507385
DQN,1,42.0,-0.09767293766990541,311573.35250458604,12587.803128140322,0.6243664046334187,84.0,0.9774575233459473
DQN,1,43.0,-0.07654120760554363,317840.89507637126,11151.573223967374,0.6487771993117242,80.0,0.7635295987129211
DQN,1,44.0,-0.06437909246397389,338530.4095797468,9834.585480226908,0.6480535833073107,80.0,0.8580491542816162
DQN,1,45.0,-0.08407653745655037,330639.32992144214,10988.901641585759,0.6220652482345417,78.0,0.8711996674537659
DQN,1,46.0,-0.16227236939346915,376643.8724609043,9882.3426350781,0.6404975678928835,78.0,0.6003110408782959
DQN,1,47.0,-0.20434849086491666,399137.17649173824,10303.233446213397,0.6224530650263052,80.0,1.013706088066101
DQN,1,48.0,-0.05323483679162043,360659.2010673043,8645.874914881957,0.6197028545939853,72.0,0.542743444442749
DQN,1,49.0,0.04590113218682135,289296.1357067043,9752.848080408805,0.6616665166853919,76.0,0.5679214596748352
DQN,1,50.0,-0.12252595660007122,383015.559637003,9245.811454722623,0.6266659162299267,76.0,1.2854015827178955
DQN,1,51.0,-0.06060047317287098,312932.24503398885,11151.691837086622,0.6268305460748936,80.0,0.6872324347496033
DQN,1,52.0,0.04844750622504332,298940.7164428544,9073.18070666653,0.6371600959299016,76.0,0.7338047623634338
DQN,1,53.0,0.05392898345171375,260040.05875963537,10716.799408361743,0.6223269258766511,82.0,0.655440628528595
DQN,1,54.0,0.06490062802294384,308188.9848736246,8368.134601662425,0.6313096579320865,78.0,0.8799015879631042
DQN,1,55.0,0.028569104734662235,259121.47458538463,12039.5901671195,0.6345742296176781,80.0,0.7118232250213623
DQN,1,56.0,-0.155023916082473,399519.6377511048,8729.328904510056,0.6354090023245129,76.0,0.6198769211769104
DQN,1,57.0,0.03531939653250801,306273.2575027017,8327.199022817435,0.621749649807736,76.0,0.764579713344574
DQN,1,58.0,-0.009512615117105584,317025.51143721316,9463.88588851122,0.6331751649432121,76.0,0.7066130042076111
DQN,1,59.0,0.12716086968739138,240351.19942223933,10429.638998887382,0.6487415631153338,84.0,0.6366536617279053
DQN,1,60.0,-0.08097527009778452,321194.2372801457,10743.692778476594,0.6404487466389082,82.0,0.8060914278030396
DQN,1,61.0,0.01721971625111034,304516.7930451352,9723.126121474761,0.6312109460744852,82.0,0.41597893834114075
DQN,1,62.0,-0.07520414834636838,354706.5900278955,9253.657579575545,0.6410999368258445,82.0,0.7087821960449219
DQN,1,63.0,-0.20787142521340063,425851.9723525876,9839.716734746213,0.633778739063979,82.0,0.5356535315513611
DQN,1,64.0,-0.1925127172023881,361573.77818671847,12162.47395438775,0.6174122415311322,84.0,0.45411527156829834
DQN,1,65.0,-0.1057764103829309,364634.6755653622,9567.625717546942,0.6352683799263277,76.0,0.47896188497543335
DQN,1,66.0,-0.03708022623181347,338512.6247415006,9132.90491729146,0.633328496882732,78.0,0.41969579458236694
DQN,1,67.0,-0.06561149322827096,372307.974148784,8797.359074479593,0.6048077230407647,76.0,0.28246060013771057
DQN,1,68.0,-0.11622791317907416,390916.47403994715,8944.34576793345,0.643066282938343,74.0,0.25859445333480835
DQN,1,69.0,-0.10567366966284185,341607.0244600034,10517.241635138784,0.6359322921919726,78.0,0.2724979817867279
DQN,1,70.0,0.007960739427052024,364494.7696131082,7315.567667437143,0.6495978083345197,72.0,0.26654529571533203
DQN,1,71.0,-0.17994805692743945,364276.6226415095,10637.44757911271,0.6325740947174441,74.0,0.17194658517837524
DQN,1,72.0,-0.11825882086919305,383905.1722826647,9148.841914922896,0.6295172675160361,74.0,0.33582574129104614
DQN,1,73.0,-0.1125047531478766,359790.59296140034,10239.798458493262,0.6401855272063692,80.0,0.2223738133907318
DQN,1,74.0,0.05005301793448056,302171.1081564147,8924.351622633265,0.6627567383578289,74.0,0.25489577651023865
DQN,1,75.0,0.1054732179651341,253365.02998479584,10104.806948213116,0.633644382818858,82.0,0.229793518781662
DQN,1,76.0,0.009838765349168284,335386.5795587843,8216.91649070631,0.6592804422973206,76.0,0.1707981526851654
DQN,1,77.0,-0.08042477000963333,362174.79040004854,9254.352114425265,0.6420717234303002,76.0,0.18750865757465363
DQN,1,78.0,-0.10311067199366938,370690.2250157142,9500.754020725622,0.6350431435173108,82.0,0.15075159072875977
DQN,1,79.0,-0.34194335286290256,497079.43626365124,10202.802277872364,0.6366600848228784,82.0,0.1742296665906906
DQN,1,80.0,-0.15285537995111015,390541.1227252026,9833.527003474921,0.6320075302518988,80.0,0.10591381788253784
DQN,1,81.0,-0.07644750426451205,364868.3696467498,9053.94792821047,0.6149432673055383,80.0,0.09490999579429626
DQN,1,82.0,-0.19152607404418398,404005.3983249022,9693.945319222077,0.6657533578479164,80.0,0.06684444844722748
DQN,1,83.0,0.02534984515976308,272246.8109716216,11197.33941643244,0.6381420010878477,80.0,0.05016938969492912
DQN,1,84.0,0.1237994335199731,311807.3524240379,6757.676973840468,0.6459359010793566,68.0,0.046914197504520416
DQN,1,85.0,-0.021380175152312136,312720.90359506843,10012.493884352176,0.6441552886456315,78.0,0.11420115828514099
DQN,1,86.0,0.12822950852451775,305270.5613490616,7336.215307704132,0.6428108036881176,78.0,0.09719336032867432
DQN,1,87.0,0.03865321319274745,303519.8559669332,8859.611698710922,0.6652302878110959,80.0,0.062322307378053665
DQN,1,88.0,0.01654338736985232,311377.8856295939,9338.74353489814,0.6302838593614087,76.0,0.042008355259895325
DQN,1,89.0,-0.20421186481536535,409460.12180628,10487.228314761494,0.6692106411729328,84.0,0.09007998555898666
DQN,1,90.0,-0.066750107174803,380432.617833872,7962.997961629885,0.6516684451506451,74.0,0.06989658623933792
DQN,1,91.0,0.10687484758624805,288331.7102225208,8073.560900289191,0.6375137288714091,78.0,0.050835102796554565
DQN,1,92.0,-0.045112726065969666,366357.77946582617,8294.314684162038,0.6362114899752468,78.0,0.05156039446592331
DQN,1,93.0,0.03521496938171987,344853.8662303597,7385.07511771915,0.6278226306042434,76.0,0.05291088670492172
DQN,1,94.0,0.012866357703387055,282105.5626382698,10869.229817904814,0.6458828027789395,82.0,0.009290924295783043
DQN,1,95.0,0.09527767268177327,307523.4164733724,7804.65251946221,0.6414022472206464,66.0,0.03185730054974556
DQN,1,96.0,0.06169307404907655,294948.48068832105,8409.36934609867,0.640814114446281,76.0,0.021669209003448486
DQN,1,97.0,0.0522312745000722,334286.6908987535,7330.688446346516,0.6441747442256786,74.0,0.05638668313622475
DQN,1,98.0,0.026294707100567482,317676.565007302,8284.278089410787,0.6553185755339082,80.0,0.04459727555513382
DQN,1,99.0,0.12454882033957712,299013.7626326013,7490.207861614536,0.6310007440188167,72.0,0.04694431647658348
DQN,1,100.0,0.014823030868816228,317495.01146775566,8855.83658708765,0.6534398759142362,74.0,0.02480987459421158
DQN,1,101.0,0.11643062887487264,311495.65937825735,7194.677942725871,0.6306483321465864,70.0,0.033373791724443436
DQN,1,102.0,0.0965290221040979,303834.8150560431,7813.01458453354,0.6461967166485783,70.0,0.057277046144008636
DQN,1,103.0,-0.09840237165430114,389603.7416379673,8538.353718166527,0.6399838783429102,76.0,0.03304913267493248
DQN,1,104.0,0.04404018853023739,306611.689266198,8277.035758490638,0.6493686366993034,76.0,0.02763960510492325
DQN,1,105.0,-0.0873359254106431,318070.3464489707,11504.678958845883,0.6265658758721204,78.0,0.024787552654743195
DQN,1,106.0,-0.09874130518854315,416307.4499040524,7457.077280895152,0.6442298601834597,68.0,0.033071354031562805
DQN,1,107.0,0.11678137622915818,323302.5744311208,6236.959237691685,0.6517179235425606,68.0,0.03328434005379677
DQN,1,108.0,0.06791362868391954,289178.7613729059,8830.490390033126,0.6385228140912248,76.0,0.06377857178449631
DQN,1,109.0,-0.09758237748240862,331470.49213277054,11167.21741046927,0.6406861663270678,74.0,0.04904809221625328
DQN,1,110.0,-0.07361947453546475,336678.4310980695,10328.4707802997,0.6471957747891874,80.0,0.05564908683300018
DQN,1,111.0,0.042604159478905064,339585.421490254,7550.217208383489,0.6384883173252818,78.0,0.03365135192871094
DQN,1,112.0,-0.022181993363070616,307997.5680799815,10260.017278778727,0.6379914093353299,82.0,0.04647359251976013
DQN,1,113.0,-0.11581424187431438,389661.4178308691,8431.698348071062,0.638494877030858,74.0,0.05584382265806198
DQN,1,114.0,0.010157719718225579,246015.79357008808,13044.776126342551,0.6246567000613372,86.0,0.041481729596853256
DQN,1,115.0,0.19092794347103836,240288.17810594497,8915.203440619678,0.6505092674078038,76.0,0.03225775435566902
DQN,1,116.0,-0.145254942475531,341232.04520160396,10932.718851978081,0.6551375134278489,78.0,0.030840333551168442
DQN,1,117.0,0.16100500472854545,275498.5975588097,7866.23920125137,0.6553876131277497,78.0,0.030605392530560493
DQN,1,118.0,-0.03067876598449473,311120.53670529544,10312.307902630408,0.6378361791054339,82.0,0.04658765718340874
DQN,1,119.0,-0.008831436835949807,322986.7718938875,8997.8114343619,0.6409207616277405,72.0,0.02264692634344101
DQN,1,120.0,0.04393289352397946,286833.4576399624,9366.38558437361,0.6394278967048056,74.0,0.020688941702246666
DQN,1,121.0,-0.05461680436451069,340483.95735152275,8789.194058941006,0.6303667489465212,76.0,0.023113828152418137
DQN,1,122.0,-0.08650919366788123,379095.0826517959,8684.100341437786,0.6393409325044368,78.0,0.025212766602635384
DQN,1,123.0,0.01995022216704968,298211.035231695,9763.243348314933,0.6592286823165329,76.0,0.022477086633443832
DQN,1,124.0,-0.007452343669646748,330439.1588211064,8493.744479012517,0.631299027780538,74.0,0.05229794979095459
DQN,1,125.0,-0.1910025257723037,350506.1779232103,12763.557327224213,0.641607494647369,76.0,0.03637700527906418
DQN,1,126.0,-0.0366540670423137,315613.9064148007,9849.331460639696,0.6311230938683529,76.0,0.03727121651172638
DQN,1,127.0,0.17850622070031075,261142.9631725102,8133.73791589543,0.6462876545356419,72.0,0.023200612515211105
DQN,1,128.0,-0.03945029933169855,361700.64698594884,8424.191342225156,0.6564543536337877,76.0,0.03353998064994812
DQN,1,129.0,-0.020225241572414166,310234.26670670736,10018.268947855055,0.643653985639716,78.0,0.0475316122174263
DQN,1,130.0,0.16183095148048737,270950.6071699905,7984.107523671217,0.6393399754284003,78.0,0.04993264004588127
DQN,1,131.0,0.09726020513946074,286602.5236568447,8514.115411789988,0.6512999551047595,72.0,0.044118836522102356
DQN,1,132.0,0.027488944243507105,338156.29879915016,7814.706710899907,0.6424088930570336,72.0,0.06152481213212013
DQN,1,133.0,-0.001007530228816883,374569.9448514144,7032.709163533608,0.6367155930851328,68.0,0.038246892392635345
DQN,1,134.0,0.10892549750808558,251656.1152044021,9569.551858700022,0.6539637951181345,72.0,0.0496702715754509
DQN,1,135.0,-0.1662847231583503,390794.9075781571,10122.837309900686,0.6450051423583012,80.0,0.03501845523715019
DQN,1,136.0,-0.029353107564946388,357625.9738623242,8086.459117609272,0.672891617050003,74.0,0.03993696719408035
DQN,1,137.0,0.059213746122470004,284611.301862517,9507.694295549612,0.6296690209486885,80.0,0.0426187738776207
DQN,1,138.0,0.007455103650131826,336686.671129845,8278.990606780273,0.6288898333920175,70.0,0.04702300205826759
DQN,1,139.0,0.172121762696742,274508.65101377683,7620.187343669591,0.6382864481284269,72.0,0.04466740041971207
DQN,1,140.0,0.08582111532227443,285577.99629550526,8746.243470386255,0.6567896879353866,78.0,0.06166893616318703
DQN,1,141.0,-0.03596763068015991,295061.7774401074,11513.931701184092,0.6327214538944581,80.0,0.05245349928736687
DQN,1,142.0,-0.13021590421133455,372775.3146376774,9986.654210242306,0.6444754982735421,76.0,0.054692354053258896
DQN,1,143.0,-0.00868665488999075,296605.5047027313,10580.848945092723,0.6512811823830789,78.0,0.01918007992208004
DQN,1,144.0,-0.008311788837943018,338380.48930794274,8499.755791779182,0.6448763052718737,74.0,0.021935755386948586
DQN,1,145.0,0.1371688278366344,289124.68930557417,7753.647089720856,0.6374474713743666,74.0,0.01515900157392025
DQN,1,146.0,-0.08951518716085043,363213.379656967,9363.105122545167,0.6314331778618921,78.0,0.025679294019937515
DQN,1,147.0,0.005493900156993465,295795.5926065603,9075.414869998782,0.6598616604256845,74.0,0.02537166327238083
DQN,1,148.0,-0.10936107068984302,379413.6189983769,8355.14761481497,0.6487620989000042,70.0,0.02711023949086666
DQN,1,149.0,0.02060934125115395,322249.50745504757,8640.646346762624,0.6485620341447675,72.0,0.03346405178308487
DQN,2,0.0,-59.543086207369086,311158.35085493803,11517.153237168312,0.5836548447699719,82.0,
DQN,2,1.0,-120.10777508565747,195237.35471839798,11587.206372965893,0.5506858691889911,88.0,
DQN,2,2.0,-70.23744409219239,213079.75459348602,13776.814834083358,0.557333152523229,93.0,
DQN,2,3.0,-90.07948110253018,187121.91928746316,11510.941292629012,0.5689440085019272,91.0,
DQN,2,4.0,-120.27935896297141,218591.2279369253,14744.644087603785,0.5734134147743493,88.0,
DQN,2,5.0,-49.40721080029483,236470.98204090877,13914.805497661126,0.564602742669943,89.0,
DQN,2,6.0,-9.786539489386016,350125.5814680107,16623.86110770161,0.578785436394102,91.0,31.44638442993164
DQN,2,7.0,-9.544185315173527,278873.8467721674,15020.119019313652,0.5779089851348311,87.0,19.02486801147461
DQN,2,8.0,-110.05775746588017,179880.22704320613,11631.407079608187,0.5677061074607338,89.0,7.681407451629639
DQN,2,9.0,-19.58484951538863,265614.0437934209,13689.148538417561,0.5522385676105745,90.0,6.774241924285889
DQN,2,10.0,0.4216445614639476,300453.5010582839,13731.191063108523,0.5678361004346671,84.0,9.34346866607666
DQN,2,11.0,-9.714015614543392,359189.8512976245,12879.581297108807,0.583146541816706,83.0,8.910477638244629
DQN,2,12.0,-29.8185593427631,442468.0350247747,12623.281813940292,0.5700657625788167,83.0,14.853652954101562
DQN,2,13.0,-89.82331904961782,397880.40333182283,15860.884518387487,0.5663049285308387,91.0,14.50429630279541
DQN,2,14.0,-19.69546389579708,304025.4792661727,15108.217109326342,0.5847588679758913,80.0,13.482609748840332
DQN,2,15.0,-9.657234353840368,269713.34021074395,14690.13872825377,0.5777422098152966,85.0,15.09399127960205
DQN,2,16.0,0.6232277840830134,212021.41840786874,15055.476292107496,0.5648983373702126,88.0,19.844449996948242
DQN,2,17.0,-19.69480778558215,316148.94353192154,14091.727989281486,0.5683466573591006,88.0,22.2850341796875
DQN,2,18.0,-19.711813393940446,296218.89196690137,16752.727479536374,0.5629123917644825,90.0,27.299875259399414
DQN,2,19.0,0.11947380260763497,395721.6157870416,15948.803436238966,0.5695208965395224,84.0,30.560710906982422
DQN,2,20.0,-49.64900730593939,289158.26728532667,16278.409377290873,0.548050319617362,93.0,33.0643424987793
DQN,2,21.0,-19.837066408814565,358495.32203018165,16883.752730167125,0.5921805999861164,86.0,72.63778686523438
DQN,2,22.0,-19.69115196537774,353800.2632271169,12140.390532772108,0.5724101556049416,84.0,69.51655578613281
DQN,2,23.0,0.19099312910773394,340300.05987892335,17433.471341554643,0.5729923062957123,86.0,88.65083312988281
DQN,2,24.0,-39.41296753901278,226698.7069810988,14224.61964839418,0.564073239212162,88.0,84.94303894042969
DQN,2,25.0,-9.655239815592095,275031.1461889345,15963.769924117887,0.5723567222573935,89.0,103.51998901367188
DQN,2,26.0,0.3364807280404865,301205.85285447974,13689.739621705061,0.5763647186288877,84.0,114.86538696289062
DQN,2,27.0,-39.70998501245543,341047.5802498831,15144.784275839811,0.5691135802646731,88.0,126.15985870361328
DQN,2,28.0,0.3160328985948994,283659.4192525844,16345.68095103412,0.5738001575247696,90.0,112.00679016113281
DQN,2,29.0,-89.38542729917,216006.94865025705,14170.246931716962,0.5727060503626662,83.0,245.6389923095703
DQN,2,30.0,-19.52854277610695,291650.5372183768,12705.958979517996,0.5912026092315565,84.0,244.7476348876953
DQN,2,31.0,-29.663339470426855,295722.63266810117,14825.922740751359,0.565935733685758,89.0,206.03955078125
DQN,2,32.0,-9.393769698645453,242333.23073884635,12653.238950777717,0.5845779413620387,83.0,248.0580596923828
DQN,2,33.0,-9.565422807127629,240677.4014174916,14083.475979796847,0.5727610861180208,87.0,470.53643798828125
DQN,2,34.0,-19.677604620257398,302802.00244625326,15243.965789950624,0.581240515132575,86.0,301.2677917480469
DQN,2,35.0,-39.86118669589113,343688.377300986,18336.867284020533,0.5632442879059943,94.0,337.6906433105469
DQN,2,36.0,0.10701143790693808,385524.0112839303,16650.093091791092,0.5850211472225428,86.0,244.25592041015625
DQN,2,37.0,-9.9012407555617,378813.22481214337,17830.545939077696,0.5760768782953203,93.0,400.9798278808594
DQN,2,38.0,0.3264979658919247,319264.8103350452,13468.438092048626,0.5653491440109075,90.0,332.13885498046875
DQN,2,39.0,0.2801632880301271,318274.8589611077,14942.592674413458,0.5624366041671137,86.0,506.6315002441406
DQN,2,40.0,0.5710794549596114,236675.18765013778,11435.679385682755,0.5735405404556695,82.0,736.2695922851562
DQN,2,41.0,-9.771176224929293,397878.3454628879,11224.668300298144,0.581593246359933,77.0,454.38128662109375
DQN,2,42.0,-49.93334423547091,403984.51260555565,16646.580163447506,0.5739626467711382,91.0,1009.723876953125
DQN,2,43.0,0.2587460413021851,335970.5789988651,15056.407942897613,0.5809210937116094,84.0,471.7383117675781
DQN,2,44.0,0.4336141131264634,252309.02755327575,13435.83547454156,0.5814300044005095,86.0,581.9232788085938
DQN,2,45.0,0.1981150771125015,386523.2475927955,13688.634136293475,0.570937114034726,88.0,904.56982421875
DQN,2,46.0,-19.875681306997315,332823.0206062149,18706.53595029099,0.5681863335317896,88.0,453.84820556640625
DQN,2,47.0,-9.679622866719097,325594.82057874394,13017.186645569489,0.5686006692002306,87.0,728.7538452148438
DQN,2,48.0,-19.780188995141884,341632.7381294329,16020.268660348418,0.5949620684792893,84.0,633.1354370117188
DQN,2,49.0,0.5516131015941733,245305.47303433923,14066.955548577846,0.5641291868977194,88.0,605.6865234375
DQN,2,50.0,0.37498114900445084,261741.34374378916,15990.205368845664,0.5787393677680827,84.0,702.3734130859375
DQN,2,51.0,-39.77394385992314,312757.1323304394,15916.1031151821,0.5694167241100466,84.0,680.1149291992188
DQN,2,52.0,-19.67871885382173,326997.1344110692,12848.073335264853,0.5828663505417273,84.0,766.1973266601562
DQN,2,53.0,-39.69367283083965,299395.44145807024,13978.641108844971,0.5990335475931289,84.0,879.107177734375
DQN,2,54.0,0.3893079060584154,298693.26130407833,15410.486533048963,0.589253094487703,86.0,977.3304443359375
DQN,2,55.0,-9.752821556086436,318623.0741560738,16215.35223899555,0.5642053115860721,89.0,533.7472534179688
DQN,2,56.0,-9.787465967649206,339297.2124980148,15986.256682757783,0.5823914997733282,85.0,777.394287109375
DQN,2,57.0,0.07685490428071819,397500.22229377914,13788.34627927693,0.5707566653881438,84.0,941.6006469726562
DQN,2,58.0,-29.48133369339846,241506.7273887703,15510.85718597553,0.5772678886706875,87.0,671.0205688476562
DQN,2,59.0,-9.601163913945614,221473.61761607998,17386.405092754274,0.5832136155399514,89.0,1315.765380859375
DQN,2,60.0,0.4364569584138149,259033.95144373758,12912.040582251479,0.5572007594215054,86.0,699.403564453125
DQN,2,61.0,-9.558511839751294,283232.0868623713,13803.581556616526,0.5861185728569097,85.0,804.9747314453125
DQN,2,62.0,0.46995237298752524,224219.6147987185,15529.694939956522,0.5802773011501966,80.0,759.8685302734375
DQN,2,63.0,-9.513132815349286,234580.91254659562,14177.746937759683,0.5691640240933084,87.0,1131.755615234375
DQN,2,64.0,0.42376881080633316,245450.82337537903,15552.140668369433,0.5676857750712561,88.0,567.0330810546875
DQN,2,65.0,-9.896734952081083,468099.4583338505,12712.073669495981,0.5791216914962264,79.0,479.8158874511719
DQN,2,66.0,-19.745965317275065,343518.12174156075,13492.87918415362,0.567434196302515,88.0,863.732177734375
DQN,2,67.0,-9.649605142991867,273258.73752384336,14579.428974629578,0.5619405336949452,87.0,345.17877197265625
DQN,2,68.0,-9.84880707000571,323193.4575638119,19985.48801533921,0.5608187575365762,93.0,739.39111328125
DQN,2,69.0,-29.90357680553513,348886.2434052854,19138.59306937193,0.5779223799379122,87.0,763.7732543945312
DQN,2,70.0,0.34369140505583123,241348.3896266697,19180.4527245915,0.564715433860891,96.0,887.1324462890625
DQN,2,71.0,0.29557741135478377,262657.73847264855,17855.10122158905,0.5749413445630661,90.0,626.0100708007812
DQN,2,72.0,-29.91654758409321,396950.3051112,14294.792121804423,0.5666138782912812,85.0,1021.7059326171875
DQN,2,73.0,0.11277231506711026,360481.7367771378,16454.62094446356,0.5822449957595464,88.0,874.707275390625
DQN,2,74.0,0.48421140698066245,227543.86157125956,14655.334665559096,0.5506943036362715,86.0,803.6647338867188
DQN,2,75.0,0.24507131865599233,335946.82964535465,15188.251301682682,0.562799255292934,86.0,527.726318359375
DQN,2,76.0,0.34304296316626803,266951.40221733676,16206.383488772155,0.5791592786074206,90.0,877.93505859375
DQN,2,77.0,-9.962141304934335,384905.6970118539,20365.852979796015,0.5723572694129809,93.0,853.3135986328125
DQN,2,78.0,0.36813124163418853,285100.4761746445,14610.497506425187,0.5631018852004974,90.0,1147.5782470703125
DQN,2,79.0,0.2284143809507624,313821.04123988724,18001.97193878533,0.5747819404426314,86.0,693.3142700195312
DQN,2,80.0,-9.5601835257094,259987.80648899113,11895.90756708609,0.5613192728989097,85.0,990.1842041015625
DQN,2,81.0,0.2749417612242136,281043.1534779086,18034.191285994864,0.5695926318516394,88.0,346.82379150390625
DQN,2,82.0,-19.62400647835041,252358.936426846,15639.033701257442,0.5773779824240343,92.0,686.0826416015625
DQN,2,83.0,-29.654707827023252,236101.183914187,18729.32696759341,0.5585050623103025,89.0,814.6304321289062
DQN,2,84.0,0.29500981003568333,268089.5501263039,16666.075019134194,0.5765276305398319,90.0,636.6046142578125
DQN,2,85.0,0.3618304556325591,292783.5187679381,14347.204180183742,0.5882072676683784,86.0,463.11090087890625
DQN,2,86.0,0.1821271360595678,334398.798701858,15864.500026675056,0.5581482400055114,92.0,442.8470764160156
DQN,2,87.0,0.37531209615223804,310724.8082500099,12853.747219694884,0.5705246614742924,84.0,381.1650085449219
DQN,2,88.0,0.21677803815166646,323818.0633490385,17722.620094529004,0.5693310501537611,88.0,390.66748046875
DQN,2,89.0,0.4027980793762234,278180.77319022286,13758.833232766683,0.5555598878834196,92.0,512.8291625976562
DQN,2,90.0,-19.603967061602116,246563.8071376046,16376.341225190567,0.5712750053919653,90.0,417.0341796875
DQN,2,91.0,-19.878239148651634,362136.5988241122,18013.705491847504,0.6014951242162818,84.0,321.66278076171875
DQN,2,92.0,-39.8174338416765,325871.670681899,17924.757315970048,0.5509979511069429,94.0,431.51190185546875
DQN,2,93.0,0.36690695413345076,259421.57286739186,15969.67970052331,0.5725221320533941,88.0,330.1847229003906
DQN,2,94.0,-9.746818492629437,311781.0087948259,16137.696208822932,0.5708301564783589,89.0,433.63897705078125
DQN,2,95.0,-9.640991462977139,257548.70148031585,16619.536693423004,0.5667641149654921,91.0,400.51416015625
DQN,2,96.0,0.2848121873249719,326085.85039354744,13460.280744236774,0.5758200699222824,88.0,425.3072509765625
DQN,2,97.0,0.22839576712316081,287696.35220288794,19705.28826785392,0.5526790383321349,82.0,365.5027770996094
DQN,2,98.0,0.3244922556312689,290022.514695156,15630.1985591017,0.5595676702649955,90.0,452.0476379394531
DQN,2,99.0,0.09030189817921366,447551.0579462787,14028.555099170855,0.5618314260906525,88.0,408.7494201660156
DQN,2,100.0,-19.709218524798818,263468.40354155586,18241.709809448257,0.5705917604703903,90.0,318.05865478515625
DQN,2,101.0,0.3006299161151613,273654.2640035259,16859.739345758062,0.5654342165890336,90.0,185.23939514160156
DQN,2,102.0,0.32253313240258585,302291.5695364559,14922.298580001714,0.5647266010504852,90.0,269.77313232421875
DQN,2,103.0,0.441556155072579,245642.21433975795,14959.656689786614,0.5709848161400002,92.0,421.9048767089844
DQN,2,104.0,0.29447615068068317,286441.27207092795,15786.555935927463,0.5730560142162618,88.0,245.3377685546875
DQN,2,105.0,-29.895343584883314,400760.055110581,15071.774356511967,0.5825204947747087,85.0,173.643798828125
DQN,2,106.0,0.40452414244175994,236308.9338328914,17265.62356874426,0.5748884926436912,92.0,147.36549377441406
DQN,2,107.0,0.2610455875304457,297941.8308711203,20140.041208939318,0.5766585951389421,96.0,95.54491424560547
DQN,2,108.0,-39.720571862804555,278933.00883370923,17065.48833880235,0.5590083006703042,92.0,177.66661071777344
DQN,2,109.0,-19.726509210051667,269078.2922542753,18537.221298344863,0.5960937339553575,92.0,150.22816467285156
DQN,2,110.0,-9.881624574878549,409919.0374970114,15785.090789223545,0.5688061611414459,87.0,190.58116149902344
DQN,2,111.0,-9.547674629791826,240417.6809304896,14788.032207366889,0.5674966086954297,91.0,193.27474975585938
DQN,2,112.0,0.3631192421075729,285871.5410000814,13466.501015502752,0.5776803904805875,86.0,100.31076049804688
DQN,2,113.0,0.41576436432592173,250226.8376318804,14309.244885431553,0.569769264095112,92.0,133.6271209716797
DQN,2,114.0,0.018745767047053795,448423.42927914765,16388.297930477827,0.5807354612869116,90.0,97.73991394042969
DQN,2,115.0,0.07598269980770009,450742.67753889936,14388.839885301988,0.5898010289808079,84.0,166.522705078125
DQN,2,116.0,0.37827119031445466,302691.7744073483,13121.312850382259,0.5667095579797818,84.0,75.67452239990234
DQN,2,117.0,-9.62920266269335,246481.50113288287,16186.66141234645,0.5786923925626334,85.0,75.25316619873047
DQN,2,118.0,0.3686159930187641,238358.64989009732,18175.776363142886,0.5621521433956648,88.0,66.1686019897461
DQN,2,119.0,-9.733931815210557,320256.7664312364,15755.666069650943,0.5716343911669908,85.0,118.83866119384766
DQN,2,120.0,-9.708984319369337,312436.70384094527,16920.048886556295,0.5780767587647069,89.0,69.66305541992188
DQN,2,121.0,0.10569619213420245,406180.05595160625,15263.594392190567,0.5790330524372886,88.0,39.11412811279297
DQN,2,122.0,-9.601532210973978,286571.7726122395,13586.599114722198,0.563949046893545,81.0,68.65733337402344
DQN,2,123.0,-9.673292631422719,296095.1456918454,14671.189415580147,0.5696910515986824,89.0,48.798179626464844
DQN,2,124.0,-0.0415218576437498,442838.00874305674,18658.614091434043,0.5735243070754582,90.0,35.528228759765625
DQN,2,125.0,0.01329924058334121,406443.7206403355,20206.219321004304,0.5683644173179441,90.0,59.12528991699219
DQN,2,126.0,0.3933684061113929,252191.7391998635,15949.16897851741,0.5748697210198394,90.0,87.30884552001953
DQN,2,127.0,-19.56485381851629,250843.6461034163,14020.774990797214,0.5697384153937802,90.0,35.069068908691406
DQN,2,128.0,-9.93168225240238,351639.5820560195,18888.709205140083,0.5808579163716603,89.0,40.4794807434082
DQN,2,129.0,0.3125165046532406,302605.4031679482,17398.905740325223,0.5829460209346741,96.0,41.27426528930664
DQN,2,130.0,-19.81948296337663,334171.4233274659,18100.263441527393,0.5731589452987442,90.0,24.566116333007812
DQN,2,131.0,0.1771640700058765,321969.4066540609,15352.487341887892,0.5742603300278945,90.0,33.036720275878906
DQN,2,132.0,-9.707013682216873,291063.664749514,16313.51497452399,0.5689402987000467,89.0,25.77117156982422
DQN,2,133.0,-9.62998191474641,259896.06542522422,14942.719282225165,0.5673724213439683,91.0,42.38555145263672
DQN,2,134.0,0.2609578984140205,302778.1483885378,16323.046639371585,0.568621775739499,84.0,23.495943069458008
DQN,2,135.0,-19.88300498638691,400657.2271789592,15327.102239679432,0.5837552604240773,88.0,21.555957794189453
DQN,2,136.0,0.36264681092344714,229857.53212380788,19637.13690773527,0.5718744482829096,94.0,25.529102325439453
DQN,2,137.0,-10.128564084164234,526474.7923945169,17601.535252848826,0.5814237475514384,87.0,15.631150245666504
DQN,2,138.0,0.33336702838724014,297723.6242633682,13945.162059163655,0.5742758532386534,84.0,21.981185913085938
DQN,2,139.0,0.1490982899016616,379973.7997353972,16034.881411553755,0.5940440232033836,90.0,19.988204956054688
DQN,2,140.0,0.103378216290733,348464.34957476356,17097.48880392778,0.5927675132019573,90.0,10.37026596069336
DQN,2,141.0,0.5284733877218099,244714.8067309747,14558.401398309601,0.5625460398846222,88.0,16.987228393554688
DQN,2,142.0,0.25637348903548124,320175.32949961943,16076.440831115002,0.5796302369847419,90.0,15.144176483154297
DQN,2,143.0,0.29409329412756446,274488.42820880085,17365.139488859644,0.5720319675959515,90.0,10.04491901397705
DQN,2,144.0,-0.06213483763149934,482823.6866137898,17609.811961533975,0.587622880853195,90.0,7.441629886627197
DQN,2,145.0,0.03615682111003769,392666.02427369053,16293.546302278035,0.5903725549816651,84.0,15.837530136108398
DQN,2,146.0,0.4626511897329901,239681.41267992716,13545.787357232735,0.5606590181670579,88.0,8.414389610290527
DQN,2,147.0,-19.600711319996797,232868.5167433433,17739.174716706988,0.5598834896119406,92.0,11.834200859069824
DQN,2,148.0,0.10065310709541753,375867.05746266234,16927.43514120322,0.555993911590598,90.0,7.8305888175964355
DQN,2,149.0,-9.62751755726939,270576.99368903314,15005.306880407552,0.5867181692080344,87.0,11.495928764343262
DQN,3,0.0,-0.01870627011883654,498734.128756754,13075.286658620498,0.6338719958467096,79.0,
DQN,3,1.0,-0.1630666582874979,587677.6933997184,14471.599398426733,0.6199116923684423,85.0,
DQN,3,2.0,0.07981190424523499,417588.2690337634,13158.822019483505,0.6356034784099693,83.0,
DQN,3,3.0,-0.12533102980965619,485707.1932035703,17110.58433112243,0.612372357402409,89.0,
DQN,3,4.0,-0.11246666615564929,535002.0357904842,14898.341740931712,0.6131772883371186,85.0,
DQN,3,5.0,-0.0617699118951762,543480.1618286049,12830.407205658199,0.6144548054881288,85.0,
DQN,3,6.0,0.03957171864624972,426205.66148896224,14159.004054751898,0.6212560690968432,83.0,0.10797673463821411
DQN,3,7.0,0.01549040297283413,430364.34511574666,15063.841788156204,0.6080131980437102,87.0,0.06508910655975342
DQN,3,8.0,-0.09058425552055324,470023.60327602096,17084.610083125466,0.6155827850135499,89.0,0.07016513496637344
DQN,3,9.0,0.028678653441437284,485828.78931427625,12163.495561967768,0.6288178722264657,83.0,0.17352110147476196
DQN,3,10.0,-0.09095108295035673,470138.46400474885,17163.70970420397,0.6212570809224822,87.0,0.23720994591712952
DQN,3,11.0,-0.00974753566086351,470647.51636552357,13419.580087462258,0.643437249329487,81.0,0.2232629507780075
DQN,3,12.0,-0.22803393843959774,603347.4040205743,16190.63657685659,0.6131176075844613,85.0,0.25684118270874023
DQN,3,13.0,-0.011774634565865996,435667.2245724544,15763.90893195851,0.6040867498442533,91.0,0.2639341950416565
DQN,3,14.0,-0.15944075246133824,580635.1622650002,14018.465574836408,0.6000396460237322,83.0,0.5284965634346008
DQN,3,15.0,-0.08660174503775195,501426.4997135921,15612.958608580493,0.617371898350765,85.0,0.5705479979515076
DQN,3,16.0,-0.23431231310660164,715909.8688340659,12456.439459793932,0.6230709902276613,81.0,1.0675747394561768
DQN,3,17.0,-0.05999068944288046,573678.4005483862,11456.903253372417,0.6523158245716645,77.0,0.8821391463279724
DQN,3,18.0,-0.054230267924068966,441965.4712828029,17112.632641589003,0.6191031675518456,87.0,1.3767871856689453
DQN,3,19.0,-0.22454998115712765,509891.3846176163,19297.546975990772,0.625321944323499,89.0,1.440664291381836
DQN,3,20.0,0.067027405480779,347350.43395394355,17292.800744930933,0.6074055878899931,85.0,1.631206750869751
DQN,3,21.0,0.043224486040535234,426649.53518721316,14056.312955425645,0.6378788958865611,81.0,3.6277942657470703
DQN,3,22.0,-0.08284117717667408,470589.68246940325,16781.886476610685,0.6282033860735624,83.0,1.7576767206192017
DQN,3,23.0,-0.0668364893836282,541348.0116827758,12835.412666038417,0.6098488221349665,85.0,1.7121471166610718
DQN,3,24.0,-0.07017895503220856,630911.079970262,10294.713637474077,0.6324708635423817,77.0,1.6388052701950073
DQN,3,25.0,-0.05048897708638375,474938.3011076278,15421.933997119348,0.6239054377141385,87.0,1.0557132959365845
DQN,3,26.0,-0.14496697341738754,506612.54495367996,17319.539163426787,0.6162344219499658,93.0,1.871629238128662
DQN,3,27.0,0.019867554424613045,452555.1853092705,13756.7713167815,0.6158544030336456,77.0,1.7338855266571045
DQN,3,28.0,-0.14108352033921562,574516.0213151592,13206.200651962858,0.625078308613851,83.0,2.591761350631714
DQN,3,29.0,-0.0447524394959107,452127.534672555,15119.469538639536,0.6355257022852517,81.0,2.8597793579101562
DQN,3,30.0,-0.1443313426108653,556604.8133291735,14392.810181154577,0.6238210519820729,81.0,4.230920791625977
DQN,3,31.0,-0.12978607118409502,604865.4065919111,12181.229394999367,0.6297970150045771,81.0,2.5867714881896973
DQN,3,32.0,-0.0056491965460812345,486719.06482961273,13347.273831869179,0.6313678535480363,77.0,3.567490816116333
DQN,3,33.0,-0.0781689292806498,495370.1883533328,15373.87841203426,0.6265955979302189,85.0,1.880863070487976
DQN,3,34.0,-0.009839315882155912,496793.0569355335,12743.04977019821,0.6123526158737217,83.0,2.6345536708831787
DQN,3,35.0,-0.07910914769328896,578328.0119467208,11451.47801115247,0.6197618855788427,73.0,3.4368247985839844
DQN,3,36.0,0.01838409906149748,483271.10892185045,12708.153839906085,0.6365467820956154,81.0,3.3420801162719727
DQN,3,37.0,-0.11346606223084767,541495.9317361673,14651.850386247972,0.6165036119180791,83.0,3.8270492553710938
DQN,3,38.0,-0.0731333695197086,600831.2760775876,11175.160018028404,0.6233024973181951,79.0,2.3225483894348145
DQN,3,39.0,-0.17003481157588762,645965.5977412028,12404.265399880527,0.612937500768825,83.0,1.8954930305480957
DQN,3,40.0,-0.05886745474870206,478788.93437693024,15162.203046066477,0.6413177462115217,87.0,3.3894553184509277
DQN,3,41.0,-0.012732540952721368,465596.6023770357,14469.795610066794,0.6161829355280104,83.0,1.7032896280288696
DQN,3,42.0,-0.0375986042627036,468363.967835012,14616.306679160047,0.6211028267636759,81.0,2.730515241622925
DQN,3,43.0,-0.027234733117791454,461917.02057427505,14285.313946221946,0.6208360606406137,83.0,3.2945525646209717
DQN,3,44.0,-0.15461758435875333,615616.2045115597,11918.450470142632,0.6349617708663188,77.0,5.782325267791748
DQN,3,45.0,-0.1844484059669809,521847.73769462213,18531.393019340387,0.6108157464076677,87.0,3.4698941707611084
DQN,3,46.0,-0.12313738492191945,432760.12193527614,20098.087385348925,0.613807712695617,93.0,2.1264548301696777
DQN,3,47.0,0.03802379544987347,456493.0979920397,13023.923718271726,0.6293860595836775,81.0,4.684381484985352
DQN,3,48.0,-0.006193577860651345,406888.87910835847,15839.748221005373,0.6369002989903049,85.0,4.573855400085449
DQN,3,49.0,0.044536523646308224,477724.1600200231,11495.512257805936,0.6168730013185791,83.0,2.096019744873047
DQN,3,50.0,-0.010382393602261761,416165.9307879963,16238.111542758268,0.6345004354247435,83.0,2.0556087493896484
DQN,3,51.0,-0.14276450095539028,470079.81771270564,17473.27701527197,0.605251947048407,89.0,1.9316871166229248
DQN,3,52.0,-0.025106394905027845,535057.4305399474,11641.120761277025,0.6428081878246182,75.0,1.6124298572540283
DQN,3,53.0,-0.07311651637660474,491046.8482379818,15529.670302676564,0.6143907849444813,83.0,2.081998586654663
DQN,3,54.0,-0.05060323150291404,500380.4659239579,13678.476267866285,0.6163278771006299,85.0,1.4383535385131836
DQN,3,55.0,-0.249079951536802,641659.6185183536,14776.702968493879,0.6051354889018548,87.0,1.6714370250701904
DQN,3,56.0,-0.06140114198718194,470131.49040439544,14754.006324147997,0.6374742163317463,83.0,1.547062873840332
DQN,3,57.0,-0.15801917287102724,652974.6213768952,11333.022437812568,0.640725458668888,77.0,1.0546479225158691
DQN,3,58.0,-0.23556193849426513,532736.7913622971,18180.284226357886,0.609195680998368,93.0,0.9327804446220398
DQN,3,59.0,-0.06622789622051715,526993.7187775444,13670.038463465578,0.6170441964495176,85.0,0.4635593295097351
DQN,3,60.0,-0.020770733885023103,485097.58492111217,13805.303153710965,0.6176936545063589,81.0,0.7356052398681641
DQN,3,61.0,-0.018613006889211917,517727.1285994353,12405.52855132102,0.6333649741676602,81.0,0.6793579459190369
DQN,3,62.0,-0.1028517304833189,493950.85391407285,16191.834693119816,0.6225513895834435,87.0,0.7212813496589661
DQN,3,63.0,-0.09370774878320155,482023.29970596015,16629.892956074633,0.6188685796134575,87.0,0.921790599822998
DQN,3,64.0,-0.07241748424304892,485122.5992983587,14732.93947109345,0.6263507222121929,85.0,0.6062604784965515
DQN,3,65.0,-0.16825115124846984,551305.841653661,15801.347832352625,0.6241098387499582,85.0,0.33741867542266846
DQN,3,66.0,0.021189399601598935,477823.40061428596,12729.034737437369,0.6294270497326572,81.0,0.5739760398864746
DQN,3,67.0,-0.06062119804130006,465477.4950487388,16124.2847438984,0.6217734174579271,89.0,0.6641696691513062
DQN,3,68.0,-0.13163285979048714,536089.6203645106,15519.4906604685,0.5924716744853654,91.0,0.37017107009887695
DQN,3,69.0,0.05171577037018606,453366.0774439659,12004.732755242832,0.6284569689130332,77.0,0.5115551352500916
DQN,3,70.0,0.03124630771650366,416550.77008855494,15187.419406544415,0.613838256063891,85.0,0.25275540351867676
DQN,3,71.0,0.027031046870220524,417605.3243516905,15112.93366135931,0.6313400939089897,83.0,0.33711230754852295
DQN,3,72.0,-0.010070067158810788,589002.4091632875,9956.841587697892,0.6192288440320368,77.0,0.5472108125686646
DQN,3,73.0,0.034124003273520276,435548.4651399142,14093.622198673567,0.6053620168374226,85.0,0.39478927850723267
DQN,3,74.0,-0.14242466799164535,635000.7686244448,12168.563143937397,0.636607253255947,79.0,0.1519540697336197
DQN,3,75.0,0.03631233231335251,502753.2372333769,11019.44286881252,0.6232533927367698,81.0,0.3846719264984131
DQN,3,76.0,-0.02082044925519241,491309.790971361,13396.740430670216,0.6446435477324527,79.0,0.27013975381851196
DQN,3,77.0,-0.14890585866926045,600194.9589763683,12671.698005952823,0.6249585459585255,83.0,0.28616392612457275
DQN,3,78.0,-0.14172055522296514,593921.3842193928,13011.826530314112,0.6243575501757355,83.0,0.1733607053756714
DQN,3,79.0,-0.09608766171154537,620909.3739394294,10882.178199666101,0.6101899299929635,77.0,0.18101263046264648
DQN,3,80.0,-0.11623497294232153,462145.17506099085,15613.354097277455,0.6278507432186384,79.0,0.2819160223007202
DQN,3,81.0,-0.11338238236393934,485174.10501191905,16009.162036148693,0.6226173696595231,85.0,0.1393461525440216
DQN,3,82.0,0.11864635629684568,396267.39595287124,13151.030639881687,0.6255746710661283,81.0,0.2869367301464081
DQN,3,83.0,-0.006355715799431325,484753.8838225264,13198.775157158267,0.6123203783367906,77.0,0.21249978244304657
DQN,3,84.0,-0.1818231905559005,545764.1745306874,16379.384623240412,0.6219422892700087,89.0,0.14501360058784485
DQN,3,85.0,-0.017295633270773016,486213.2113403,13650.203465829492,0.6258437149981319,81.0,0.12635831534862518
DQN,3,86.0,0.13134081061316416,472127.3419700717,9608.316955763587,0.6391311562566051,71.0,0.05420811101794243
DQN,3,87.0,-0.012671807738357955,443581.2767429478,14664.917336264045,0.6153621102049542,87.0,0.16758686304092407
DQN,3,88.0,0.009888971701670708,505124.2769732266,11713.68424463275,0.611506482230636,77.0,0.07310237735509872
DQN,3,89.0,-20.098587176803893,503751.86918405123,14906.87109426335,0.6373352785258326,81.0,0.9006218314170837
DQN,3,90.0,0.09011693394799421,406258.15962770284,13431.107166280462,0.6290648540061619,85.0,0.09922543168067932
DQN,3,91.0,-0.18384455558020063,617417.4935292022,13698.162228756908,0.6023447474950306,87.0,0.096543088555336
DQN,3,92.0,-0.18146797674118273,597919.1261003062,13492.88905571517,0.6065499369862966,85.0,0.07990239560604095
DQN,3,93.0,0.09334854701636155,510746.05389670574,9584.70240642676,0.6204859310852245,75.0,0.06132719665765762
DQN,3,94.0,0.024459353467365417,498536.70355701627,11288.937346991552,0.632668001557406,77.0,0.6695811152458191
DQN,3,95.0,-0.040220871853274685,550369.6661385025,11206.494980247166,0.6295309226899075,79.0,0.03214314579963684
DQN,3,96.0,0.027630260053190477,420661.4283928744,14798.25427029245,0.6200884057609277,85.0,0.047309476882219315
DQN,3,97.0,-0.10517281050218301,525371.8500565818,14730.728402840612,0.6128453383042656,85.0,0.10708454996347427
DQN,3,98.0,-0.1543465207131812,605257.4845926712,13154.646605982161,0.6277372812785962,85.0,0.12794429063796997
DQN,3,99.0,-0.0016976512104742297,402201.4091631576,15798.387856510335,0.62751910346387,81.0,0.2082616090774536
DQN,3,100.0,-0.04479565259501335,480415.19226489414,14786.070800349702,0.6163175816822271,85.0,0.23231567442417145
DQN,3,101.0,0.0037661304160743186,507504.22478906135,12137.340041625752,0.6029289798051426,79.0,0.13962297141551971
DQN,3,102.0,0.09714506860696949,427136.7866043574,12410.560423928364,0.6125192310423151,77.0,0.17368048429489136
DQN,3,103.0,0.14850860010810832,390293.76021993515,11418.587134615109,0.6180306230491692,79.0,0.1319388747215271
DQN,3,104.0,-0.06759082861054541,452735.8874091467,16696.7234909612,0.6201729326612376,83.0,0.15885213017463684
DQN,3,105.0,0.11291157435732976,429831.3905853948,11604.16874154863,0.6357353288729749,77.0,0.0972302183508873
DQN,3,106.0,-0.13337180349313066,574976.9895651472,14011.882261607077,0.6361163591604954,85.0,0.5888991355895996
DQN,3,107.0,-0.040389589689921915,575755.697061242,10555.335003370017,0.6115743882986933,77.0,0.11215337365865707
DQN,3,108.0,0.046136464870573324,450920.25287810963,11745.135914268785,0.6292354170660955,81.0,0.05130099505186081
DQN,3,109.0,0.024569638629659843,465357.990295978,12702.149380453564,0.6149207892289399,79.0,0.054115477949380875
DQN,3,110.0,-0.030560710702267117,472775.3195518571,14479.939492949177,0.6262977179664644,85.0,0.054904863238334656
DQN,3,111.0,0.02444692702605722,467263.40890289244,12292.995846461166,0.60929132181226,77.0,0.05295854061841965
DQN,3,112.0,0.229755204925326,337271.1000364465,12066.436928206911,0.6280436658758317,73.0,0.028057768940925598
DQN,3,113.0,0.1272737615178826,423726.45438750216,11376.895263989387,0.6362238791626056,81.0,0.04900345206260681
DQN,3,114.0,0.10912705211451137,395495.16597829864,13165.290516335415,0.6057221339593151,81.0,0.061108410358428955
DQN,3,115.0,0.16549695967541575,422116.31542999466,10393.599463934714,0.633610534060002,75.0,0.026660270988941193
DQN,3,116.0,-0.14026857300855922,566435.1796400876,13584.303684531118,0.6177760676522475,81.0,0.03307941555976868
DQN,3,117.0,0.005736213472916564,448383.9179534265,14307.311956769538,0.6316144318203302,79.0,0.0441088005900383
DQN,3,118.0,0.06685559328260814,499111.864116688,10616.008200333654,0.6142818819117088,79.0,0.043611299246549606
DQN,3,119.0,0.03788582608907959,485444.9058951283,11839.477452321331,0.6277065454166213,73.0,0.010859817266464233
DQN,3,120.0,-0.08114986729191845,512367.3371859286,12784.147514810496,0.6176578479713968,75.0,0.6760253310203552
DQN,3,121.0,0.09263611757322458,459145.38650987076,11144.123470449831,0.636129989757494,75.0,0.02459293231368065
DQN,3,122.0,-0.004344358255863123,499053.4285882982,12237.67489512325,0.6254984081083873,79.0,0.03092382475733757
DQN,3,123.0,-0.025517937690350177,451928.7113193707,14804.461199003465,0.6285556400199771,83.0,0.022041233256459236
DQN,3,124.0,0.0853820858716677,453998.1809023643,11685.44320891269,0.6017433224109219,83.0,0.021724823862314224
DQN,3,125.0,-0.033100895545152526,494626.48475480406,13729.488525008868,0.6254653216387838,85.0,0.03561534732580185
DQN,3,126.0,0.02993470993363561,450595.4554824447,12702.213484679629,0.6310524051593097,81.0,0.035936761647462845
DQN,3,127.0,-0.07149735242043133,520371.7183218381,13821.648025222628,0.6048866338584947,81.0,0.028596626594662666
DQN,3,128.0,-0.006762997996207817,576008.1965328825,9885.960580332825,0.6207704167578196,73.0,0.020626598969101906
DQN,3,129.0,-0.04292775765419259,591530.2187717623,10596.35987212223,0.6222704190925205,73.0,0.037706658244132996
DQN,3,130.0,0.008121379347365214,475597.2156616397,12951.542639826444,0.611538449214879,81.0,0.01802654191851616
DQN,3,131.0,0.05247575742318025,513531.0561162788,10225.857931946412,0.6394951938928916,71.0,0.015229202806949615
DQN,3,132.0,0.1652646734713609,440289.1082069804,9889.096060453974,0.6342661401418836,75.0,0.010423221625387669
DQN,3,133.0,0.041495107182621706,432186.73797296267,13431.612476127193,0.617223483959727,83.0,0.011584463529288769
DQN,3,134.0,0.043127951570542056,506886.09710803116,10664.7135031941,0.6260801206353936,73.0,0.01620686985552311
DQN,3,135.0,0.013214214005790745,435528.17339008674,14703.746791951093,0.6356654879114126,81.0,0.040376026183366776
DQN,3,136.0,0.06183376685541497,520596.3333727179,9991.72511355536,0.6184694498416946,73.0,0.016609501093626022
DQN,3,137.0,-0.03373191923828744,509266.99757895386,12724.568002554275,0.6426635681697003,77.0,0.011852805502712727
DQN,3,138.0,0.05698146234503505,423964.95599099656,13631.328648929602,0.6289636608235509,81.0,0.04662153869867325
DQN,3,139.0,-0.11323837960769592,597243.0353557589,12274.09539858241,0.6242333439715646,79.0,0.012310774996876717
DQN,3,140.0,0.04419545339797744,451882.5370466598,12623.51948888585,0.6198005508977571,75.0,0.03436378389596939
DQN,3,141.0,0.06350391615077823,546200.1765759719,8394.162510436106,0.6313662612279741,71.0,0.03573837876319885
DQN,3,142.0,-0.024681641410972344,521921.59829064854,12252.209957414772,0.6300844028036212,79.0,0.030398476868867874
DQN,3,143.0,-0.017349703841845882,522816.2987872833,11855.541786956373,0.6440233026227741,75.0,0.04252322390675545
DQN,3,144.0,0.0872362703870414,461405.77057409915,11328.247445449178,0.6252556939589029,77.0,0.010364675894379616
DQN,3,145.0,0.08277175555981779,435397.9786908443,12327.69878925969,0.6302349150526763,75.0,0.031905025243759155
DQN,3,146.0,0.08089457396786062,489815.2219935276,10023.594783338234,0.6258001738917843,73.0,0.023716436699032784
DQN,3,147.0,0.1421794169348337,402274.9314545918,11496.311139699745,0.6407693954713027,75.0,0.6053329706192017
DQN,3,148.0,0.18216827911571334,497257.8074550834,7927.959433893581,0.6235966405287796,69.0,0.019006872549653053
DQN,3,149.0,0.10541256920446074,444412.2359838983,10869.25572968468,0.6232233790311351,75.0,0.603908121585846
DQN,4,0.0,-0.20311034696893543,476553.3696206011,14481.3537863275,0.5838302172974337,83.0,
DQN,4,1.0,-0.006403720404156817,394195.0124518481,14755.964713751864,0.5676999378891412,85.0,
DQN,4,2.0,-0.15733976845382427,519397.1967970224,13784.230296997526,0.5770811711811982,83.0,
DQN,4,3.0,-0.03787893527402201,467186.45855970104,12137.255613586862,0.5929679634698882,79.0,
DQN,4,4.0,0.024956942268469125,360456.21887087764,15541.953213589602,0.5817671930111301,83.0,
DQN,4,5.0,-0.08114900750375004,471374.32242305274,13539.532023538392,0.5714900352094878,77.0,
DQN,4,6.0,0.09834585864308172,355432.0814450223,13304.203067455777,0.5594422821730912,83.0,0.05736323073506355
DQN,4,7.0,-0.141200798166147,497140.41013566876,14739.498173226215,0.570588059566164,75.0,0.04838917776942253
DQN,4,8.0,-0.31670798293754227,582248.7039880122,17348.753623251207,0.5694635893894187,87.0,0.06986460834741592
DQN,4,9.0,-0.11423460426120202,474968.5958998715,14115.535298816563,0.5759061205341454,83.0,0.05387624353170395
DQN,4,10.0,-0.23539796114165362,535431.6326028425,13501.26558252432,0.5752342925300247,75.0,0.0965338945388794
DQN,4,11.0,-0.10815347073173798,523724.4898800619,12419.997729482924,0.5913506984666513,77.0,0.1569681316614151
DQN,4,12.0,-0.05003945055142155,426263.8797532842,14593.255283645545,0.5800281235322322,85.0,0.21601878106594086
DQN,4,13.0,-0.18644824200789897,527196.8671351713,14470.565262229538,0.5748326306177703,81.0,0.12385396659374237
DQN,4,14.0,-0.11163992543736374,472037.79019998736,14541.204870956235,0.577486725317057,79.0,0.16117219626903534
DQN,4,15.0,-0.2781990593877684,464185.432150101,19914.25499134173,0.5738504120909305,85.0,0.2545425295829773
DQN,4,16.0,0.00425098128580707,391940.11962620856,14446.059778989455,0.5791540212516066,81.0,0.2924652397632599
DQN,4,17.0,-0.2012547604343718,416708.4799127694,21906.097292768627,0.5809237701268739,87.0,0.25762152671813965
DQN,4,18.0,0.023030565881494592,384574.231822922,14285.929647769097,0.5831083656731564,81.0,0.6931133270263672
DQN,4,19.0,0.030605752425133234,377837.71506865777,14345.918363465029,0.5771099336353319,79.0,0.7571642398834229
DQN,4,20.0,-0.13565100230403743,520501.0030742854,12685.47011913569,0.606344609707192,77.0,1.0127631425857544
DQN,4,21.0,-9.941381958529826,420695.17020686885,11282.648542252498,0.5825242144104812,76.0,2.005401611328125
DQN,4,22.0,-0.2827493846112318,517580.649103928,18281.323386467317,0.5877969475355586,85.0,2.1554791927337646
DQN,4,23.0,-0.03957974907501934,425156.2346480787,13979.224253443352,0.5700724938660483,83.0,1.4958679676055908
DQN,4,24.0,-0.10338166745007989,461624.15396423714,14608.396815747163,0.5661332639004591,83.0,1.9940547943115234
DQN,4,25.0,-0.15348517449797064,434930.9028301328,18102.33216428405,0.5649384375787901,87.0,1.9786099195480347
DQN,4,26.0,-0.15386052632520017,486367.7153088994,15104.208646436247,0.5796521075132286,83.0,0.7594226598739624
DQN,4,27.0,-0.031598486112594464,445735.1506038458,13122.078756297475,0.5918817082594207,81.0,3.8114795684814453
DQN,4,28.0,-0.06666715643353008,448584.4226971112,14395.774763552998,0.5686864483086596,81.0,2.009324073791504
DQN,4,29.0,-0.0571067608472056,384678.4692010848,14929.709326651271,0.57719548909031,79.0,3.4670753479003906
DQN,4,30.0,-0.1226620221070937,460631.0051945584,15723.767444119356,0.5848369451343772,81.0,1.9328914880752563
DQN,4,31.0,-0.03336914229821485,399872.33246768516,15764.07132045865,0.5701544684115148,87.0,2.0889222621917725
DQN,4,32.0,0.009009699550727793,406132.52446714,13162.357257346097,0.5931648796769896,83.0,2.101752519607544
DQN,4,33.0,0.09032404884652388,367003.73942764587,12944.017070960319,0.6019249716527384,77.0,2.46411395072937
DQN,4,34.0,-0.12666157927150185,493233.075375558,14181.140740238987,0.586855624871551,79.0,4.558685302734375
DQN,4,35.0,-0.043726782652319364,459941.10108968895,11555.368791436513,0.5752793034656722,73.0,4.831242561340332
DQN,4,36.0,-0.08777866141813173,439286.68833222846,15569.82668029125,0.5646163488032752,83.0,4.442165374755859
DQN,4,37.0,-0.0025030031667572054,400843.585148752,13633.40360410922,0.586691422999426,77.0,4.477169513702393
DQN,4,38.0,-0.04041325539217931,430317.7372897004,13841.721170591463,0.5894470814610518,85.0,1.847722053527832
DQN,4,39.0,0.007725235645333433,331605.8176833883,18674.348414147258,0.5853829099671222,83.0,7.03199577331543
DQN,4,40.0,-0.012170509728794516,368323.36642417125,16952.49976939507,0.5771599853300657,87.0,4.934366226196289
DQN,4,41.0,-0.07049159756865918,431380.87461556186,14670.987721220312,0.5843064254225097,81.0,8.428140640258789
DQN,4,42.0,-0.022379878520804954,419614.76124492864,14180.104079604576,0.5652721655547962,79.0,7.771152019500732
DQN,4,43.0,-0.09547465670777856,449290.9955210961,15476.74160352308,0.5637181598248061,89.0,8.098012924194336
DQN,4,44.0,-0.06939307061980207,431310.46532576403,15409.593290914741,0.5667633995992777,83.0,6.02120304107666
DQN,4,45.0,-0.15698404311060235,521851.74656733026,13002.751719082422,0.5972148588174399,79.0,6.253985404968262
DQN,4,46.0,-0.14726604977402485,525759.0043734759,13082.627687941198,0.5924807887810402,83.0,5.68100118637085
DQN,4,47.0,0.12398861874136521,334330.00551503734,13709.964800297163,0.6026116365335582,75.0,3.561178684234619
DQN,4,48.0,-0.04116132877152067,409129.6845229944,15007.764058811921,0.5887916345955054,83.0,2.152540445327759
DQN,4,49.0,0.042071387614661206,341266.05892406305,16197.310418439763,0.573506444455443,83.0,2.285479784011841
DQN,4,50.0,-0.27381486039782843,519434.42381477973,19013.01011416807,0.588951685020376,89.0,2.7248620986938477
DQN,4,51.0,0.03430014297846445,406780.14729263633,12948.61727118729,0.5768350524413314,79.0,2.669487953186035
DQN,4,52.0,-0.08556989301505302,433704.8974494783,15804.950763433255,0.5725386859842452,83.0,2.6586763858795166
DQN,4,53.0,-0.1529473741032286,420824.71749881946,18344.245430073108,0.5891252241513726,85.0,1.5233633518218994
DQN,4,54.0,-0.06993184723258206,454796.80914061185,13942.669330152889,0.5764714672863721,83.0,2.9507205486297607
DQN,4,55.0,-0.04827438909650154,425320.214534827,14980.313057004327,0.5776681230230767,83.0,2.812570810317993
DQN,4,56.0,-0.08061553197218266,412295.78570868674,16766.277045003135,0.5901987799819336,79.0,1.7230998277664185
DQN,4,57.0,-0.014639390247557931,357110.9920302158,16207.59304949999,0.5746828028799424,81.0,3.0272414684295654
DQN,4,58.0,-0.030181498219450598,359891.1929463043,18156.74444288631,0.5920146468865767,85.0,1.8436081409454346
DQN,4,59.0,0.13948007020816805,352496.3363728153,11887.610096050124,0.5842492550795231,75.0,1.9518345594406128
DQN,4,60.0,-0.08696273932894286,441786.55832134275,15276.482612568605,0.5677148295931344,87.0,1.6042028665542603
DQN,4,61.0,-0.0445528873199455,431962.1067211281,13474.35787458255,0.5853857051261961,79.0,2.3180935382843018
DQN,4,62.0,-0.16962454677231148,478977.9657091165,16615.718911451248,0.5818586477060643,85.0,1.4447225332260132
DQN,4,63.0,0.05306253874634413,372457.3357893731,14120.452343832316,0.5719057208456709,83.0,2.88478422164917
DQN,4,64.0,-0.02060141974624795,456240.1528687242,12262.865977926354,0.5851399251115474,79.0,1.5392627716064453
DQN,4,65.0,-0.06079659695534757,423564.9283698856,14936.119380507891,0.5775434416726896,83.0,0.6572131514549255
DQN,4,66.0,0.08177651206031843,376612.10072486824,12817.363171577708,0.5877791899448864,77.0,1.6988552808761597
DQN,4,67.0,-0.15189722093644836,407439.3457181473,20335.92216298026,0.5722255473619571,83.0,1.7578037977218628
DQN,4,68.0,-0.08020862953950594,471407.16195059876,13340.46232488121,0.5726141220286567,81.0,1.2506495714187622
DQN,4,69.0,0.1078845015652991,369514.3051144439,11804.30430811492,0.5870224398440224,75.0,1.7253096103668213
DQN,4,70.0,-0.08883007516951888,523640.26475818036,11373.921577826868,0.60070892267075,79.0,1.8806703090667725
DQN,4,71.0,0.0801887614662156,404276.54657024215,11635.94985718552,0.5662630219670396,75.0,2.364391565322876
DQN,4,72.0,-0.20939736911906626,469627.09127484314,18775.263715676057,0.5732294945896139,87.0,1.7768409252166748
DQN,4,73.0,0.06475214419643269,415428.3069474543,11619.686950487565,0.5826401962970992,79.0,1.0572808980941772
DQN,4,74.0,-0.05628794123017243,467842.97407347534,12557.714104733497,0.5637256846550532,79.0,1.488085150718689
DQN,4,75.0,0.030343452668243977,421569.23342193913,12141.611981689617,0.5866561798144468,77.0,0.6654978394508362
DQN,4,76.0,0.004753591438157024,371260.3282257088,15756.988711057476,0.5674180760837989,87.0,1.1094698905944824
DQN,4,77.0,-2.567050328571019e-05,404364.6436668798,14165.348381908532,0.576071332367741,79.0,0.6764625310897827
DQN,4,78.0,0.09310799560540745,332096.18411440856,14993.563276053666,0.5700228256724441,85.0,1.5584449768066406
DQN,4,79.0,0.11882768774376942,366989.4713002106,12154.932057028253,0.5843207552036442,73.0,0.9918037056922913
DQN,4,80.0,-0.054197791464818616,462271.9631372352,12889.472007372879,0.5873285850194049,81.0,1.106284737586975
DQN,4,81.0,0.09140632030188064,347079.8166702052,13892.65958950029,0.5716706534340451,83.0,2.0099596977233887
DQN,4,82.0,-0.13070861127779615,428772.4458515175,18022.291711231377,0.5890642775581615,83.0,2.1823601722717285
DQN,4,83.0,-0.061688390135944016,466709.2423676671,12869.715537272841,0.5910190240645357,77.0,1.9418634176254272
DQN,4,84.0,-0.047316505360406824,394815.6037562622,16692.29129712125,0.5785777015873697,85.0,2.587890148162842
DQN,4,85.0,-0.14979535999234575,540967.8050892504,12506.100087168712,0.5879721089431911,81.0,3.124006509780884
DQN,4,86.0,-0.16842852322042984,413396.88501814904,17478.624117175925,0.5746039356316923,87.0,1.9450266361236572
DQN,4,87.0,-0.09525695838522603,430432.84967119363,16249.37016462059,0.5831242094122401,81.0,4.0416364669799805
DQN,4,88.0,0.05490850057603497,430957.3411797361,11118.683713291375,0.5902590978642406,77.0,2.3025336265563965
DQN,4,89.0,-0.21586741090249345,533294.1992940118,15200.482850535911,0.5768475058239759,85.0,2.4955246448516846
DQN,4,90.0,0.015593621199560466,427237.8918218694,11898.046945114265,0.5854844289855576,81.0,3.6841554641723633
DQN,4,91.0,0.00556941965382521,399785.0845054014,13333.260276945173,0.5834923663603472,81.0,3.2883455753326416
DQN,4,92.0,-0.0023615626665866446,388287.5110915627,15292.647756864248,0.5882162128661677,89.0,3.3627729415893555
DQN,4,93.0,-0.046819510012603024,484635.58255734463,11676.324347604404,0.5878532579558879,81.0,1.949604868888855
DQN,4,94.0,-0.06928343214674677,478970.3425280888,12976.023580880845,0.5862395266874846,81.0,2.942157030105591
DQN,4,95.0,-0.1506785596413061,471256.37690056046,16256.363581963931,0.573730785519561,83.0,2.38266921043396
DQN,4,96.0,-0.06287868853045563,417297.43729044934,15920.239512775992,0.5925190236884402,87.0,0.9743862152099609
DQN,4,97.0,-20.05379146366786,434848.1801676135,14501.666597837146,0.5819617017074762,79.0,2.2632579803466797
DQN,4,98.0,0.018003094228125155,417883.120499913,12941.124941070615,0.5930436805750399,77.0,2.731797456741333
DQN,4,99.0,-0.29584397072554297,496427.46039454296,20819.169766683855,0.5715333033439036,85.0,2.0128397941589355
DQN,4,100.0,-0.028951178656079418,427797.60961372935,13518.969534172174,0.5671152462647286,85.0,2.613744020462036
DQN,4,101.0,-0.10069234892084858,409598.8568839207,17030.124384738796,0.5958174094229618,83.0,1.2070176601409912
DQN,4,102.0,-0.24295370439290456,530631.7566849431,16272.511253111594,0.5789112052744428,87.0,1.062337040901184
DQN,4,103.0,-0.15202331864877036,460747.04394174804,14813.827239979526,0.5773659062441141,85.0,1.3021717071533203
DQN,4,104.0,-0.06573411237384222,443527.55433096195,14153.488231439957,0.5698108547282098,83.0,0.5115834474563599
DQN,4,105.0,-10.056080868583457,441669.2025439398,13494.644600332587,0.5949020313405813,76.0,1.1620150804519653
DQN,4,106.0,-0.01139564289319001,345948.14388423343,14510.621807832724,0.5620251042499488,81.0,0.9025660157203674
DQN,4,107.0,0.06178345510895338,418061.07985839987,11371.36092736826,0.6064000240652146,77.0,0.5948087573051453
DQN,4,108.0,-10.098802504218908,489266.80654858623,13425.86999774349,0.5698729121378291,78.0,0.7413095235824585
DQN,4,109.0,0.06982352085175908,419290.2027281942,11205.087055162465,0.5763284542832285,75.0,0.4510578513145447
DQN,4,110.0,-0.0035879144887940168,417676.57655767247,12981.374290804319,0.5923684842760742,77.0,1.2899155616760254
DQN,4,111.0,0.05525725460298851,385562.42975253524,13158.815503535518,0.5857203137596844,77.0,0.4007906913757324
DQN,4,112.0,-0.007528672450250784,429317.92899458937,12972.871105256914,0.5926550731838125,81.0,0.3265617787837982
DQN,4,113.0,-0.05300503432146426,442644.031169825,13861.91361726486,0.578758464582759,83.0,0.6066787838935852
DQN,4,114.0,0.051284660531002856,365035.72931856953,14492.812501651219,0.5924071048357781,83.0,0.6784330010414124
DQN,4,115.0,0.024932296553557116,356408.63612787303,15715.146225115941,0.578540688118675,75.0,1.1312530040740967
DQN,4,116.0,-0.06073358717371434,462195.2337319563,12315.02902014384,0.5684628563677125,79.0,1.0013353824615479
DQN,4,117.0,-0.02288547901084024,460288.56929110136,12216.506090840243,0.5708047190296068,79.0,0.9743784666061401
DQN,4,118.0,0.029318574528206666,351021.35569283064,16136.118033046803,0.5755312133607664,83.0,0.37609919905662537
DQN,4,119.0,-0.02389186731578286,427423.7444738309,13451.211185750515,0.5868020258948445,83.0,1.0364669561386108
DQN,4,120.0,-0.10373623969071238,466222.3594857567,14683.068508245642,0.5848864623980865,81.0,1.0466657876968384
DQN,4,121.0,0.023707637450934883,461093.0798467426,10828.141178387506,0.5589955440239482,81.0,1.0858453512191772
DQN,4,122.0,-0.034558984989141096,488505.0924692434,11294.139802580774,0.582329783998468,77.0,0.7736153602600098
DQN,4,123.0,-0.0564193958566721,444497.1186378058,14246.68222109202,0.603669273323937,77.0,0.8178836107254028
DQN,4,124.0,-0.005710497908444609,429289.750476108,12979.48556362076,0.5830814535474581,79.0,0.4646087884902954
DQN,4,125.0,-0.11733141902908928,480090.4263848209,14552.882741734751,0.5880328573978271,79.0,0.2560577094554901
DQN,4,126.0,-0.06321263508146874,383191.95081435045,17734.529806600593,0.5787151793950156,87.0,0.405976265668869
DQN,4,127.0,-0.022239715254759075,405924.0156474716,14608.496444735818,0.5874130065732711,77.0,0.3384464383125305
DQN,4,128.0,0.0615475365614519,343524.1513868365,14937.385903847575,0.5791387754105205,83.0,0.37426280975341797
DQN,4,129.0,0.20835846323104865,366078.07554085116,9808.970716682472,0.5981651984602814,75.0,0.16782404482364655
DQN,4,130.0,-0.08506343060637248,475033.4307973947,12886.505064446064,0.5718580467998144,81.0,0.2945823669433594
DQN,4,131.0,0.08264734720480876,359028.9696655374,13347.616719613641,0.5658808257004824,81.0,0.25608572363853455
DQN,4,132.0,-10.08747462249502,468630.8692509221,14060.075621307318,0.585494374369641,78.0,0.33621469140052795
DQN,4,133.0,-0.018186641622783932,432661.04236001323,12187.153729161986,0.5820405322784155,75.0,0.3662785291671753
DQN,4,134.0,-0.1397946657086776,457407.3893094442,16347.459985496163,0.568554760105075,83.0,0.2274816632270813
DQN,4,135.0,0.0013865388352163706,428368.0440114376,12940.327104970822,0.5799920499223231,79.0,0.1985391527414322
DQN,4,136.0,-0.19663718145842884,528131.3652687517,14877.396879822614,0.5784592637108529,79.0,0.14058159291744232
DQN,4,137.0,-0.13619858948750108,447072.4945652344,15639.32234826105,0.5789812349633952,81.0,0.15569362044334412
DQN,4,138.0,-0.01980371666953198,337045.6060309551,15832.017108613334,0.575587578709712,81.0,0.46789640188217163
DQN,4,139.0,0.05496408852254586,319605.9496962865,15882.007380423409,0.5714056106744987,79.0,0.07300609350204468
DQN,4,140.0,0.056948258157714135,399909.40133306285,12422.063893906186,0.5712756088550652,77.0,0.16711485385894775
DQN,4,141.0,0.12677524468492357,397334.394621627,10483.130552292614,0.583705989919894,71.0,0.11308639496564865
DQN,4,142.0,0.08827537520522685,370872.601067546,12435.46905867341,0.5817104529247236,75.0,0.0765179842710495
DQN,4,143.0,-9.985048762118065,450448.0203729327,11574.77340561628,0.577441454241901,76.0,0.027092471718788147
DQN,4,144.0,0.12334439945311094,412908.00637688715,10119.759007813473,0.5951442690792806,73.0,0.20294667780399323
DQN,4,145.0,-0.0855723054326558,475189.2832181321,13641.374123738377,0.5874423703334734,77.0,0.11791245639324188
DQN,4,146.0,-0.09085503738386526,427526.5291701957,15948.285652169063,0.5721843065180298,87.0,0.3188822865486145
DQN,4,147.0,-0.0467840665657416,504464.64949846047,10029.000474471537,0.5761002057886361,75.0,0.04912577196955681
DQN,4,148.0,0.09892179358023455,343237.1105838402,12919.495399194999,0.6066933967192001,75.0,0.3730100989341736
DQN,4,149.0,-0.05512150405338755,464564.2043693229,11865.812210357439,0.5947381362599663,77.0,0.10559350252151489
DQN,5,0.0,0.023317443704623637,453055.78465099685,15963.768823445342,0.6706824942419607,85.0,
DQN,5,1.0,-0.07949477350884447,476413.84097569215,19477.39254303973,0.6696909422358281,83.0,
DQN,5,2.0,-0.013914866386023909,523983.00221996347,14551.008961670079,0.6608272595375551,83.0,
DQN,5,3.0,0.05647725788821381,450921.8048370171,15335.522416177342,0.6805227816121718,85.0,
DQN,5,4.0,-0.11643440181940357,632209.3647066884,13959.941053234697,0.6783791112330068,77.0,
DQN,5,5.0,0.10957898892403167,414077.02353950817,15105.193896140001,0.680635461991009,85.0,
DQN,5,6.0,-0.12261173106789788,512387.43705173425,19067.01803843572,0.6675162174262559,87.0,0.14468631148338318
DQN,5,7.0,0.1328850444602615,437962.4802652645,12919.263482415248,0.6557663594354848,81.0,0.04883628711104393
DQN,5,8.0,0.009521619138618934,494645.57728601573,15144.007897622576,0.6790477873448935,83.0,0.10773453116416931
DQN,5,9.0,-0.02034074427512094,503146.9051120827,15776.496605733606,0.6626483735516235,87.0,0.17028973996639252
DQN,5,10.0,0.050460614972082,505629.1953892554,13161.886822127728,0.6832961764285896,79.0,0.15956582129001617
DQN,5,11.0,0.002259316713809901,471143.9385413235,16344.558152358424,0.6583171645224344,85.0,0.26410284638404846
DQN,5,12.0,-0.13947338407137763,594008.5697311889,16327.414550933037,0.6534139913638096,87.0,0.3441205620765686
DQN,5,13.0,-0.05355093933155729,482693.49419918575,16503.59024443509,0.6795101064739509,85.0,0.4015911817550659
DQN,5,14.0,-0.008428369504970671,438495.8524505401,18078.04676991254,0.6843801579152803,87.0,0.7254471182823181
DQN,5,15.0,-0.05809510459147785,466464.10448075156,19289.8197433095,0.671272803846048,93.0,0.8979431986808777
DQN,5,16.0,-0.06605765246419319,479122.2848525442,19022.149461211287,0.6654152875863382,87.0,0.6613406538963318
DQN,5,17.0,0.036698365330960256,517728.3105757189,13149.924607579742,0.7016906287067831,81.0,1.2074317932128906
DQN,5,18.0,-0.04692493432921274,508168.13815537986,16468.901065673643,0.6625063457832686,87.0,1.2040109634399414
DQN,5,19.0,0.047771096271284855,510102.43735463696,12598.70323710557,0.6770824303311825,79.0,0.8153649568557739
DQN,5,20.0,0.12086577126789,403846.90895259863,15190.780941343606,0.6669677441489812,81.0,1.0143500566482544
DQN,5,21.0,0.05699553800388328,425031.3421581098,16550.761763661387,0.6746769749364551,89.0,1.440117359161377
DQN,5,22.0,0.04082699571618419,424682.8026421577,17177.887695724537,0.6792079289353943,85.0,1.8562581539154053
DQN,5,23.0,0.11343505655202306,444745.1849594191,13383.595656901232,0.6789086076820827,79.0,1.0736067295074463
DQN,5,24.0,0.03910071145632463,454100.76455206645,15774.25303220114,0.6878306697616853,85.0,1.0959606170654297
DQN,5,25.0,-0.04824644733078194,454246.1920041042,19346.058117524135,0.6770275466322517,87.0,1.8312560319900513
DQN,5,26.0,0.040641717155616194,492857.7295593387,14002.908101120946,0.6482943576361374,79.0,0.9161511659622192
DQN,5,27.0,0.01489019130084564,424957.00009954814,18176.388541355263,0.6735367609045158,89.0,1.7765506505966187
DQN,5,28.0,-0.015001392081308799,518970.23203856446,14102.858040244117,0.6720071217994121,81.0,1.3339403867721558
DQN,5,29.0,-0.024105920719695577,489440.02425023675,16106.231717404304,0.6864794994328366,83.0,1.8973618745803833
DQN,5,30.0,0.0830762276005306,383850.0853895285,17231.01077285324,0.6929973150437858,85.0,1.8585269451141357
DQN,5,31.0,-0.024767179373139644,531147.13804916,14733.52782554365,0.6724962550158338,83.0,0.8064262270927429
DQN,5,32.0,-0.08138635554650031,525986.388349693,16989.26251285795,0.6932691791469215,87.0,1.134369969367981
DQN,5,33.0,-0.046929599607023545,601983.2062103833,12700.541353339218,0.6719902571657446,77.0,3.4535372257232666
DQN,5,34.0,-0.07831328913112055,510774.4537173718,17899.85958424276,0.6983161563368382,89.0,2.43511700630188
DQN,5,35.0,0.08193428851844209,452938.7326268725,13742.634062792698,0.6779434395199159,79.0,3.407031297683716
DQN,5,36.0,-0.09324327872655552,543967.9556300574,16869.675209389705,0.6735675309639527,87.0,2.6437482833862305
DQN,5,37.0,0.03993627856790061,540909.5373086229,12118.432565145955,0.6668487921365982,77.0,3.3101885318756104
DQN,5,38.0,-0.014861120842016112,428950.2608304069,19175.335638555203,0.6596287132223901,85.0,2.770813465118408
DQN,5,39.0,-0.15674564106843739,640824.8283757138,14547.715108327826,0.669941926592945,83.0,0.9410006403923035
DQN,5,40.0,0.03101450673085726,492939.4778912975,14404.454014999099,0.6603382562059658,83.0,1.2652387619018555
DQN,5,41.0,-0.07839403810098498,465400.5287022117,19863.37735549093,0.6952010698468457,89.0,5.227392196655273
DQN,5,42.0,0.018475951367788956,517287.6280648561,13589.76703485537,0.696247828785014,81.0,5.172444820404053
DQN,5,43.0,-0.0170878313407724,450471.16770793725,18279.261592156174,0.6725486448536013,89.0,5.561506271362305
DQN,5,44.0,-0.02654756395892252,488314.3336001392,16187.489575316355,0.6968110123772308,85.0,4.7937822341918945
DQN,5,45.0,0.0945170541314282,429206.2976801682,14780.397121946407,0.6783512608745911,81.0,3.057101011276245
DQN,5,46.0,-0.0368504175630346,532979.494196367,14974.207687365479,0.6934567316493002,81.0,3.351823329925537
DQN,5,47.0,0.05442122741400698,419409.2893660306,16761.964842967114,0.6637147154512251,89.0,3.791800022125244
DQN,5,48.0,0.06304436071431417,423117.98585860454,16222.962272329854,0.6708535884731456,85.0,3.008794069290161
DQN,5,49.0,0.03496686320034873,517419.41487466526,13225.71508381368,0.6919770172774509,79.0,2.2652595043182373
DQN,5,50.0,0.005906044309565641,446560.23796049744,17411.968515236662,0.6612881229243375,83.0,2.1424005031585693
DQN,5,51.0,-0.06267517807273398,449020.0464335887,20408.764581925723,0.6776943508571088,91.0,3.657886028289795
DQN,5,52.0,-0.01219394782201753,460468.98212127923,17634.657942968308,0.6822993322843025,89.0,2.9206342697143555
DQN,5,53.0,0.09005912541366656,437653.4692549184,14704.199770332887,0.6763671266175859,85.0,2.7262167930603027
DQN,5,54.0,-0.003391945569314169,547947.941512706,13136.899753498308,0.6656021974657714,83.0,2.076747179031372
DQN,5,55.0,0.11751436059853859,408761.1786377998,15088.41402764601,0.6720174896728007,85.0,1.518174171447754
DQN,5,56.0,-0.05267250989386419,502967.749087142,17207.843290688485,0.6859490416564963,83.0,1.1319198608398438
DQN,5,57.0,0.06989045654287623,441795.05957794294,14992.887223913007,0.674552651403796,83.0,0.929478645324707
DQN,5,58.0,-0.2444355087871459,655497.0950185229,17766.94040101382,0.6948057537446657,83.0,1.230074167251587
DQN,5,59.0,-0.04257161976978131,480619.3510862044,17665.927129740223,0.6692945560270683,89.0,1.1961708068847656
DQN,5,60.0,0.01866020299432606,446038.9308739468,16931.01175001618,0.6852286220013302,85.0,0.7963452935218811
DQN,5,61.0,-0.06420379186649507,464606.45003150625,19312.270933889562,0.6825168406756865,91.0,1.1746575832366943
DQN,5,62.0,0.05011632389072555,461102.59527323616,14623.388857176808,0.6867288359677903,83.0,0.8559374809265137
DQN,5,63.0,-0.02091546962591958,467271.11829568376,17453.088890892996,0.6644336267896541,89.0,1.2954987287521362
DQN,5,64.0,-0.016848980460096905,430192.1404147325,19336.68440663118,0.6589786950101637,93.0,0.9780329465866089
DQN,5,65.0,-0.018560806363386105,460258.4265993147,17887.829365645666,0.6877298156130962,89.0,1.124444842338562
DQN,5,66.0,0.05900893918327326,429666.0349112787,16322.547159885395,0.6616743431862581,83.0,1.0610586404800415
DQN,5,67.0,-0.11871143646195603,505930.5660452487,20140.72748209119,0.6646089741465,95.0,1.3269740343093872
DQN,5,68.0,0.06907765289337933,459144.6044294173,13961.363723897022,0.6826651110992391,81.0,0.8041350245475769
DQN,5,69.0,-0.0076287711728765945,439841.6382903247,18569.072425730144,0.6725483005229452,91.0,1.1721761226654053
DQN,5,70.0,0.035674725950711465,456292.52397715213,15796.309018525422,0.6667793407465895,89.0,0.776975691318512
DQN,5,71.0,-0.014647134954588852,531966.5130859154,13995.023842904582,0.6965165205708624,81.0,3.2799930572509766
DQN,5,72.0,-0.10137369292827172,502587.94381152355,19330.393535452262,0.6621034467552007,91.0,3.057962656021118
DQN,5,73.0,-0.0860310153780214,494061.8047080913,19172.8097506583,0.6724082433627999,91.0,2.6127443313598633
DQN,5,74.0,-0.01849376003368091,496365.01794794,16059.744412064234,0.6812333161999807,91.0,3.909062147140503
DQN,5,75.0,0.005688579846247377,444779.7705481559,17652.246326460663,0.6592370275291057,91.0,1.408892035484314
DQN,5,76.0,-0.03738003313342962,493621.2303688086,16982.621224696202,0.6620195749689133,89.0,4.101810455322266
DQN,5,77.0,-9.999742752063996,485692.239914826,14724.009366681668,0.6762447228040179,88.0,3.1562483310699463
DQN,5,78.0,-0.12672619168156432,561996.3011787948,17088.460491165413,0.6733608913430986,85.0,3.051109790802002
DQN,5,79.0,-0.053411712604344255,531563.1335816775,15270.803929155612,0.6653067722006735,87.0,3.6845345497131348
DQN,5,80.0,0.08630952058165593,458160.3528639513,13710.888116171976,0.6755478717067495,81.0,4.242368221282959
DQN,5,81.0,-0.04664505634562842,477491.28165809147,18025.914376473567,0.6678461799376808,89.0,1.2810301780700684
DQN,5,82.0,0.10435137904868616,429891.42391571205,14233.261683363246,0.6836656280026762,85.0,2.2589173316955566
DQN,5,83.0,-0.10296452960790087,514347.8629750905,18848.400526016707,0.6533616001352395,89.0,0.9938257336616516
DQN,5,84.0,-0.09252543642028735,550419.8873093172,16010.103593726622,0.6790764427361397,81.0,2.1964447498321533
DQN,5,85.0,-0.01986062775004075,535677.0892218602,13181.072203873026,0.697009484265344,81.0,1.3680299520492554
DQN,5,86.0,0.12247466813342345,419176.56224441173,14206.01380451381,0.6792274607053973,83.0,2.022564649581909
DQN,5,87.0,0.08906353429463149,461343.8059932289,13509.216768485963,0.6671044318924907,81.0,1.0258543491363525
DQN,5,88.0,0.02086408554460707,513955.29375079996,13710.611809369626,0.6664876675514263,77.0,2.261240005493164
DQN,5,89.0,0.06813793967222853,388357.8660005218,18296.502082348517,0.6842209648331228,87.0,0.9786897301673889
DQN,5,90.0,0.07946716323444784,468364.30944382754,13543.049520897235,0.6898225984502928,77.0,0.9724410772323608
DQN,5,91.0,0.031778281689214115,493061.64789036906,14275.351410500009,0.6650906389599708,83.0,0.8373751640319824
DQN,5,92.0,0.02607579676993084,475452.0839388609,15159.617082078114,0.6833331174095275,85.0,1.1184850931167603
DQN,5,93.0,-0.009778860764698112,503807.3747165319,15065.175537165402,0.6877693281161489,85.0,0.9083724617958069
DQN,5,94.0,-0.03249455786239493,503326.83166437177,16055.873294258356,0.6734044357187662,83.0,1.477597951889038
DQN,5,95.0,0.10540767843152175,433841.3031682367,14173.224767537034,0.6794394990818826,83.0,1.3611500263214111
DQN,5,96.0,0.06950814650125903,484893.6896194314,13347.70200675499,0.6684894861052109,85.0,0.8049289584159851
DQN,5,97.0,0.010368082469195586,503369.13342647924,14582.570938247289,0.6724133452062027,83.0,0.8441389203071594
DQN,5,98.0,0.06446664577053166,426203.50194065983,16055.2391104738,0.678404101926604,87.0,1.0378128290176392
DQN,5,99.0,0.013249388723459841,444375.9199372506,17050.90473812878,0.6829776996260772,89.0,0.7674345374107361
DQN,5,100.0,0.1685371965970491,398453.0261948548,13597.989153425091,0.6851853858975856,81.0,0.8209233283996582
DQN,5,101.0,-0.0412336726911005,519261.48318686156,15311.101779295921,0.6792872573874971,85.0,0.6153111457824707
DQN,5,102.0,0.06177515355856249,494830.9692437602,12555.328668426018,0.6881919390953365,81.0,0.5809980034828186
DQN,5,103.0,-0.027995460509739122,526959.1094794172,14872.636194192153,0.6670508939678766,83.0,0.9525536894798279
DQN,5,104.0,0.05766279173828545,407238.66656450066,17410.65963801825,0.6684375257753932,87.0,0.60789954662323
DQN,5,105.0,0.06823091173705079,447623.9873850076,14931.280064001137,0.6779064575656423,83.0,0.2752266228199005
DQN,5,106.0,0.11529598049556306,386861.09118350275,16340.019726453975,0.6793879565866381,87.0,0.705390453338623
DQN,5,107.0,0.02277679145242829,442956.9396656714,17014.812200592933,0.6805669950227392,85.0,0.4312668740749359
DQN,5,108.0,0.012678934302648095,535804.632439831,12588.422513324938,0.6897459582491986,79.0,0.3203819692134857
DQN,5,109.0,-0.062009398997940515,514154.7952630883,16991.396135238698,0.6684836961074211,87.0,0.3962532877922058
DQN,5,110.0,0.07753381583737234,441286.2366640261,14889.438746231968,0.6919136099439711,83.0,0.3651031255722046
DQN,5,111.0,0.008700693700732237,481267.62599642976,15673.468870669354,0.6860111830922977,83.0,1.0431551933288574
DQN,5,112.0,0.16573364956587705,420471.84493115154,12838.532743674026,0.6812885415287068,79.0,0.393764853477478
DQN,5,113.0,0.06848637459420347,455455.64558011014,14569.438477002008,0.6792896718234349,85.0,0.20012417435646057
DQN,5,114.0,0.07076832560599752,424304.47452335974,15855.485017567164,0.6667959218859285,87.0,0.5488308668136597
DQN,5,115.0,0.07120458743079691,470097.42712509696,13081.751741117665,0.6743224368607326,75.0,0.24814079701900482
DQN,5,116.0,-0.021686396460617242,547395.6148049188,13526.491344933414,0.6860689863540506,81.0,0.3494236469268799
DQN,5,117.0,0.030028697494910814,496743.54360878177,13117.896962215978,0.6669250066623627,79.0,0.33710306882858276
DQN,5,118.0,0.008887654704175945,429801.05434341106,18348.536971400816,0.6847383743191551,91.0,0.2141171544790268
DQN,5,119.0,0.03364967869369534,455402.5633477455,15944.325632207838,0.6785522565775873,87.0,0.19863811135292053
DQN,5,120.0,0.07791002277591615,451394.1478094426,14087.704417676885,0.6731610245972757,81.0,0.16861413419246674
DQN,5,121.0,0.18130429749810856,436193.5322325856,11613.852930299789,0.6829783170996744,75.0,0.03858896344900131
DQN,5,122.0,0.03444244864769652,477586.28366970265,14376.650571376113,0.673724435210894,83.0,0.027839399874210358
DQN,5,123.0,0.032115947373188486,452316.64686061384,15652.734451820395,0.6692233030546032,85.0,0.7642201781272888
DQN,5,124.0,0.08987977659564866,445841.1054939198,14260.349248655133,0.6950156805337815,81.0,0.08405821770429611
DQN,5,125.0,-0.055850511691034374,493452.66640535044,17603.455299429657,0.6574368248444868,89.0,0.04234394431114197
DQN,5,126.0,0.12523813334939424,476769.2911387686,11434.313489183818,0.6854676272888178,77.0,0.060980457812547684
DQN,5,127.0,0.15816836105456547,399713.2288143831,13748.628539684436,0.6863699331572004,79.0,0.046340711414813995
DQN,5,128.0,0.1412435088426336,410426.24077341886,13942.61880825106,0.6577020978914513,83.0,0.059886932373046875
DQN,5,129.0,0.2626717835319365,377607.26800195075,11474.119404543744,0.6815070383883853,77.0,0.04124357923865318
DQN,5,130.0,0.09449105850957823,381472.1765548174,17599.198354507862,0.6619731547327373,85.0,0.035968948155641556
DQN,5,131.0,0.22572846956003487,384460.6028608445,12221.047793308382,0.6985830249344305,77.0,0.022163409739732742
DQN,5,132.0,0.020038947021146985,513949.1523578934,13820.592644902134,0.6793729731376125,79.0,0.03478265181183815
DQN,5,133.0,0.043265169614229465,463710.95659805264,15190.917495220601,0.6871501300685532,85.0,0.02435457520186901
DQN,5,134.0,0.011706698615706298,511677.07717213844,13279.912212669085,0.6965057237666987,81.0,0.03845849260687828
DQN,5,135.0,0.11633798831358964,448538.5786855427,12659.535942142402,0.6927088779400247,79.0,0.017646867781877518
DQN,5,136.0,0.05359499272005154,475237.049480974,13868.304100029463,0.6608903948574397,79.0,0.01583559438586235
DQN,5,137.0,0.14446222257631744,468184.6447536881,11626.333908831888,0.6847736966153952,75.0,0.023493371903896332
DQN,5,138.0,0.18239345837919144,422295.33348882856,12018.343927283417,0.682591507147254,77.0,0.02449861168861389
DQN,5,139.0,0.1277278642867793,444874.5652307479,12938.418109782644,0.68223192975207,79.0,0.7480255961418152
DQN,5,140.0,0.1217459973955641,372050.8442269947,17119.45363261005,0.670402224062482,89.0,0.011776396073400974
DQN,5,141.0,0.1725039062179467,390149.1008338449,13823.769523129904,0.6815772908051912,83.0,0.019036054611206055
DQN,5,142.0,0.07833948772744172,392388.1475381781,17219.025274726348,0.6587695375992261,87.0,0.02001526765525341
DQN,5,143.0,-0.04272208776812067,524334.9217096213,15305.364240976302,0.6635193387348302,79.0,0.014382127672433853
DQN,5,144.0,0.08859153517720515,446063.87933200196,14028.541993121416,0.669969668075239,83.0,0.029383592307567596
DQN,5,145.0,0.16658704695789323,367837.4850879459,15301.371207674418,0.6879449938971127,81.0,0.020578552037477493
DQN,5,146.0,0.11970117929484181,444266.2155249179,13082.638968417195,0.6466079392959403,77.0,0.02316148206591606
DQN,5,147.0,0.15022092955161226,453804.9965729965,11965.9953294862,0.6685337222906527,75.0,0.01422438956797123
DQN,5,148.0,0.03826203041217824,497463.3056804605,13229.484331878471,0.6851345290057512,79.0,0.016552070155739784
DQN,5,149.0,0.18720688576206845,466069.47066977265,10189.7712224294,0.6965575319023221,73.0,0.026599429547786713
DQN,6,0.0,-0.2162112111094345,677379.9148058511,16832.90676857428,0.5535546929840088,89.0,
DQN,6,1.0,-0.26421052786158034,745655.1713265204,16594.84383129652,0.576429076638104,89.0,
DQN,6,2.0,0.0121531825018782,551193.8840822991,12495.486833764146,0.5808099023200637,85.0,
DQN,6,3.0,0.030696203538886642,515172.3008964674,14062.731107364736,0.5722111016864754,85.0,
DQN,6,4.0,-0.23069800795904857,731148.9152860257,14809.220073990977,0.550850452400043,83.0,
DQN,6,5.0,-0.17969287454860514,613037.1114811604,17281.897712132955,0.5759696231254945,89.0,
DQN,6,6.0,-0.08881988994485915,742780.9019724454,10459.749802995935,0.5771008260640291,79.0,0.06945057213306427
DQN,6,7.0,0.07739571453635313,569678.8531790115,10683.910031149455,0.5681209383927166,81.0,0.059454020112752914
DQN,6,8.0,0.03925278726605734,624042.7428233018,10289.18943239674,0.5789202840218911,79.0,0.11300256848335266
DQN,6,9.0,0.047410208929047556,508276.7688219866,12771.408764679498,0.5683539652434584,83.0,0.08160138130187988
DQN,6,10.0,-0.036815969677193985,446127.72058897046,17534.395940943556,0.564712671573001,85.0,0.1149045005440712
DQN,6,11.0,-0.03763050531626644,535627.3652421081,15786.882093858483,0.5830482085294395,89.0,0.12216617166996002
DQN,6,12.0,-0.05806043068870403,553155.9073517962,15940.061987308438,0.5695863142430683,87.0,0.12278498709201813
DQN,6,13.0,-0.13993543474390796,676856.7556409653,14506.19005380618,0.5642997615145273,87.0,0.1666673868894577
DQN,6,14.0,-0.04041924513001573,535744.9480377256,15330.234156315397,0.5820387378297628,87.0,0.18016135692596436
DQN,6,15.0,-0.0038317451899248876,498617.66014684003,15864.650076957967,0.5570183189651114,85.0,0.3188103437423706
DQN,6,16.0,-0.04817587030451098,587119.8722250806,13710.384898455597,0.5515106677976507,87.0,0.26013287901878357
DQN,6,17.0,0.06224693691218207,493834.34302277793,12781.448124406994,0.5754130057369958,81.0,0.42805686593055725
DQN,6,18.0,0.13146096520589273,443037.18748904025,13458.242554915627,0.5784076456789832,87.0,0.617557168006897
DQN,6,19.0,-0.0805051091197905,534851.1478445553,17550.073904253473,0.566210653466804,91.0,1.3224592208862305
DQN,6,20.0,-0.06707005022668447,485001.39706292585,17655.363447316693,0.5687562706853608,89.0,0.47423291206359863
DQN,6,21.0,-0.06602581733021384,475618.2162385605,19735.484549072098,0.5869576048836105,91.0,1.3374954462051392
DQN,6,22.0,-0.11564427006317883,600578.1865340632,15787.512746493108,0.5834555767787692,83.0,1.6823221445083618
DQN,6,23.0,-0.05746604060086934,531682.1720907352,15743.44564085958,0.5557397244459215,89.0,1.8018203973770142
DQN,6,24.0,-0.015276783579654018,494079.7880426571,15384.273808354968,0.5721305978024507,85.0,2.166199207305908
DQN,6,25.0,0.009662059445707048,500674.6415075787,15528.131600096334,0.573592957006905,89.0,2.4954166412353516
DQN,6,26.0,0.0016979689733374738,440836.26872319134,18584.167423926177,0.569943382721461,89.0,3.033815860748291
DQN,6,27.0,-0.2724304506855056,722558.821228327,17118.442889546583,0.5683397631306268,87.0,2.877617359161377
DQN,6,28.0,-0.08217305347673479,564690.7593769961,15764.248085992447,0.5732074918778735,87.0,3.928864002227783
DQN,6,29.0,0.05524878409488976,444874.45403181383,16371.116769029184,0.5703189249394135,87.0,4.693778991699219
DQN,6,30.0,-0.011924221194896023,573868.5705069087,12914.302613635838,0.5833058558120815,85.0,4.284481048583984
DQN,6,31.0,-0.013459816504004534,480465.2020425467,17300.496039854177,0.5767988351339155,91.0,1.8703337907791138
DQN,6,32.0,0.09845282541583551,534606.7539703745,11207.783494989784,0.5799270586580413,79.0,4.003669261932373
DQN,6,33.0,-0.18411490038765346,701471.3769651111,13887.085687374083,0.5600509046548606,89.0,3.051588535308838
DQN,6,34.0,-0.017389691753040677,578861.6071068838,13567.127619784971,0.567049799196387,85.0,3.836162805557251
DQN,6,35.0,-0.10091438865684874,597185.0432338794,15087.689523746349,0.5760021983092922,85.0,2.738412857055664
DQN,6,36.0,-0.031576108256007374,543279.0369099659,15321.538954995498,0.5821807640326508,87.0,3.5842843055725098
DQN,6,37.0,0.004805380853004089,481307.4297422524,15990.576791964051,0.5780630238959366,85.0,1.1457077264785767
DQN,6,38.0,0.01727481329717511,506156.942166958,13993.898206497068,0.5921187828117256,85.0,2.622889518737793
DQN,6,39.0,0.02976612702543624,445759.6525158622,14869.086241873552,0.562086802193408,83.0,1.2089468240737915
DQN,6,40.0,0.006390134628957976,509996.6858055039,14284.31157730156,0.5721359174350404,81.0,2.6191787719726562
DQN,6,41.0,0.12000780389750175,454149.7080269466,13239.860263326373,0.5858851204807064,79.0,3.3026528358459473
DQN,6,42.0,-0.23871618675498013,687522.35161845,16196.705896897338,0.5558539196350055,87.0,1.2686506509780884
DQN,6,43.0,-0.020513317702817665,609519.5666640333,12270.175165317678,0.5663141786149999,81.0,2.0483927726745605
DQN,6,44.0,-0.04597570467180269,690156.2404481941,11023.87620979336,0.5864388874760433,81.0,2.046665668487549
DQN,6,45.0,-0.19374816760993802,666537.5527436951,16217.570457149617,0.5787858024534568,87.0,2.750807046890259
DQN,6,46.0,0.23733426036971061,342309.1829609337,14193.157999321917,0.5822769532917276,87.0,1.9652304649353027
DQN,6,47.0,-0.06011671932195089,529733.7327263894,14265.597267565181,0.5801704238172513,83.0,3.0546417236328125
DQN,6,48.0,-0.06672118885207082,581603.7492424475,15028.512159157752,0.5819556328366454,87.0,1.7720980644226074
DQN,6,49.0,-0.005451291361359689,449639.30843431986,16128.802638671514,0.5655167537600106,85.0,2.090942621231079
DQN,6,50.0,-0.08983040751673052,701996.3143766228,11434.39883083927,0.5908112671279429,79.0,2.0933644771575928
DQN,6,51.0,-0.003965552248912267,595349.8375872825,12604.420749154413,0.5722927469934022,79.0,1.606717824935913
DQN,6,52.0,-0.003109358999958821,543124.9623513857,14125.950471496786,0.5768740110005689,79.0,1.3723806142807007
DQN,6,53.0,-0.1227310269750588,691530.2279952258,12991.509775086046,0.5701537738035496,81.0,1.6171174049377441
DQN,6,54.0,-0.05603918014179853,568583.6702914676,15098.49951241751,0.5710947062952311,85.0,1.2904788255691528
DQN,6,55.0,0.15321646462071736,457473.9739901297,12093.710088314136,0.5902778139739927,81.0,1.0792367458343506
DQN,6,56.0,0.06166701623071224,379320.6173414313,18885.67726051289,0.5718411055442811,95.0,1.086669921875
DQN,6,57.0,-0.1182543560752478,639120.1296802082,14403.015680421751,0.5643119879504626,87.0,0.936018705368042
DQN,6,58.0,-0.07131998648177817,603916.7038262363,13664.217302121577,0.5663843967264461,83.0,1.0201061964035034
DQN,6,59.0,0.024837165282546137,631983.5332933564,10644.227387659328,0.5996272552336962,83.0,1.059242606163025
DQN,6,60.0,0.07018209213285768,483204.9944660194,12303.845331428032,0.5717556101201235,81.0,0.9678316116333008
DQN,6,61.0,0.10572888598351769,548734.361440833,10467.934260022868,0.5875987105140924,79.0,0.9436171650886536
DQN,6,62.0,-0.0097166285196917,490069.9512094022,15268.63141322103,0.5777575173370302,83.0,0.665596604347229
DQN,6,63.0,0.012800755464176555,511877.1136302387,13549.129778403169,0.5639831049672894,81.0,0.5747510194778442
DQN,6,64.0,-0.10714175001019219,557251.2474255908,15528.964821660264,0.5601661141462182,87.0,0.6878123879432678
DQN,6,65.0,-0.038962180321983064,535334.7242938011,15576.885929733335,0.5783378513550834,89.0,0.3320942521095276
DQN,6,66.0,-0.057513640706304645,682033.3000476134,10528.022007693791,0.5765993447759078,79.0,1.0015324354171753
DQN,6,67.0,0.02054490693786936,434440.54752092995,17036.304375956628,0.5683881536444502,93.0,0.9621822237968445
DQN,6,68.0,0.200703384041119,431414.3848142442,10074.243165701944,0.5812724282701941,77.0,0.5736936330795288
DQN,6,69.0,-0.0048101402355736275,553553.6596228343,14007.593415496465,0.5785148452813008,85.0,0.29643335938453674
DQN,6,70.0,-0.018841542973536303,552547.5930641493,14143.177154835501,0.5800172476363437,87.0,0.28453221917152405
DQN,6,71.0,-0.13830603422334797,617754.6208113019,16153.150289791507,0.56139304938264,89.0,0.2811364531517029
DQN,6,72.0,-0.15936679239614285,610837.766376648,16239.742673818278,0.573888549799719,91.0,0.26384177803993225
DQN,6,73.0,-0.013608169538384868,492199.63969564723,16812.34483480382,0.5749081268711428,87.0,0.3973335027694702
DQN,6,74.0,-0.17553794481388094,597581.8634615657,18384.617486633593,0.5601510845387089,93.0,0.37661680579185486
DQN,6,75.0,0.15138422086366732,362726.3586937682,16630.22890392543,0.5868174136693184,85.0,0.3854219913482666
DQN,6,76.0,0.038754560063649364,431519.9538869777,17657.107254416318,0.5787801223281932,89.0,0.44819948077201843
DQN,6,77.0,-0.06446597133952328,560622.2065431172,15633.789884179922,0.5697431629959362,89.0,0.47219613194465637
DQN,6,78.0,-0.11227300560970696,565375.6371323237,16431.49319394323,0.5723838326525765,93.0,0.2729085385799408
DQN,6,79.0,-0.08425233422402788,536082.0533319972,16780.326228972608,0.5636746747289713,87.0,0.59333735704422
DQN,6,80.0,0.13778711187606146,526690.5450015342,10039.127113632576,0.5858937138633792,71.0,0.4466833472251892
DQN,6,81.0,0.04393334435006083,532207.0692843135,13003.40212644941,0.5862507838317904,85.0,0.5488859415054321
DQN,6,82.0,0.0017769765861503188,653301.8849854952,10476.16954047675,0.5890858314873979,79.0,0.5163544416427612
DQN,6,83.0,-0.051611055116914294,603095.1683787497,13708.795576018085,0.5580749971937976,83.0,0.5532215237617493
DQN,6,84.0,0.03359184522769186,453443.5073016744,15233.18251381875,0.5778060717694524,85.0,0.7762607336044312
DQN,6,85.0,-0.0490305244550327,594302.218280573,14204.732495573655,0.5762244384225977,87.0,0.9364134073257446
DQN,6,86.0,-0.013902136708207178,459054.64047440793,17262.384606430525,0.5870006703938698,91.0,0.8337146043777466
DQN,6,87.0,0.036520687978205374,502423.70267960953,14487.494956398701,0.5864831491858615,85.0,1.3674933910369873
DQN,6,88.0,-0.10743619639268946,574163.6961113788,17025.509262343585,0.5709113784845605,89.0,0.5312293767929077
DQN,6,89.0,-0.008811971814826916,500109.35689319996,16072.149281246684,0.5636561583733656,87.0,1.5904392004013062
DQN,6,90.0,-0.061080191435060084,613941.5877156489,13534.173623486728,0.5683208688308004,83.0,0.9561978578567505
DQN,6,91.0,-0.06186868063241547,629870.2255704695,13262.711522872403,0.5630529470054283,81.0,0.7967483997344971
DQN,6,92.0,-0.2690624513420268,749713.255361597,16784.38231267311,0.5537678985086345,87.0,0.8047811985015869
DQN,6,93.0,-0.14828765319966372,522508.97682754433,19878.025659159,0.5671328595736963,95.0,0.26297181844711304
DQN,6,94.0,-0.11538085849487953,597717.1279142277,14599.802713665838,0.5540262068776749,81.0,1.0808345079421997
DQN,6,95.0,-0.0052489723420533225,488596.8924506549,16047.240225232454,0.5793506987921242,87.0,1.7512980699539185
DQN,6,96.0,-0.09342320211823574,543869.1315050888,17668.25747123278,0.5763066319470646,93.0,1.5946992635726929
DQN,6,97.0,-0.2075263141104679,590233.9616717304,19576.367884226514,0.5765073769845094,91.0,2.9784586429595947
DQN,6,98.0,0.1287338283875198,518900.53580346436,10988.44908378307,0.585264201216832,79.0,1.559073567390442
DQN,6,99.0,-0.08501895036680103,505501.7964219526,19089.810637403603,0.5675175991915472,87.0,0.9202848672866821
DQN,6,100.0,0.06656516337980793,484559.96766303264,13787.43294350638,0.5930471585629677,85.0,2.202371597290039
DQN,6,101.0,0.15428822174309031,486521.64521294733,10982.03023257323,0.5680037752424237,81.0,0.9263913035392761
DQN,6,102.0,0.04346540614353732,527993.9765292134,12726.310755742417,0.5814290683682362,85.0,0.35615476965904236
DQN,6,103.0,-0.022475053656486742,518564.06523450994,16060.930996410187,0.5771624700904335,87.0,1.1087853908538818
DQN,6,104.0,-0.03000362082073718,499133.3419769355,16469.879174670834,0.5814133986617056,89.0,0.8283323049545288
DQN,6,105.0,-0.06509550075238967,601155.6163942156,14191.227891893603,0.574795749646801,85.0,1.0656335353851318
DQN,6,106.0,0.15542254262924404,400981.0105517791,13963.47228756041,0.5841266240332931,83.0,0.4673508405685425
DQN,6,107.0,0.11252167821963986,512617.50133593456,10378.79005704574,0.5770527125296963,77.0,0.7213025093078613
DQN,6,108.0,-0.004030851344658139,550211.6092709234,13824.107681765869,0.5928211625710013,83.0,0.5815099477767944
DQN,6,109.0,0.0016625291748092567,486349.2770000737,15255.08789500729,0.5616026966892491,87.0,0.8449180126190186
DQN,6,110.0,0.02837413490597629,526487.924439171,13694.603153980795,0.576059805192113,89.0,0.822131335735321
DQN,6,111.0,0.09639909718267145,550877.4330088226,10657.451181973143,0.5672886284490901,77.0,0.5274602174758911
DQN,6,112.0,0.02816809792266203,574549.3523320094,12235.264020556353,0.5648997285363253,81.0,0.8398200869560242
DQN,6,113.0,-0.028873849113549774,630030.3075502745,12251.702598751277,0.5803312462282977,79.0,0.49824008345603943
DQN,6,114.0,0.28423922151598535,352006.3176173435,12487.312045428238,0.5816468012586969,83.0,0.6719157099723816
DQN,6,115.0,0.07843176529359823,374939.0049824544,18961.723106952173,0.5798783624976772,93.0,0.4094914495944977
DQN,6,116.0,-0.050473794321616784,564175.3663392387,14510.356838286574,0.5604974218833836,83.0,0.573535680770874
DQN,6,117.0,0.0694473049430806,445673.2062319707,14297.137600217678,0.5623756491805749,87.0,0.4349670112133026
DQN,6,118.0,0.019259803099881803,507309.3976890385,13821.268298133873,0.5519481263653649,81.0,0.7215559482574463
DQN,6,119.0,0.11865550894426091,502115.1616594205,11278.422407807253,0.6002672213186772,79.0,0.45870357751846313
DQN,6,120.0,-0.01997058874460913,554561.2284261098,12691.20509710749,0.5683515398695671,77.0,0.5608699917793274
DQN,6,121.0,0.03264381902536287,502827.72518279083,14206.164528806852,0.5693530116085135,87.0,0.597123384475708
DQN,6,122.0,-0.01354198212939594,577987.5310281452,12594.483099294897,0.5651072351718777,81.0,0.3717601001262665
DQN,6,123.0,-0.07518089764828309,589695.7744571955,14260.054713222098,0.5671580383370572,85.0,0.47514137625694275
DQN,6,124.0,-0.03527850976696065,530468.6351014776,14899.11203581255,0.5892412826719826,89.0,0.6557796597480774
DQN,6,125.0,0.07413080219630405,479006.86630668305,14177.865180387442,0.5635071059922636,81.0,0.45603445172309875
DQN,6,126.0,0.06785292760228978,409985.7164652725,16860.679446340673,0.5760804182914534,93.0,0.35018306970596313
DQN,6,127.0,-0.051639243046297204,614850.9418037751,12588.342101013684,0.5528377266179462,83.0,0.3928687572479248
DQN,6,128.0,-0.074979942807944,494474.2761620205,18172.260956591857,0.5773190535496611,83.0,0.4323042333126068
DQN,6,129.0,-0.0015219591361378196,561924.3536830758,13389.692357316795,0.5668427371499725,81.0,0.2223467081785202
DQN,6,130.0,-0.19583954807412846,604963.0240611279,18319.287350879677,0.5582458664581159,83.0,0.4525388777256012
DQN,6,131.0,0.01835133423874404,520251.10354051745,14049.615758460008,0.587423764602227,81.0,0.20480439066886902
DQN,6,132.0,0.07705649640609781,597993.3906025649,9819.403806845257,0.5894519225695598,79.0,0.06418619304895401
DQN,6,133.0,0.09417912962326133,612562.7173148582,9376.785276676083,0.5859321321606742,77.0,0.17270299792289734
DQN,6,134.0,-0.08409685035228964,611802.27736746,14117.273099932363,0.5775101435849306,83.0,0.16259901225566864
DQN,6,135.0,-0.03146953928002934,509617.6415895437,14375.565326947244,0.5966491215540031,83.0,0.08644095063209534
DQN,6,136.0,0.09033470673020172,458426.38509552507,13955.28598920315,0.589760453032295,85.0,0.06721878796815872
DQN,6,137.0,0.03788099990245523,536718.6429663632,13151.971970128394,0.5549729885258604,81.0,0.08312195539474487
DQN,6,138.0,0.040904316896158775,588712.5717301043,10981.54663664454,0.5892237496941616,77.0,0.059893157333135605
DQN,6,139.0,-0.05639042976297781,618745.947854484,13291.767628976248,0.5877352076152388,77.0,0.07327641546726227
DQN,6,140.0,0.008134804598541238,523302.50660919026,14441.774771507366,0.5650937784287858,85.0,0.04467356577515602
DQN,6,141.0,0.09931541138003375,457588.950797238,13899.934791181242,0.5811823002739984,85.0,0.07579223811626434
DQN,6,142.0,0.15561899135763457,560321.9577243818,9253.010459551333,0.5828123866954673,75.0,0.050970323383808136
DQN,6,143.0,0.13259366934442696,558021.1016933741,9388.132384121818,0.5618753200787036,75.0,0.046465709805488586
DQN,6,144.0,0.18379858351595182,539557.6403552735,8867.952251019327,0.5686194301579678,71.0,0.024860426783561707
DQN,6,145.0,0.014046749475206429,629090.1928962098,10868.67392208283,0.5711186137546008,77.0,0.044961053878068924
DQN,6,146.0,0.06762730535099423,662472.2019911078,8728.12119808914,0.5785490444288852,71.0,0.02984371781349182
DQN,6,147.0,0.11155073342026853,483926.5862773848,12596.790758614967,0.5669495014246906,81.0,0.04250345751643181
DQN,6,148.0,-0.00826030473381446,501509.9143409293,15894.056602886416,0.5669716751213763,79.0,0.04316145181655884
DQN,6,149.0,0.17857446515768965,456389.8926273065,11426.124808750923,0.5730964086430057,77.0,0.017743684351444244
DQN,7,0.0,-0.03509871919033371,546605.143515131,16109.230296960413,0.5986058049728046,84.0,
DQN,7,1.0,-0.04420308848352744,631199.010622067,15063.902037472426,0.5870862215754024,88.0,
DQN,7,2.0,-0.07023442784796961,611052.4196883482,16930.144420590845,0.5839410943907353,94.0,
DQN,7,3.0,0.13308903946320544,592627.0343811715,10528.802947628932,0.5869759946528202,76.0,
DQN,7,4.0,-0.07815087929450402,539322.8507184067,20509.06980374009,0.596769358496879,86.0,
DQN,7,5.0,-0.15548570300136744,710989.6968038088,15722.014289396831,0.6000519303001949,82.0,
DQN,7,6.0,0.006830548538547352,542474.9687692517,16537.290721133344,0.610816456699929,84.0,0.0688127726316452
DQN,7,7.0,-0.012494728782874352,602808.3864273679,14392.892850690345,0.593942867377446,86.0,0.05744234099984169
DQN,7,8.0,0.05942357280600377,562950.3761166962,13905.747864393174,0.6105324347723651,80.0,0.09178081154823303
DQN,7,9.0,-0.05918300896970272,603023.8416945806,16712.37199250002,0.5937182212159257,88.0,0.1234317421913147
DQN,7,10.0,-0.053003868720138306,601136.839224113,16423.437711886247,0.6097614621014255,84.0,0.10821431130170822
DQN,7,11.0,0.02384734272630093,574476.1397636493,13111.001527987084,0.5839465129672169,82.0,0.18601006269454956
DQN,7,12.0,0.06002769131062053,518443.29070983763,15395.207191574224,0.6129083479184141,82.0,0.26220405101776123
DQN,7,13.0,-9.99503445013745,603183.6503891692,13555.704389332153,0.5949553205063772,83.0,0.6654630899429321
DQN,7,14.0,-0.020209718621702497,590871.407343753,15388.315182236214,0.6079132365065028,90.0,0.23188768327236176
DQN,7,15.0,0.021947554720735382,526061.8217647616,16760.611754895403,0.6054057618125708,84.0,1.1248118877410889
DQN,7,16.0,-0.03800484891296868,566924.4289358482,17399.552535625466,0.6035009989110354,86.0,0.7967534065246582
DQN,7,17.0,-0.011859803240130282,534825.0332226915,17757.672533347217,0.5945466800336549,86.0,0.3367023468017578
DQN,7,18.0,0.04414608778069619,487124.4082563037,17295.448099688,0.6109860195726865,84.0,0.9517130255699158
DQN,7,19.0,-0.10825465920182964,599662.4506874195,18657.32926006605,0.6136081684420951,88.0,1.4947702884674072
DQN,7,20.0,0.06942849561478323,543970.5877929624,13953.521233515205,0.6037847031120707,82.0,1.1111946105957031
DQN,7,21.0,-0.001084294367728788,577776.3201907725,15548.319873172424,0.595301415673867,86.0,2.2395317554473877
DQN,7,22.0,0.04550973618980611,487566.3684828413,17562.85068494258,0.5938247540421798,86.0,1.505651831626892
DQN,7,23.0,0.0097920165238238,545847.188642594,16209.006720539062,0.6205894147486789,86.0,2.3406858444213867
DQN,7,24.0,-0.02956773264993127,542796.3461565035,18100.665470250424,0.5952829987113761,88.0,2.2706656455993652
DQN,7,25.0,0.015353675985723807,624274.3191047615,13213.883066796348,0.5959777348523794,78.0,2.9147555828094482
DQN,7,26.0,-0.16880218964235713,747238.4198516908,15066.430885199536,0.6193718867224455,86.0,2.751217842102051
DQN,7,27.0,-0.09254386526220877,631098.2780397297,16744.630947374677,0.5915545885239722,86.0,3.996324062347412
DQN,7,28.0,-0.03674178649182075,564019.4319435279,17323.795759705965,0.5913758428457719,88.0,2.6657378673553467
DQN,7,29.0,-0.03688148546373971,614839.2333735939,15479.317281539512,0.5711958473931429,90.0,1.8754637241363525
DQN,7,30.0,0.043622228378890314,575000.6803839318,13933.985778959948,0.5947243066366635,82.0,2.77968692779541
DQN,7,31.0,-0.11673429463421818,697780.3604994091,13547.529628510058,0.5990840415344624,76.0,3.0087127685546875
DQN,7,32.0,-0.15189317123770096,664613.0712252255,18109.010886287895,0.5924778576407769,90.0,2.0324902534484863
DQN,7,33.0,0.011803843548586788,517191.2159523934,17335.77692551671,0.5978850574859604,86.0,2.4546709060668945
DQN,7,34.0,-0.06571600656392235,571372.1740142934,18389.821381315225,0.6056261173943015,88.0,2.5303399562835693
DQN,7,35.0,0.00021870594272069797,517845.7728785639,18063.25614963407,0.606502778740174,88.0,1.523331880569458
DQN,7,36.0,-0.10354339532266506,579707.3134624737,19546.751253536557,0.613729257947788,88.0,2.353503942489624
DQN,7,37.0,-0.19972368705664328,626722.3031759978,22354.215547569835,0.5974162062948634,92.0,2.066025495529175
DQN,7,38.0,0.0551732875826904,571245.8543681036,13382.952738772801,0.6149832853160376,80.0,1.8674358129501343
DQN,7,39.0,-0.062457814592949995,570244.7439244278,17596.03489863656,0.6110474678018497,90.0,3.448568344116211
DQN,7,40.0,-0.1363865815545061,617821.2044392775,18738.89493763198,0.590307139799002,86.0,2.0053791999816895
DQN,7,41.0,-0.0775654871104187,641711.6451540894,15342.054588248473,0.608055175498703,86.0,1.9682960510253906
DQN,7,42.0,0.015145904389331688,544602.1672668611,15841.454913608059,0.6051357887600339,82.0,0.5036126375198364
DQN,7,43.0,-0.015241297018490361,557809.2589907524,16850.67941235285,0.6155539615318975,88.0,1.475512981414795
DQN,7,44.0,-0.2371066867808746,725236.1589586757,17471.54999816893,0.5897596298975424,90.0,1.3043181896209717
DQN,7,45.0,-0.047440925356918955,596378.0153368928,16396.005306765117,0.5930620336449351,90.0,0.9416400194168091
DQN,7,46.0,-0.05575404044450415,554334.436088135,18750.312133450512,0.6054247486777297,92.0,1.0722523927688599
DQN,7,47.0,-0.025849296297314396,594809.5994021485,15562.082140547585,0.6010174116807884,86.0,1.5401350259780884
DQN,7,48.0,-0.04815062096479211,529109.5084644114,18393.636959578154,0.6158859113383759,86.0,1.267189860343933
DQN,7,49.0,-0.062180536146717286,595650.5485262062,16934.43405999628,0.5920334978612076,86.0,1.2217713594436646
DQN,7,50.0,-0.0553010297750758,549598.3802562619,18879.08016410613,0.5836713453208885,88.0,0.6678609848022461
DQN,7,51.0,-0.08134138937637074,600837.9859241844,17779.295025304946,0.597907636430047,86.0,1.0342330932617188
DQN,7,52.0,0.055998638370891335,537294.9811922467,14758.498727690541,0.5960885383916469,78.0,1.348678708076477
DQN,7,53.0,0.03209205622337391,548463.106853444,15384.0728414535,0.5915806086308184,84.0,1.0686008930206299
DQN,7,54.0,-0.07276976004375875,602612.6288918077,17147.386410636565,0.6055494643162103,92.0,1.3541622161865234
DQN,7,55.0,0.0969574572956083,522197.8178549057,13952.36493078462,0.6000784907750648,86.0,0.6558566689491272
DQN,7,56.0,-0.09986571065327274,685038.9969808913,15186.646966724136,0.5993994076239612,84.0,0.3526124060153961
DQN,7,57.0,-0.01576674509576295,648646.647068883,13349.54325067223,0.6074055472554245,80.0,0.6485786437988281
DQN,7,58.0,-0.05875567857695413,567878.2232099762,18349.45701683228,0.5918064753648086,92.0,0.7348639965057373
DQN,7,59.0,-0.04705788901011965,650820.2885730527,14046.31765367815,0.6028018265614206,84.0,0.990777850151062
DQN,7,60.0,-0.13321444317979952,590081.4626169791,20461.117828204053,0.6095497040162506,88.0,0.33164724707603455
DQN,7,61.0,0.02592254860058288,547530.4147041383,15524.591001714349,0.6113193494294765,84.0,0.44438207149505615
DQN,7,62.0,0.0063539451155523756,613739.8866567917,13743.834960473045,0.6123735567489133,80.0,0.16014769673347473
DQN,7,63.0,0.02811067792795848,585870.501480351,14031.9360658371,0.6130850177472291,80.0,1.1430401802062988
DQN,7,64.0,0.05479798200963652,575364.7550962204,13495.376776000878,0.599117773094128,84.0,0.2814929783344269
DQN,7,65.0,-3.416739227298047e-05,683708.4231280185,11737.742596740938,0.6066693693156159,82.0,1.3427278995513916
DQN,7,66.0,0.05182805100786453,605110.5582917234,12412.286842950049,0.5988795042249755,84.0,0.45398736000061035
DQN,7,67.0,-0.10273049024209209,664532.2217052806,14536.516475272809,0.5934650654543243,86.0,0.6932694315910339
DQN,7,68.0,0.05877910790660866,587125.106832185,12980.172777621276,0.594680211564889,84.0,0.35031068325042725
DQN,7,69.0,-0.0155183550799461,572855.949175883,16047.255769657648,0.5926682187027864,86.0,0.8025731444358826
DQN,7,70.0,-0.08322274654555106,635349.3725314046,16436.914044458535,0.6058217279683811,86.0,0.4729864299297333
DQN,7,71.0,0.10302586054059377,586292.9793328835,10781.683560303572,0.6021768270586567,76.0,0.39615294337272644
DQN,7,72.0,0.017694329208800177,572129.9905362925,14627.609550791038,0.6058513021813152,82.0,0.38789910078048706
DQN,7,73.0,-0.04155744797807018,572934.2536779288,17013.390279542255,0.5879007869381124,88.0,0.1377425342798233
DQN,7,74.0,-0.17208797608378892,711307.3085570845,15429.69213966847,0.6059562345233519,80.0,0.37213441729545593
DQN,7,75.0,-0.09643529559385733,623476.3389393551,17282.358662450115,0.5932375104423282,84.0,0.17348992824554443
DQN,7,76.0,-0.0035973413543034394,569054.9514629846,15777.611134447934,0.6242165174923198,88.0,0.2772563099861145
DQN,7,77.0,0.00892423185572766,624403.8340934021,11877.695941120746,0.5936587802016638,76.0,0.2708945870399475
DQN,7,78.0,-0.05566178181863124,586747.4352223859,16731.81139867782,0.5910449055046,84.0,0.32299354672431946
DQN,7,79.0,-0.09426714383332,507729.4676569122,23155.47691091497,0.612110470951495,88.0,0.10555976629257202
DQN,7,80.0,-0.058289441224008635,631833.6142510908,15562.233315256122,0.5902993611025961,86.0,0.2748451232910156
DQN,7,81.0,-0.09423557966523077,584328.9542395564,18415.901331164856,0.5987064713501707,86.0,0.0966574028134346
DQN,7,82.0,0.07454557759633357,562565.6246905825,12706.934507956168,0.5935887853178868,76.0,0.16425426304340363
DQN,7,83.0,0.11954502502920437,483920.5932842641,14779.88775030787,0.5886843828478416,86.0,0.08207569271326065
DQN,7,84.0,0.024102318319557524,500027.3508232915,17380.421113851407,0.5905166093569205,82.0,0.06273411959409714
DQN,7,85.0,0.22243852358156635,472786.88524392736,11714.347048710548,0.5852439652384361,78.0,0.10242537409067154
DQN,7,86.0,0.017674145406010477,536611.9968533303,16387.958504114118,0.6091155780261298,80.0,0.12298663705587387
DQN,7,87.0,0.04390905326818195,498550.53163950803,16491.793952514032,0.5916979675612488,78.0,0.07190007716417313
DQN,7,88.0,-0.007110960152211378,536524.569889218,17115.6214861824,0.6012502694678282,88.0,0.09291534125804901
DQN,7,89.0,0.053044594144957005,500512.4617849725,15688.446033069466,0.6061573385268936,76.0,0.04572022706270218
DQN,7,90.0,0.15114355886002784,518948.3837388712,12229.852496570431,0.589782257642227,78.0,0.07420342415571213
DQN,7,91.0,0.06012063367717354,559927.425301887,13883.555147457942,0.5969360307885858,84.0,0.7377387285232544
DQN,7,92.0,0.057254950324289525,557626.7612255557,13904.630141484557,0.5951390323669372,82.0,0.0638372004032135
DQN,7,93.0,0.08638406072318,573896.9499689657,12534.92879152038,0.5952910928139195,78.0,0.08485573530197144
DQN,7,94.0,0.12945620053274978,503866.38941954885,13511.844923311908,0.612741054621899,80.0,0.02990693598985672
DQN,7,95.0,0.08641526641394734,561613.4976899765,12366.524137319693,0.5988173127992505,74.0,0.043683309108018875
DQN,7,96.0,0.002591124090674575,523282.7497435831,17194.898771690438,0.5952523150530761,90.0,0.028559353202581406
DQN,7,97.0,-0.10895528073277883,590947.772582659,18862.224821187705,0.5977597453412153,86.0,0.030073247849941254
DQN,7,98.0,0.3214469734532279,405643.2797759042,11060.687539632583,0.592530286337072,78.0,0.038195233792066574
DQN,7,99.0,0.05520262171211225,541297.3269936657,14113.623622695039,0.5848145389802831,78.0,0.040580861270427704
DQN,7,100.0,-0.00013917778560820597,584557.394630538,14896.66498842725,0.5960619088460171,88.0,0.6948986053466797
DQN,7,101.0,0.09969906250805147,495258.13425101235,14941.781568978115,0.6046610731701489,84.0,0.03114352375268936
DQN,7,102.0,0.26625772522901775,500118.1550807339,9663.709601813367,0.6237323510298166,72.0,0.029624903574585915
DQN,7,103.0,0.2405063558937891,406444.72365149675,13778.16106714962,0.5920254514154756,80.0,0.017370492219924927
DQN,7,104.0,0.12452197641857138,472120.79017497983,15029.184659572931,0.5904498012612344,86.0,0.05341707915067673
DQN,7,105.0,0.10484174561741472,551913.8820567258,11491.53674352072,0.6008820386923699,76.0,0.03807725012302399
DQN,7,106.0,0.2305129662103139,524594.9629801833,9915.51113482986,0.5883271913347148,70.0,0.022330353036522865
DQN,7,107.0,0.2067206381294982,497294.1684254171,11213.213680200673,0.5842358846509073,78.0,0.03098863735795021
DQN,7,108.0,0.30912398212200176,496923.2541589057,8735.465827744356,0.5964218485019559,72.0,0.6786388754844666
DQN,7,109.0,0.05238642738859409,550403.0016207153,14454.70348311596,0.6171774422902221,82.0,0.030302803963422775
DQN,7,110.0,-0.022212065342050454,641436.5211819278,13308.224921227824,0.6048537511651993,78.0,0.03769852593541145
DQN,7,111.0,0.2588133535270036,419834.26443380077,12447.765518025963,0.5850679287563368,78.0,0.04063161835074425
DQN,7,112.0,0.14455975554589115,529192.7688165685,12093.014688814004,0.5937198727093566,78.0,0.014566716738045216
DQN,7,113.0,-0.0038208185890035,609463.0401956668,14072.74768870587,0.6005881749121764,82.0,0.02045743353664875
DQN,7,114.0,0.1894835530180968,501790.132266491,11770.86804163793,0.5944845606838809,78.0,0.6991795301437378
DQN,7,115.0,0.03767548230814345,566137.4079498241,14143.325421130725,0.6011903357518987,80.0,0.03890044987201691
DQN,7,116.0,0.2246555122877672,471586.52117988287,11585.64046807261,0.6056527643482374,74.0,0.01778833009302616
DQN,7,117.0,0.15534091680191697,490489.8130774759,12561.413842487134,0.6011037928821334,74.0,0.036011915653944016
DQN,7,118.0,0.10489978307051406,571008.0265885012,11571.877155833476,0.6024765327539411,76.0,0.01639970764517784
DQN,7,119.0,0.2321872089795852,501317.1979239479,9291.098122969095,0.6095313363453598,70.0,0.01812002621591091
DQN,7,120.0,0.12855333314941023,501909.4495417303,13035.606231592616,0.6012512097152417,76.0,0.026106175035238266
DQN,7,121.0,0.2586178200396982,455341.6417736493,11167.451701729595,0.5950584324655024,76.0,0.031288545578718185
DQN,7,122.0,0.04855187826132996,590019.4946560691,13140.135413026026,0.6070113905961524,80.0,0.030854836106300354
DQN,7,123.0,0.3616339841587186,445140.4407053813,8880.4756497164,0.5902529267735804,74.0,0.028620421886444092
DQN,7,124.0,0.10532082653853635,549043.7250623957,11823.012654758393,0.5927120378365216,72.0,0.026072023436427116
DQN,7,125.0,0.24226823587322702,446154.3838523985,12079.12860889162,0.6010067611334033,72.0,0.7349219918251038
DQN,7,126.0,0.2308765840299914,388257.1899658678,14312.388528499472,0.6080311931404406,80.0,0.03064678981900215
DQN,7,127.0,0.25551825468983747,497193.5878387665,10036.572278902666,0.5903672639914103,76.0,0.022445378825068474
DQN,7,128.0,0.11394539757960528,512176.65311435156,13562.361514614537,0.5850770726797221,80.0,0.013272267766296864
DQN,7,129.0,0.28178661363492136,421463.48712999496,11900.066098893276,0.6099654932728777,78.0,0.01257627084851265
DQN,7,130.0,0.22616144808084304,437418.8416065324,12995.022330522359,0.5941543087215366,80.0,0.04333201050758362
DQN,7,131.0,0.12747836308591376,546188.6443571285,11815.760929814107,0.5929668192606199,78.0,0.020786918699741364
DQN,7,132.0,0.23394445422226717,490224.7601402664,10824.84306920255,0.6081458480727643,74.0,0.7276405692100525
DQN,7,133.0,0.07867501137301991,509691.356945983,14350.725428080854,0.5960525301298715,84.0,0.02214745432138443
DQN,7,134.0,0.1924732167566591,481478.0390057267,12201.088309997704,0.6054892397477104,76.0,0.03924833983182907
DQN,7,135.0,0.29001588640370424,431996.3954269662,11139.348271405595,0.6039446979793919,74.0,0.7061067819595337
DQN,7,136.0,0.15908474724963323,529421.4770244745,11455.977069027978,0.6093757540995882,78.0,0.04571627825498581
DQN,7,137.0,0.09836593517490569,556654.3573146233,12584.201180294396,0.605445290511185,80.0,0.050582922995090485
DQN,7,138.0,0.2980123205612927,382176.26151692483,12737.93660870832,0.5982636026171765,78.0,0.051807012408971786
DQN,7,139.0,0.1681861737458852,494673.0274615469,12593.376133843845,0.5934316264523724,72.0,0.02659088559448719
DQN,7,140.0,0.15434380143027013,470550.70264795155,13818.271151610285,0.5933784471824951,80.0,0.03500337898731232
DQN,7,141.0,0.1066897079041074,525986.3985925926,12523.86838122477,0.5873444797363374,82.0,0.04135880619287491
DQN,7,142.0,0.24325961335216337,505210.95062498795,9949.479753598416,0.5956385346925668,78.0,0.045638978481292725
DQN,7,143.0,0.08920617554428571,529635.675299221,9173.633267687359,0.6018383836517557,68.0,0.015122088603675365
DQN,7,144.0,0.23081201126783832,536871.0922024063,9391.751018847857,0.5909069055898072,76.0,0.03639430180191994
DQN,7,145.0,0.23859505381610768,418793.8175285516,13420.586850885707,0.5924987618536254,76.0,0.033547643572092056
DQN,7,146.0,0.09664090549230628,574077.0981189341,10388.882818769218,0.5984972366535346,72.0,0.02869952656328678
DQN,7,147.0,0.23396930738645494,421595.7012690756,13465.0468367179,0.594066660096862,80.0,0.034170325845479965
DQN,7,148.0,0.11964207971600967,484939.7269318631,14002.33099948356,0.6127798139242653,80.0,0.03205476328730583
DQN,7,149.0,0.30193108802172713,479435.65752915666,9428.067335370331,0.5996400687062753,74.0,0.030906446278095245
DQN,8,0.0,0.05137559269827573,404045.5185035482,15614.233708066502,0.5452145135381399,89.0,
DQN,8,1.0,0.1143893649385153,375111.23727326404,14177.037919801067,0.5235769171455785,85.0,
DQN,8,2.0,-0.03733769829612079,607433.9316815758,10456.288872562809,0.5652869416732552,75.0,
DQN,8,3.0,0.06573374360481844,477884.38427533745,11731.565714270164,0.5348187676322024,83.0,
DQN,8,4.0,0.005936650849253783,457015.7671836287,14883.562294703097,0.5263163167684163,89.0,
DQN,8,5.0,0.09665439723912969,428763.1196397964,12549.55155182913,0.5350376462141485,85.0,
DQN,8,6.0,-0.10840493218727064,558310.9187016739,14305.70802702953,0.5326252060045319,87.0,0.06630239635705948
DQN,8,7.0,0.09656775324317342,441501.53265043313,12381.81692002866,0.5477321101508049,81.0,0.059542085975408554
DQN,8,8.0,0.09498296653875489,430730.42259861407,12545.738444701437,0.5366795190748055,81.0,0.07907187193632126
DQN,8,9.0,0.03576380125881387,453678.3014567918,13650.032964238335,0.5306379219763789,85.0,0.0532144196331501
DQN,8,10.0,-10.02710253841869,479546.81428728165,14102.676237881244,0.5377557529787307,86.0,0.5799240469932556
DQN,8,11.0,-0.008106810003125034,445383.801347082,15969.012640012403,0.5367217552757224,89.0,0.3920239806175232
DQN,8,12.0,0.028469507213282372,484486.0632640474,12875.97365245299,0.5317966545655897,87.0,0.4385375380516052
DQN,8,13.0,0.10462795055127949,452951.8146509809,11584.526916406072,0.5265600331486222,77.0,0.3984763026237488
DQN,8,14.0,0.009587535064991822,440303.94583754474,14520.332261774618,0.538646188645131,81.0,0.39099186658859253
DQN,8,15.0,0.09223853921472028,463631.2844502008,11761.14382063028,0.5408984486055474,83.0,0.6694873571395874
DQN,8,16.0,0.02213530914296507,430194.9428627408,15034.29643148799,0.5545276460303242,87.0,0.6793235540390015
DQN,8,17.0,0.001611914908308771,472426.74432042945,13742.541860663721,0.5204308353978625,87.0,1.3685131072998047
DQN,8,18.0,0.10186544115751353,352604.6903233625,15027.04286252867,0.5360924312468927,85.0,1.4028688669204712
DQN,8,19.0,0.28670119792083115,302422.49959154404,11647.27215902623,0.5295200890664965,83.0,1.2367291450500488
DQN,8,20.0,0.020310626568162845,438110.803086933,14191.771326617274,0.524225188056258,83.0,2.4713127613067627
DQN,8,21.0,-0.03337292589831532,499346.4939638878,11933.289464956495,0.5473944533252094,79.0,1.436787486076355
DQN,8,22.0,0.045232064364651464,520426.07317338063,10887.583784684259,0.5469542279364237,75.0,1.548478126525879
DQN,8,23.0,0.06677084403838637,466352.64118239627,11843.811026853851,0.5429449280327819,81.0,2.289013624191284
DQN,8,24.0,-0.08739412157434659,527994.1445944026,14912.581143039659,0.5259304198025734,83.0,1.3979692459106445
DQN,8,25.0,0.05192379599693354,490292.47069907084,11844.991146413879,0.5427628152639403,83.0,2.9602506160736084
DQN,8,26.0,0.4021635174994668,276758.33412847685,10547.046330904335,0.5169305814451797,79.0,2.127122402191162
DQN,8,27.0,0.2533953896927491,389437.1787276711,9930.83792425944,0.5351316376193156,77.0,5.262840270996094
DQN,8,28.0,0.07701573075780911,461629.12507591466,10104.220583459155,0.5346050530926518,79.0,1.6845611333847046
DQN,8,29.0,0.0627443885533906,378262.75885035034,15685.507357344946,0.5464743708122646,87.0,3.2520880699157715
DQN,8,30.0,0.0854382933870838,403263.0493622412,13574.873423093391,0.521585186728026,89.0,1.6380267143249512
DQN,8,31.0,0.24266600606804356,311520.2987553244,12990.32264763234,0.522780674695987,87.0,3.194890260696411
DQN,8,32.0,-0.028389178997896787,536145.0540200658,12393.722155044834,0.5352929493849593,83.0,2.9948976039886475
DQN,8,33.0,0.18317733438260578,366981.6817820239,12727.753842376196,0.5128629789444207,89.0,2.3177573680877686
DQN,8,34.0,0.17854114646098487,388969.76262006036,12032.476557343149,0.5491705048545416,85.0,2.7971866130828857
DQN,8,35.0,-0.012162055781645247,564250.5379320479,11082.373518190094,0.5476377184387797,75.0,2.8454232215881348
DQN,8,36.0,0.06234677841940309,444203.53444909485,13018.656325526375,0.542490035787121,85.0,2.8847146034240723
DQN,8,37.0,0.13064698223780516,402031.8206761076,12773.06823443623,0.5247692752445426,85.0,0.9918563961982727
DQN,8,38.0,0.2127461618062509,353623.2369008475,12396.966347807964,0.5419296284145615,85.0,1.8647165298461914
DQN,8,39.0,0.029023939968351693,408527.89194465626,16500.376829022316,0.5341737273988448,85.0,3.0569489002227783
DQN,8,40.0,0.09905059129279338,468079.8007785815,10706.166314185171,0.5439009423135646,79.0,2.184624433517456
DQN,8,41.0,0.10660099013032551,400664.1941799919,13626.771562105829,0.5185963192512397,81.0,0.7517945170402527
DQN,8,42.0,0.3136854830596879,311707.5959673895,11694.405801601439,0.5332355150936897,85.0,1.6730518341064453
DQN,8,43.0,0.17341175412980298,447574.69777531317,9929.858630769602,0.540071616297728,75.0,2.8439786434173584
DQN,8,44.0,0.0517485850124359,401405.1466614117,15091.139514693245,0.5346589181886441,89.0,2.0362327098846436
DQN,8,45.0,-0.0003939373995169512,509152.8577191219,12728.106065819002,0.5367516551515229,85.0,1.5734416246414185
DQN,8,46.0,-0.06422742880638097,576854.8399974655,12623.161210834804,0.5340324268248733,81.0,3.2072532176971436
DQN,8,47.0,0.1500950704537781,391613.4577473423,12581.636093316945,0.5313558978037567,83.0,2.258864402770996
DQN,8,48.0,-0.0335628500283414,516442.1967541826,13561.244185506572,0.5417619153712232,87.0,1.6656081676483154
DQN,8,49.0,0.16965014402817838,350569.74118125165,13532.936704376732,0.5304579770990856,83.0,1.1552282571792603
DQN,8,50.0,0.19615875041470618,380981.4889900671,10131.5803620504,0.5512182652294445,79.0,1.2508738040924072
DQN,8,51.0,0.07291055311845554,435702.0556058104,12566.232920419516,0.5434059404790244,83.0,1.203360915184021
DQN,8,52.0,0.25682412103770397,275228.1288859246,14363.689280101742,0.5278833747699407,89.0,1.5734751224517822
DQN,8,53.0,0.0988942515544026,393357.84361652186,14370.46777241869,0.5367674133552472,91.0,1.1348326206207275
DQN,8,54.0,0.1042298619040108,433094.361572183,12248.44881114623,0.5487203655406923,83.0,1.7085295915603638
DQN,8,55.0,0.11239646397960182,415638.8462908566,12855.677881271062,0.5397532426626475,83.0,1.9298968315124512
DQN,8,56.0,0.07341871811321371,410055.72044651466,13839.171346642497,0.5342118582373513,85.0,3.840291738510132
DQN,8,57.0,0.20529465541470088,317726.29286478873,14968.546650939132,0.5287467584208748,87.0,2.044999122619629
DQN,8,58.0,0.00664067460100233,495535.4371616234,13073.49555418681,0.5463802161291808,89.0,1.8926361799240112
DQN,8,59.0,-0.08903860157671319,512289.9178371853,15625.575923766035,0.5106394037537725,89.0,0.5458457469940186
DQN,8,60.0,0.05595272015103411,499617.5127900675,11004.532842479788,0.5430117315731287,81.0,1.3885756731033325
DQN,8,61.0,0.15066378170261435,329737.9994174205,15410.009395400999,0.550495199741994,87.0,1.3492867946624756
DQN,8,62.0,0.2911279765871416,264063.2910292792,14854.410430501637,0.5279995515188944,89.0,0.8275982737541199
DQN,8,63.0,0.05593748696597194,498902.68019778095,11248.19091094113,0.5578979931284791,77.0,1.2087979316711426
DQN,8,64.0,0.08912673542186021,497489.4811393735,10547.365959621342,0.537499546638509,81.0,0.9828195571899414
DQN,8,65.0,0.14311954378865793,427642.83789611363,11592.170221303013,0.5339904136669077,77.0,1.17479407787323
DQN,8,66.0,-0.13577233668372032,515329.4888334312,16210.806967179755,0.5386445392456882,89.0,1.557347297668457
DQN,8,67.0,0.04082960189576664,414451.8710978796,15469.92034694091,0.5340110876915154,93.0,1.295822024345398
DQN,8,68.0,0.2020439574794622,370468.7811455245,11216.980317693402,0.5437848127044449,81.0,0.5418911576271057
DQN,8,69.0,0.16305534402341448,408338.4572854008,11135.411685099198,0.5339339839250149,85.0,0.5214614868164062
DQN,8,70.0,0.19763620593123868,434024.47173122695,9527.363568250215,0.5606136972317007,81.0,1.3891267776489258
DQN,8,71.0,0.07529837020891106,484165.81435986515,11307.216459171263,0.557857109063443,81.0,1.0657697916030884
DQN,8,72.0,0.06524703829487871,352417.5407179488,17179.99997075726,0.5395952004213932,91.0,0.8390433192253113
DQN,8,73.0,0.11244641753859771,323038.88063980924,17064.550998795872,0.542898086732091,93.0,0.7305821776390076
DQN,8,74.0,0.11214823826142603,358170.0316427515,14604.549141478385,0.5248583725209772,85.0,0.722902238368988
DQN,8,75.0,-0.019179071656741438,504817.966349061,11668.127085527687,0.5415547320785062,83.0,0.617383599281311
DQN,8,76.0,0.07313272818767219,426261.19517824485,13919.308152870877,0.5452726149003376,81.0,0.8981879353523254
DQN,8,77.0,0.0035085161761707513,477215.2600656334,13685.79607108333,0.5323722650036128,83.0,0.7949783802032471
DQN,8,78.0,0.07697157046933774,366905.18470037176,16722.192583741296,0.5364711763468998,89.0,0.7618061304092407
DQN,8,79.0,0.08397992898826023,443598.3911564843,12601.027760009803,0.5522336392738343,85.0,0.6644716858863831
DQN,8,80.0,-0.01734548222100381,487615.8424165654,14374.034425593294,0.5344435222384193,89.0,0.33430585265159607
DQN,8,81.0,0.11768870152116721,433185.80362136033,11434.274230291741,0.5411325489599176,83.0,0.39116308093070984
DQN,8,82.0,0.050566470953961946,386276.86081564805,15878.706453470879,0.5286609590075241,87.0,0.18972903490066528
DQN,8,83.0,0.27708537117309,281508.5579437165,13658.67840500221,0.5297218669498079,87.0,0.7035303115844727
DQN,8,84.0,0.19651224493062772,319385.29416822875,14676.119312391485,0.5345985534176999,93.0,0.37354210019111633
DQN,8,85.0,-0.04474860743569846,489358.3047318092,14827.704042011666,0.5304073333008146,87.0,0.49204522371292114
DQN,8,86.0,0.17198815755317975,373504.19272913237,12885.961095706432,0.5313739694280154,85.0,0.5105211734771729
DQN,8,87.0,-0.026810611724799267,491367.2204974193,12909.26627219388,0.545648267281478,89.0,0.5499584674835205
DQN,8,88.0,0.18357148570790144,263132.3867341286,17915.590887164017,0.5305701937187028,93.0,1.3005708456039429
DQN,8,89.0,0.21062591210108286,437867.64003997325,9320.323571551466,0.5503281113495907,75.0,1.0696122646331787
DQN,8,90.0,0.09585184353582032,422324.0145593496,13227.787737232262,0.5451182072220281,85.0,0.38065850734710693
DQN,8,91.0,0.2263907924737099,339485.63537363434,12474.941644914887,0.5395640608780067,83.0,0.4844992756843567
DQN,8,92.0,0.047182792081080074,453919.62488960783,12995.266864095262,0.5244463025968321,85.0,0.3805241286754608
DQN,8,93.0,0.18837210887864977,395504.9834478401,11239.283640444737,0.5418409060736457,83.0,0.31835508346557617
DQN,8,94.0,0.2376504097354111,300192.13701140624,14122.063342467032,0.5466149726607028,89.0,0.22034721076488495
DQN,8,95.0,0.20421427476495238,347772.0326122682,13040.90794935354,0.5298113612204196,85.0,0.39657309651374817
DQN,8,96.0,0.1129132546033729,442002.5381892266,11836.9601867917,0.543427013032775,81.0,0.40113353729248047
DQN,8,97.0,0.10404224941460617,402360.503726202,12833.151946144075,0.5516153607934331,83.0,0.262921541929245
DQN,8,98.0,0.26829603405941665,333500.01315430045,10660.677109534374,0.5281581747235992,85.0,0.31420767307281494
DQN,8,99.0,0.19958424922881252,459863.40861482726,8361.545960056696,0.5442319216974346,77.0,0.31586188077926636
DQN,8,100.0,0.10655998236329278,466539.8102301186,11111.278542005592,0.5429667680707678,83.0,0.1913432478904724
DQN,8,101.0,0.0551289828514847,425849.68850009673,14286.897306467867,0.5447190796943884,85.0,0.17466187477111816
DQN,8,102.0,0.16069941098458287,328936.946280292,14907.741329868744,0.5387442720772562,89.0,0.07386483997106552
DQN,8,103.0,-0.025126545682076156,566635.7306675481,11596.322871854809,0.5332579949252176,81.0,0.13071921467781067
DQN,8,104.0,0.16783327000267648,416834.5600991523,10235.859773456972,0.5708980467811019,81.0,0.2005327045917511
DQN,8,105.0,0.061870289376808885,420627.79446892976,13225.556464746287,0.5265361674661122,79.0,0.17873035371303558
DQN,8,106.0,-0.02467627274164214,460405.3001383526,15468.536383968541,0.5392667192390015,89.0,0.1049150601029396
DQN,8,107.0,-0.016426976915845215,384653.3756662175,14871.429609002651,0.5298850067340201,83.0,0.06614846736192703
DQN,8,108.0,0.07369565199503235,408842.0784710053,13402.948901620379,0.547328117372432,83.0,0.0976877361536026
DQN,8,109.0,-0.04405012225510849,325716.1044365816,18784.634295560696,0.5421596800184025,87.0,0.06153257563710213
DQN,8,110.0,0.05973567858008764,456968.04114844487,10610.655912363522,0.5426054045404901,75.0,0.10064105689525604
DQN,8,111.0,0.3852174478710033,263027.85723823076,10328.519256474687,0.5383041127275682,77.0,0.06068657711148262
DQN,8,112.0,0.23691818122687947,300782.69574181264,10243.34608552849,0.5419920304438309,79.0,0.051030997186899185
DQN,8,113.0,0.19713128515583198,315968.7280258883,14138.156920440726,0.5371594103514045,83.0,0.04484886676073074
DQN,8,114.0,0.25019009989747953,366417.2657879652,9911.963003593004,0.5250721446340595,81.0,0.08607052266597748
DQN,8,115.0,0.13280657905570875,415845.03684625914,11702.77055464342,0.5515440113199732,81.0,0.09382296353578568
DQN,8,116.0,0.19064630340719985,427821.2224125864,9875.537948690026,0.5345424468197149,75.0,0.09218920767307281
DQN,8,117.0,0.15519626450448426,428402.9251180939,10932.152046511816,0.5565569130446592,77.0,0.023801280185580254
DQN,8,118.0,0.37179595928233466,232778.26315085273,14327.824551068015,0.5433260033820088,85.0,0.03498721122741699
DQN,8,119.0,0.20600890775960443,401260.2546346588,10214.956867956476,0.5543128442721451,79.0,0.04865795373916626
DQN,8,120.0,0.2949380609665705,269954.5897057074,13614.086489974265,0.5426290596969989,83.0,0.05933575704693794
DQN,8,121.0,0.2504863590547579,235751.5403805085,17400.94242559275,0.5176967692433926,89.0,0.04570549353957176
DQN,8,122.0,0.21510390840772436,358019.1865000595,12064.48433639219,0.533110035989205,83.0,0.07343505322933197
DQN,8,123.0,0.1521308686142398,419068.8541708272,10962.8237694817,0.5536914694454536,77.0,0.04018770158290863
DQN,8,124.0,0.18483862491935557,319209.4887047961,14595.200936505347,0.541837013142718,87.0,0.02629219926893711
DQN,8,125.0,0.07020387490417493,491248.3712657451,10593.429645556129,0.544012448681387,77.0,0.6667434573173523
DQN,8,126.0,0.25553032734711983,314760.6086416922,12910.412611176416,0.5292270003630337,87.0,0.021270541474223137
DQN,8,127.0,0.08337312250519256,407923.5843385358,13824.27491315781,0.5240239964519202,89.0,0.04270707815885544
DQN,8,128.0,0.2785815776341629,348912.3009287804,10732.446396525333,0.5484113977822487,79.0,0.061456069350242615
DQN,8,129.0,0.13370004921656187,406532.42819111265,12337.896851810612,0.5551030273005906,79.0,0.04277724027633667
DQN,8,130.0,0.27662848315838495,323604.9547268501,11979.201719310273,0.5473063998878298,79.0,0.054780617356300354
DQN,8,131.0,0.22335121191038082,379562.24362741254,11250.711565625214,0.5587547706426215,81.0,0.060147181153297424
DQN,8,132.0,0.3460198156756971,350076.9295734062,9056.532833245206,0.5334878198158339,73.0,0.0383472666144371
DQN,8,133.0,0.20544352091588214,390066.7891069391,10597.898189788959,0.5454697962692298,75.0,0.04126321151852608
DQN,8,134.0,0.12126544289832233,373032.53838404693,13847.381725249148,0.5285830546139219,83.0,0.047281019389629364
DQN,8,135.0,0.27529574154736414,347345.8418112416,10943.872301830197,0.5394766351921955,75.0,0.03296537697315216
DQN,8,136.0,0.10859937937824349,414338.76080720837,9956.891786716198,0.5469948833804134,75.0,0.06128525361418724
DQN,8,137.0,0.23949372518776346,356153.1634687231,11556.480165013687,0.5237914727307071,81.0,0.047017745673656464
DQN,8,138.0,0.30339636487548793,365543.44027173304,9291.442358110347,0.5541326967989474,75.0,0.08204160630702972
DQN,8,139.0,0.1734074107127958,368233.26524051296,11844.987052254737,0.5407084841611788,85.0,0.0379410982131958
DQN,8,140.0,0.26114283383236386,401765.4644814762,9022.80265054045,0.54769669464948,73.0,0.05057702958583832
DQN,8,141.0,0.12443211526175045,433919.2777252176,11152.505740664257,0.5465255089956296,77.0,0.04524645209312439
DQN,8,142.0,0.03631256084458276,482762.84873023344,10534.456566265584,0.5304636005337867,73.0,0.02260013483464718
DQN,8,143.0,0.25779892690671463,372190.90962714975,10080.639002416001,0.5525621374546241,75.0,0.027589190751314163
DQN,8,144.0,0.18603729423531615,392157.36409762094,11401.009569436312,0.5478651241227848,85.0,0.05875810235738754
DQN,8,145.0,0.30629313342807674,314279.0597873084,11377.222891453459,0.553909870777801,79.0,0.02453359216451645
DQN,8,146.0,0.1293891541822073,416753.8121670216,11357.571028604527,0.5594360679989968,79.0,0.6389692425727844
DQN,8,147.0,0.29532275294849436,341291.3980393937,10143.768949822761,0.542200147886832,81.0,0.041774164885282516
DQN,8,148.0,0.06646187063073014,448234.1543718373,12034.480785495505,0.5389944043673611,77.0,0.031236564740538597
DQN,8,149.0,0.1388869317300587,431548.3531739666,10872.240797850667,0.5351394570345109,81.0,0.027312496677041054
DQN,9,0.0,0.015428019658514085,386943.2206077622,13306.987205019768,0.5755520223808492,86.0,
DQN,9,1.0,-0.0855945950122886,425165.53943982755,14871.545449668483,0.5977598649385091,82.0,
DQN,9,2.0,0.012574595147978094,348318.04683332524,14663.776995043147,0.6052981488281012,82.0,
DQN,9,3.0,0.02035585715660643,393924.5892669699,12863.796892798424,0.588785297527534,82.0,
DQN,9,4.0,-0.08257007663718172,415145.5070377306,15441.359904531253,0.593465274395273,88.0,
DQN,9,5.0,-0.01328275205867916,470734.56431226904,10787.563229853105,0.5942884537520845,74.0,
DQN,9,6.0,0.05919116340799814,391903.3010394653,11792.084390333912,0.5916299231813211,82.0,0.06712564080953598
DQN,9,7.0,-0.12740071617855744,448420.7233161397,15274.70932075138,0.6068204072871137,86.0,0.02110377326607704
DQN,9,8.0,-0.1121810787951342,450892.2723318539,14286.889243578626,0.61428203377372,84.0,0.05484475940465927
DQN,9,9.0,-0.025000544697576205,396012.7627681755,14407.235560736111,0.5930663209791394,82.0,0.17090782523155212
DQN,9,10.0,-0.07919252745351138,442572.47669510037,13583.565434966582,0.5973524459686107,78.0,0.06120806932449341
DQN,9,11.0,-0.055426011229227426,441738.4335848639,13180.43039308939,0.591624284018329,82.0,0.03180745989084244
DQN,9,12.0,-0.1350708484661818,583884.3438881321,10312.243593481993,0.5810820095011601,78.0,0.10439608246088028
DQN,9,13.0,0.03319657223226799,411202.52264007315,11801.141217294477,0.5755246447312247,84.0,0.34011873602867126
DQN,9,14.0,0.05190940431065396,417834.694983871,10758.278595125357,0.5919202191660791,80.0,0.42796793580055237
DQN,9,15.0,-0.022073446565218223,435164.43918554985,12423.371205076974,0.5986241633867918,82.0,0.5402980446815491
DQN,9,16.0,-0.08014090557305593,442017.52255048015,13997.020573108855,0.5847291600091626,90.0,0.6571949124336243
DQN,9,17.0,-0.14431647579309614,416330.60349782306,17423.94413774219,0.6036578964043904,94.0,0.764363706111908
DQN,9,18.0,-0.1015129792027895,462851.311682989,13390.898471299142,0.5892547191791155,84.0,0.6151372194290161
DQN,9,19.0,0.017912092961621218,390053.15969649947,13285.997354629444,0.6121624093729642,80.0,1.3691487312316895
DQN,9,20.0,-0.19890794966223196,596116.1074867317,11318.504405217976,0.6151831648976925,80.0,1.0902749300003052
DQN,9,21.0,-0.09944586881431569,435848.4203085475,14924.156578985647,0.5892996402913733,84.0,1.4070154428482056
DQN,9,22.0,-0.023759700226176086,380794.3407033137,14508.277556407287,0.6021652092847717,88.0,1.4400355815887451
DQN,9,23.0,-0.15781987392282326,477751.1289554559,14319.484398221262,0.615472412077524,88.0,1.8355002403259277
DQN,9,24.0,-0.04530051168592114,435952.3756395283,13082.44545348768,0.5887269589514063,90.0,4.43263053894043
DQN,9,25.0,-0.08671022443379517,503079.46371351514,11291.90530828064,0.5842284490626453,78.0,2.8359947204589844
DQN,9,26.0,0.015188672126706377,448816.6001661363,10767.237911472588,0.6058479532260145,80.0,2.652895450592041
DQN,9,27.0,-0.12918392948856652,423581.4329710326,16221.20876009775,0.6061441734558344,90.0,1.5846706628799438
DQN,9,28.0,-0.08209031913654825,477502.85390089656,12344.108902713524,0.5977515864299922,82.0,3.9096131324768066
DQN,9,29.0,-0.040577126446013176,381689.7808507425,15831.524342647113,0.6078372470038009,90.0,2.004380226135254
DQN,9,30.0,-0.07048318896573846,438618.84446634614,13641.544557424391,0.6180265825967345,80.0,4.565075397491455
DQN,9,31.0,-0.16459512776539856,426745.0121485806,17717.696773787644,0.5972850891608158,88.0,4.896370887756348
DQN,9,32.0,-0.1929379779953367,489239.6007380726,15575.616349647029,0.5778621361652263,86.0,4.739719390869141
DQN,9,33.0,-0.08073686768506229,486457.52184969006,11748.379614584337,0.5826852464845028,86.0,2.881427764892578
DQN,9,34.0,0.06461316552722865,411052.1866397629,10867.562302139602,0.5994489272434708,82.0,2.9570562839508057
DQN,9,35.0,-0.12217072115174521,433762.53565165075,16059.658287963444,0.5897374524015707,90.0,3.95340633392334
DQN,9,36.0,-0.1347905443316914,411858.2005050657,17597.912417942818,0.5893160329904125,90.0,4.73961067199707
DQN,9,37.0,-0.013091488502397523,402487.9872636375,13553.718149242308,0.5876044756887913,82.0,5.418190956115723
DQN,9,38.0,-0.0061583254525531105,486973.23991257855,9741.737525267017,0.5941604316048921,78.0,6.209438800811768
DQN,9,39.0,-0.09417208694984282,459041.58021018555,13580.304354845763,0.6020618241850418,82.0,8.532724380493164
DQN,9,40.0,-0.14278627676154465,453471.00216582534,15308.05882654005,0.6307081137373683,88.0,9.521039009094238
DQN,9,41.0,-0.09396997943723463,405294.4916469261,16249.161919476923,0.5886803921149163,86.0,5.940474510192871
DQN,9,42.0,-0.05969359809013947,411182.5226019524,14607.636762622698,0.6074376718190739,86.0,5.938661575317383
DQN,9,43.0,-19.99645302534231,411080.1738246654,12748.24873492132,0.6047588299442025,84.0,3.27514386177063
DQN,9,44.0,-0.021715129789552638,407979.34045670636,13660.821874528305,0.5893370049499196,88.0,7.698406219482422
DQN,9,45.0,-0.02238763141298949,449060.4018381573,11290.21337810316,0.5834236878280156,82.0,5.67083740234375
DQN,9,46.0,-0.2625374191033043,587483.9685605667,13478.794739434168,0.5864052646668357,88.0,4.871206760406494
DQN,9,47.0,-0.22454683752491358,499959.52549964114,16550.032835831506,0.587584903586177,90.0,8.770319938659668
DQN,9,48.0,-0.010114373726273341,419204.70631880633,12341.740480301994,0.6051237102422619,84.0,4.23057746887207
DQN,9,49.0,-0.0460614750156866,405957.40152315213,14715.23970801325,0.5869080575518626,86.0,5.9860992431640625
DQN,9,50.0,0.012125536678231526,380921.3142043607,13855.814114698387,0.5968004432379209,88.0,3.897103786468506
DQN,9,51.0,-0.0830808721874107,426654.03331062465,14991.74943801441,0.5778108573218178,88.0,4.138359069824219
DQN,9,52.0,-0.08375838124984515,469007.00049799087,12833.449370542381,0.6030684676926819,78.0,4.194585800170898
DQN,9,53.0,0.06087109139034257,375237.2836608177,12604.861121830969,0.5823414778642012,78.0,4.825170040130615
DQN,9,54.0,-10.118975211257125,471464.6739019859,13863.636952369041,0.5796122943416907,85.0,5.429006576538086
DQN,9,55.0,0.005105199949899823,477055.58783512877,9908.297697123206,0.5717154449492711,76.0,3.5477702617645264
DQN,9,56.0,0.043358325825529814,410056.65041746804,11572.447188011693,0.5876461754464918,80.0,2.8454694747924805
DQN,9,57.0,-0.12972027300642736,441151.5760929807,15913.290419256777,0.6028310023606788,88.0,1.5443313121795654
DQN,9,58.0,-0.01717570016596168,410803.23387545324,13372.281285255785,0.5903188700183808,86.0,1.2139596939086914
DQN,9,59.0,-0.03748673463662361,411265.7601979615,14019.1369986083,0.612791276855587,84.0,1.373445987701416
DQN,9,60.0,-10.026121058548657,451055.09647000907,10825.678778603075,0.621052755615484,79.0,1.640273928642273
DQN,9,61.0,0.09895810737447722,408206.7610496187,10024.717646123856,0.5961797317706344,80.0,2.26456880569458
DQN,9,62.0,-0.061871697763949775,419277.7536743606,14232.570465631667,0.5885721440145043,88.0,2.1769161224365234
DQN,9,63.0,-0.09464764752068609,488076.02730066306,12317.186379147664,0.5794966419360624,84.0,0.6927785873413086
DQN,9,64.0,0.06433526724142612,352542.9067283456,13578.670988901691,0.6043532883390207,84.0,1.3432085514068604
DQN,9,65.0,0.017604179477784306,378368.8938616526,13906.2614276564,0.5902351616366778,82.0,1.1810524463653564
DQN,9,66.0,-0.06663795677385481,469188.48229816667,12290.503719520202,0.5985213127498608,84.0,0.8856164813041687
DQN,9,67.0,-0.07783609542877151,440676.8321128979,13981.225061848596,0.5731923853688969,82.0,0.8594095706939697
DQN,9,68.0,-10.199870613959908,500106.1223383813,15094.945777775658,0.5990807667537145,85.0,0.7618011832237244
DQN,9,69.0,-0.0025182703847360577,417526.5109191836,12519.201512952526,0.6239496569689397,76.0,0.30621853470802307
DQN,9,70.0,-9.94318819144778,327539.6468292905,15118.939383162467,0.5947906712104969,87.0,0.5891784429550171
DQN,9,71.0,-0.16951620536861117,445705.63876993407,17135.30679111719,0.595162941265296,88.0,0.3547039031982422
DQN,9,72.0,-0.07148080120843567,461225.2079589397,12881.85805920824,0.5983486129050599,84.0,0.621918797492981
DQN,9,73.0,0.010649737018730785,446580.40018850943,10682.57826557956,0.6031189762627395,80.0,0.788078248500824
DQN,9,74.0,-0.10987002299894974,489564.3521412633,12656.85503571396,0.6050141055963973,80.0,0.4750657379627228
DQN,9,75.0,-0.06908735706288414,387095.3334462111,16627.12356838508,0.6261085194825641,88.0,0.5516645312309265
DQN,9,76.0,-0.016050215834950414,411052.1072341329,13403.401477368452,0.5992980544539813,84.0,0.7174269556999207
DQN,9,77.0,-0.0480463912338204,435957.1088601486,13229.54396957839,0.6107262994313588,82.0,0.7736942768096924
DQN,9,78.0,-9.964018556109568,411123.9981062854,11704.21305162966,0.596963561576802,83.0,0.3988403081893921
DQN,9,79.0,-0.03195085148736364,387775.7678800896,15077.982011215721,0.6050342601477586,90.0,0.5170480012893677
DQN,9,80.0,0.004305369038274699,447501.8199351875,10902.458087470073,0.5915955563682733,80.0,0.5706338882446289
DQN,9,81.0,-0.09533921893788244,418716.1322013928,15817.422889675508,0.6011173842662189,88.0,0.3241141736507416
DQN,9,82.0,-0.020284960491817758,405513.9167374332,13783.290088851621,0.6033556855081454,82.0,0.4968380033969879
DQN,9,83.0,-0.0110921121995386,474388.3838303688,10401.816314723486,0.6100471424718255,82.0,0.24019399285316467
DQN,9,84.0,0.04204682621519937,403647.9014877192,11767.528363785721,0.5918489175000874,78.0,0.5005621314048767
DQN,9,85.0,-0.10456210957065955,404328.16573123145,17123.784265819817,0.5920255149642236,92.0,0.29533451795578003
DQN,9,86.0,-0.11486025764891665,426835.42252112494,16007.929528245028,0.6106050119875995,90.0,1.0616774559020996
DQN,9,87.0,-0.06456097200835273,457015.8293312466,12491.627428611331,0.6029117837458995,82.0,0.3082430362701416
DQN,9,88.0,-0.14180020105886745,433582.6150660286,16198.12960781869,0.6155444175509445,90.0,0.3957979679107666
DQN,9,89.0,0.0343876197527753,375463.9835798154,13366.700384086384,0.5751400188436306,84.0,0.5229804515838623
DQN,9,90.0,0.02752738118744416,563723.4588299075,7007.185719035156,0.5981332471995388,72.0,0.19673271477222443
DQN,9,91.0,0.036281546589777974,400047.0956844232,12022.428018952345,0.578238294334564,82.0,0.27188894152641296
DQN,9,92.0,0.12769417826628784,360257.6949529777,11096.33822623379,0.6065679823514656,76.0,0.13818779587745667
DQN,9,93.0,0.08161555187799949,390345.92617350304,11175.666820291612,0.5750637913773574,86.0,0.7203980088233948
DQN,9,94.0,0.014831685653377155,411947.19254095724,12280.514392083604,0.6031795435186782,82.0,0.05153489112854004
DQN,9,95.0,0.03265337237818826,404732.66619879997,11971.420757698479,0.5852230931634319,78.0,0.7068353891372681
DQN,9,96.0,0.057014478105542374,383165.2306856384,12105.198177681501,0.5957091467566351,78.0,0.1458486169576645
DQN,9,97.0,0.02369284412799441,476832.4098045275,9445.800933906401,0.6118973655704384,74.0,0.1209094449877739
DQN,9,98.0,-0.07921612612198449,475772.55012451037,11624.205710215492,0.5851623979656656,84.0,0.32988470792770386
DQN,9,99.0,-0.026925983245307934,426855.9933412829,12755.481530003162,0.5860348353809456,86.0,0.10627719759941101
DQN,9,100.0,-0.1829386146322824,507750.6501692922,13999.260046903451,0.5813567872314883,88.0,0.5063636302947998
DQN,9,101.0,-0.04648100895269902,476334.68646930676,11109.189038495655,0.6106539396432049,78.0,0.16344386339187622
DQN,9,102.0,0.03904491047601209,457485.6176228114,9483.78643901339,0.5850436119601639,78.0,0.3802536725997925
DQN,9,103.0,-0.07382499228292214,430059.4495686186,13740.51862708029,0.6123789308751756,88.0,0.14950411021709442
DQN,9,104.0,0.01787487369122066,381051.0794580126,13653.644959701356,0.610365143934471,82.0,0.06300373375415802
DQN,9,105.0,0.13770904274035922,434635.30781040963,8308.689482619964,0.5937295875547735,76.0,0.11536163836717606
DQN,9,106.0,0.021089122880621147,434777.177912148,11208.779282875314,0.5831105427296646,78.0,0.1340983808040619
DQN,9,107.0,-9.931637540723779,394252.1800326618,11036.782255874416,0.5942840765486337,77.0,0.09861274063587189
DQN,9,108.0,-0.07697945743655511,449341.7416779504,13374.879984338004,0.5822182944420795,80.0,0.09234154224395752
DQN,9,109.0,-0.03504005378698891,430916.41680702596,12998.584622187223,0.585851047549384,82.0,0.11585698276758194
DQN,9,110.0,0.08640545213294101,413721.95330409607,10222.814360671495,0.590455615058814,80.0,0.498527467250824
DQN,9,111.0,0.14142367756525842,354492.67083671375,10996.40876938367,0.5840193164798239,78.0,0.5567923784255981
DQN,9,112.0,-0.09213718303299204,459296.0378677999,13561.264117823299,0.5892965680545014,88.0,0.205781951546669
DQN,9,113.0,9.657079293637068e-05,438872.7923043041,11381.630313643367,0.5817519000802721,74.0,0.1393231451511383
DQN,9,114.0,0.11341675119553085,375131.8784731179,11010.837563936018,0.5711819193980419,80.0,0.14815977215766907
DQN,9,115.0,0.10864819118404262,411851.31563778955,9710.69841970033,0.592471200871456,78.0,0.3252667486667633
DQN,9,116.0,0.1232166438755756,410597.0900095049,9379.165876285711,0.594111816484219,76.0,0.0740770474076271
DQN,9,117.0,-0.023293142514386734,423978.5069855192,12914.120546708802,0.6050631341269846,80.0,0.6269844174385071
DQN,9,118.0,0.09650383548568588,392669.09868446225,10608.774601964134,0.5997088121380634,80.0,0.2330208420753479
DQN,9,119.0,0.1498954088279434,404266.4593705461,8917.501943003312,0.5793328976560944,72.0,0.06194961071014404
DQN,9,120.0,-9.946532068820392,465677.6005287975,8940.478355755693,0.5699311657207586,73.0,0.06466365605592728
DQN,9,121.0,-0.03308143518886275,554288.9585619733,8562.161880225534,0.582080857137115,76.0,0.24910636246204376
DQN,9,122.0,0.07748348474774128,375307.6910899104,12058.15785070672,0.5780246864515469,82.0,0.05677109956741333
DQN,9,123.0,-9.906777837003139,394962.35331823956,10669.144297191537,0.6230272906843078,81.0,0.22892659902572632
DQN,9,124.0,0.027297301063001204,429439.34703651257,10924.425893759215,0.5785501153893579,80.0,0.6003543734550476
DQN,9,125.0,-0.01686082609025677,530115.675430982,8678.125949590907,0.5752722601795092,72.0,0.05758507177233696
DQN,9,126.0,0.08914977812344423,410686.29235264653,10296.739599808838,0.6039804040356418,76.0,0.4504285752773285
DQN,9,127.0,0.09774170417847544,471534.2510240351,7691.855249347547,0.6024997274634145,72.0,0.7256795167922974
DQN,9,128.0,0.14899245430690397,380364.27175161755,9761.647920337045,0.5991668642119967,72.0,0.36775606870651245
DQN,9,129.0,0.06833762482253673,410780.0266789353,10774.899215365615,0.5853644527439765,80.0,0.07288563996553421
DQN,9,130.0,-0.0632280432003296,516523.5604795567,10254.735814737815,0.5863267029277079,80.0,0.3316046893596649
DQN,9,131.0,0.019132434577967265,426284.288641452,11003.94822693518,0.6140302894766101,70.0,0.15634211897850037
DQN,9,132.0,0.039328638728703735,392527.9016094267,12367.968372547124,0.6124739263724761,76.0,0.4594876766204834
DQN,9,133.0,0.05213692858026876,441141.69547735015,9858.105172116264,0.5833525364658814,78.0,0.12384139746427536
DQN,9,134.0,-0.032356832513082266,466870.50749467313,11221.522699725778,0.5874416254022646,78.0,0.5324935913085938
DQN,9,135.0,0.008347058202011374,465798.9327654157,9930.192870893745,0.5801940670698071,76.0,0.14158877730369568
DQN,9,136.0,0.08254634761007078,385188.8501684411,11471.290251610686,0.5991676729676347,82.0,0.05482807382941246
DQN,9,137.0,0.012230373470056538,442139.5660682746,11107.889310973604,0.5872315480792236,80.0,0.12733936309814453
DQN,9,138.0,0.002017079711116476,506787.6999754575,8934.911856805169,0.5888523531972704,74.0,0.2092309445142746
DQN,9,139.0,-0.012606927603016118,436637.84257320315,12059.254136373282,0.6009246594407075,78.0,0.20233850181102753
DQN,9,140.0,0.22245851549988907,374632.34757126606,8352.980966756624,0.5861920870279642,72.0,0.1992526799440384
DQN,9,141.0,0.09454338002989124,410553.91389926954,10170.097517405124,0.6074062583639296,76.0,0.24975691735744476
DQN,9,142.0,-0.037496838501344706,403890.71455526946,14418.302829299599,0.6132072723883305,86.0,0.6989262700080872
DQN,9,143.0,0.02024562043541967,467950.7776198263,9764.40263204779,0.6201606982462725,72.0,0.5936644673347473
DQN,9,144.0,0.08860506164696709,410869.816339904,10207.320776968389,0.5989859356989539,78.0,0.16263677179813385
DQN,9,145.0,-0.024536419417702918,411926.4262008996,13666.864431460173,0.5928745986582353,88.0,0.24101503193378448
DQN,9,146.0,0.03628298905043481,367904.46602795867,13757.115604040611,0.6065504764894728,82.0,0.6191038489341736
DQN,9,147.0,0.0021883224890060548,435180.52283039154,11668.38910806658,0.5775354566768114,82.0,0.7034302949905396
DQN,9,148.0,0.035836382414539965,441493.27130688,10491.239665661447,0.6020569082387975,80.0,0.23706844449043274
DQN,9,149.0,0.055420861874861095,411494.7121164192,11160.157325920341,0.5937552898590347,82.0,0.29050424695014954
PPO,0,0.0,0.16884508143812083,354544.07615595974,11090.986947083291,0.6504751804943231,76.0,
PPO,0,1.0,-0.02309780764025376,400712.08681399346,13982.269469147735,0.6460269659074362,82.0,
PPO,0,2.0,0.04257988937723032,371348.9281466028,13791.365135299482,0.6489212816290665,82.0,
PPO,0,3.0,-0.13167526956150513,468916.00107311853,15042.346256169554,0.6360285445114948,84.0,
PPO,0,4.0,0.09788578958027892,382612.7236069069,11571.759462522272,0.6509367302967257,84.0,
PPO,0,5.0,0.009060949616643279,407325.6776692917,13435.174019469665,0.647984036257952,82.0,
PPO,0,6.0,-0.06734646307648008,404467.8403445955,15995.566527509816,0.6478376627300655,84.0,
PPO,0,7.0,0.031664017368465705,380515.5874842606,13923.218058314915,0.6373218689264528,82.0,
PPO,0,8.0,0.0037999687026764144,411577.53179011395,13097.682966874878,0.656357376654576,82.0,
PPO,0,9.0,0.005159548882252025,424304.9074463923,12227.243320921887,0.6532093150220757,80.0,
PPO,0,10.0,-0.08980735549514494,500613.2355076665,11947.890680168159,0.6553786042904963,80.0,
PPO,0,11.0,-0.10378261895171251,500062.86620746914,12699.58851782335,0.6551027229820131,86.0,
PPO,0,12.0,-0.11502104851242746,417355.4371241622,17166.528630103796,0.6406101659390974,84.0,
PPO,0,13.0,-0.018635287029465986,356742.42884251126,15802.880054576648,0.6507889938546926,90.0,
PPO,0,14.0,-0.04284980711815493,425137.14676161617,13994.937509438867,0.6620671534074536,86.0,
PPO,0,15.0,-0.17787056023809333,465654.2473667969,17345.843806099663,0.6274804094086461,86.0,-0.026870313100516796
PPO,0,16.0,-0.23563407009544832,542865.8808065885,15691.835694180341,0.6211755156828556,86.0,
PPO,0,17.0,-0.1658124906703105,486088.8807340329,15900.118731515195,0.6341017085803131,88.0,
PPO,0,18.0,-0.009243021538980233,374779.0901037428,15468.332082938698,0.643778148348878,88.0,
PPO,0,19.0,0.04717750695092793,414856.8533627984,11654.924021097922,0.6308722255454183,78.0,
PPO,0,20.0,0.08839923731250277,357132.48023717204,12141.418535238363,0.6374134435232383,84.0,
PPO,0,21.0,-0.13777603115729686,473354.8287847713,14071.64414407087,0.6525426622899717,82.0,
PPO,0,22.0,-0.09094495679422188,411621.58152690914,15073.343334307447,0.6574806231814723,90.0,
PPO,0,23.0,-0.426682280764973,655003.1981901195,17779.153011628365,0.6532151975925694,86.0,
PPO,0,24.0,-0.10837179485218754,491298.9983772582,13347.275746883415,0.6422265683345041,82.0,
PPO,0,25.0,-0.12587032455050678,429353.8577616254,16987.418878164983,0.6608787990402888,84.0,
PPO,0,26.0,-0.06515148370418568,454136.5584708212,13433.884384798777,0.631568785535447,84.0,
PPO,0,27.0,-0.20298526360246816,540975.7528428361,14653.605687944117,0.6397153795344152,88.0,
PPO,0,28.0,-0.16712737708204434,481207.4610166181,15735.235690354273,0.635401631437479,84.0,
PPO,0,29.0,-0.11204450282057245,530494.0094184825,11920.650239128467,0.6415568324699276,80.0,
PPO,0,30.0,-0.14653665892426246,457924.3720654416,15996.089828499522,0.6378066294148929,92.0,
PPO,0,31.0,0.002017568152939254,403887.4791765328,13673.315251593625,0.6417355632395204,82.0,-0.04881511349231005
PPO,0,32.0,0.04170108394104231,429082.74724618805,10806.640866281667,0.6511729599927543,86.0,
PPO,0,33.0,0.04028743126635472,356926.8753431604,14008.171511959357,0.6447364274253543,84.0,
PPO,0,34.0,-0.1995645719496299,524525.4312433172,14801.350579847645,0.6532481975065194,86.0,
PPO,0,35.0,0.0183924839309716,355555.6352950669,15043.565899855193,0.6395324219493432,88.0,
PPO,0,36.0,-0.2284120724766012,546040.6540699819,15244.18497088617,0.6326796183585063,90.0,
PPO,0,37.0,-0.15464997790630813,447977.98625905084,16778.34707069503,0.6413832630611771,86.0,
PPO,0,38.0,-0.10442248458439159,472563.7780638362,13076.489738341694,0.6580176134219468,84.0,
PPO,0,39.0,0.0579906015870588,358681.35540651245,13811.828412229333,0.6587454376493485,84.0,
PPO,0,40.0,-0.08846599770385506,435814.7023070496,15258.416179811655,0.6357778425531564,84.0,
PPO,0,41.0,-0.05592417687245375,427139.1669062452,14332.755988083356,0.6429672072619639,86.0,
PPO,0,42.0,-0.2090160461334084,503075.7525282029,16585.888149917315,0.6570698544381249,84.0,
PPO,0,43.0,-0.09677277788045781,375088.8703449025,18925.477962422043,0.635601069133971,92.0,
PPO,0,44.0,-0.026823428869180863,418400.68760805676,11826.519714842665,0.6173727775662156,82.0,
PPO,0,45.0,0.09252321844232614,376956.94950534776,11857.179330739646,0.6333688962483258,80.0,
PPO,0,46.0,-0.10188556678714464,473205.5742610031,13654.476781396063,0.6590928145789482,88.0,
PPO,0,47.0,0.10482672968959836,317568.10671719635,14333.054421852015,0.6394577837681427,84.0,-0.028756295330822468
PPO,0,48.0,-0.13928514143782453,473331.804928045,14156.971628018668,0.6489899180802483,86.0,
PPO,0,49.0,-0.08891164455097768,462042.5818356423,14085.728816176677,0.6356214208581128,84.0,
PPO,0,50.0,-0.10026942905210706,444399.6534490051,14690.158966682413,0.6577134514363838,82.0,
PPO,0,51.0,-0.10905613491856626,539508.7772891279,11566.619537464829,0.6455503344671816,80.0,
PPO,0,52.0,-0.028770788534905195,460397.00271547935,10733.215467623428,0.63869636089863,82.0,
PPO,0,53.0,-0.05709896649238244,512981.50969304255,10930.247187314237,0.6612828569556382,76.0,
PPO,0,54.0,-0.2379931828348346,668420.534431988,11344.918384049523,0.6551133214424691,80.0,
PPO,0,55.0,-0.10137347628250803,469435.8921408883,14118.962533798816,0.6394036565871208,82.0,
PPO,0,56.0,-0.07454683784953811,433768.1164784708,14823.534733313305,0.6574999772447039,86.0,
PPO,0,57.0,-0.06874136858098588,423963.9241494601,15525.647361269464,0.6456770855089768,86.0,
PPO,0,58.0,0.07772774828663956,374149.1110665769,12718.77734562132,0.6284219727714885,82.0,
PPO,0,59.0,-0.04401596440167689,433775.874792582,13525.727610785769,0.6581903056974656,86.0,
PPO,0,60.0,-0.1580324834939152,484585.7174036162,15070.237232325804,0.6216694072602005,84.0,
PPO,0,61.0,-0.10806959770921123,478388.8403241015,13716.319878565153,0.6450883348997566,82.0,
PPO,0,62.0,-0.11465366815965816,446365.69630214694,15035.221363827428,0.6385968327256436,86.0,
PPO,0,63.0,-0.002767150699613307,384822.7392627391,14691.043704502963,0.6627656556768029,82.0,-0.02794561441987753
PPO,0,64.0,-0.12062187177248576,423048.58828684693,17138.550440402498,0.6417908737757309,90.0,
PPO,0,65.0,0.004618480714802076,445249.03514769283,11743.532239767797,0.6645888442328705,82.0,
PPO,0,66.0,-0.05976086570560018,473988.6385725909,11616.494903296702,0.6754336517725432,84.0,
PPO,0,67.0,-0.032498233738538336,452151.3942790306,12659.869915482068,0.6388068470994149,86.0,
PPO,0,68.0,-0.044035611802524466,466094.2135458196,12027.542523696942,0.6623971656964535,82.0,
PPO,0,69.0,-0.11704584954720904,509219.3717980239,12804.325636250882,0.6304444612402195,80.0,
PPO,0,70.0,-0.03191229797598449,389107.6899575755,15117.379415848354,0.6491240242518829,86.0,
PPO,0,71.0,0.013248003086155792,371222.46406817477,15110.245766185944,0.6520122948737924,92.0,
PPO,0,72.0,0.10369579479369956,317279.7166209312,13947.3658181479,0.6434610134109146,86.0,
PPO,0,73.0,-0.19964830235415698,476557.69571466104,17205.76190145904,0.6388391819907882,86.0,
PPO,0,74.0,0.06198221386443152,293038.2457095124,17403.627336565554,0.6526658961577341,90.0,
PPO,0,75.0,0.14644877538057927,327877.6344267587,12426.70435470989,0.6506900088185914,84.0,
PPO,0,76.0,0.06807303626062977,383072.3510805534,12441.879860287925,0.6532925447444543,84.0,
PPO,0,77.0,-0.2180207946456315,533575.6945461049,15077.257935658497,0.6557834700123438,84.0,
PPO,0,78.0,0.07914733702731364,419136.7399408147,9698.552012312897,0.6313465473634144,78.0,
PPO,0,79.0,-0.0734268908532701,425762.8574085533,15100.577573534616,0.6349695860151033,82.0,-0.0037303902208805084
PPO,0,80.0,0.08321357334409843,438911.74356928986,9852.785664637446,0.653255523384248,76.0,
PPO,0,81.0,-0.017365340728297055,437033.8338361446,11889.471151293354,0.6379424259385578,80.0,
PPO,0,82.0,0.0027283075989389975,388247.48993242864,14392.801292678638,0.646779614212198,86.0,
PPO,0,83.0,-0.2545869847219662,575056.215244077,15369.544291611523,0.6538854370532922,90.0,
PPO,0,84.0,-0.11174390740979494,478054.80016706185,13854.432429198754,0.644671906359301,80.0,
PPO,0,85.0,-0.11454292950255719,512477.5586199015,12983.303279448046,0.656064229638556,82.0,
PPO,0,86.0,0.10834116486551314,402691.14541147853,10121.513462831133,0.6482877349476656,82.0,
PPO,0,87.0,-0.029799859091249707,421257.91029361903,13854.864651399072,0.6425088543839256,86.0,
PPO,0,88.0,-0.03628155740967134,432556.83023772534,13089.128824189032,0.6430592079809203,82.0,
PPO,0,89.0,-0.03730079407943128,439973.2577711436,12568.172375629296,0.6422884010936716,80.0,
PPO,0,90.0,-0.11493157613028492,487981.53312011395,13444.042414702142,0.6470455545455779,82.0,
PPO,0,91.0,0.05444282124762245,397884.1841611272,12140.596171257841,0.6593776859708262,84.0,
PPO,0,92.0,-0.16909373081234663,476321.0290158223,13992.275339495493,0.6427072287769658,82.0,
PPO,0,93.0,-0.2256755862111942,571833.1410730021,14210.764962400448,0.6324076791988454,88.0,
PPO,0,94.0,0.016651646910766996,348191.99536181724,15836.528196678673,0.6522132935158487,90.0,
PPO,0,95.0,-0.1516969900880484,493012.99798183644,14412.333730702036,0.6395632441654052,92.0,-0.026945088990032673
PPO,0,96.0,0.01732288528667319,438045.6271859615,11517.562161299855,0.6364989890008417,80.0,
PPO,0,97.0,-0.20492884314111215,469901.8816194979,16586.354002558597,0.6434515783596624,90.0,
PPO,0,98.0,0.022514310207935307,375475.8636936851,13884.131362028184,0.6313967796824873,82.0,
PPO,0,99.0,-0.020294016919838113,397774.5724953597,14727.606187427731,0.6586192275823464,88.0,
PPO,0,100.0,-0.11597318711262139,448127.59268029896,15504.452741317551,0.6418902948787265,90.0,
PPO,0,101.0,0.059988250251075736,389501.5686444981,12160.811779534704,0.6420906310955543,82.0,
PPO,0,102.0,-0.12718915204974776,451657.78652744426,14256.66086266455,0.6369374176049989,84.0,
PPO,0,103.0,-0.07946653189571608,484291.9859184282,12843.450356065803,0.6412426304862358,82.0,
PPO,0,104.0,-0.008807326290722277,481522.98319923785,10604.859552690594,0.6373626113960711,78.0,
PPO,0,105.0,-0.036607267060089564,403575.4415768357,14757.909219646155,0.6465224052509375,86.0,
PPO,0,106.0,-0.058213876305510115,449423.1543612718,13073.094081696983,0.6403545000844341,82.0,
PPO,0,107.0,-0.08646064777876278,483623.50717842265,13010.15309070022,0.6588948807688518,86.0,
PPO,0,108.0,-0.2176162107133774,568429.4616015177,14148.056698783761,0.6247760005308977,82.0,
PPO,0,109.0,-0.08186778289602978,404841.12286732555,16260.45899757142,0.6411611565723767,88.0,
PPO,0,110.0,-0.16785269906229733,460999.2022641199,15133.20440742906,0.6364768805877619,84.0,
PPO,0,111.0,-0.004978058664222166,435334.5991773313,12535.965335266797,0.6526836774084932,80.0,-0.031019521411508322
PPO,0,112.0,-0.040081442584425475,443879.6442239613,13410.661941052196,0.641124989939277,88.0,
PPO,0,113.0,-0.12878747676105545,473347.3050240108,15017.185077053506,0.6398967209552406,86.0,
PPO,0,114.0,-0.05277787211071476,388633.55267321237,16464.819302730157,0.64709704406885,88.0,
PPO,0,115.0,-0.08017238975860289,422152.7804818272,15731.021803928796,0.6441522272173971,88.0,
PPO,0,116.0,-0.1297748131145342,418870.72218924144,17801.828158925735,0.6239031655975169,84.0,
PPO,0,117.0,0.1384521285783309,326263.1513512529,12112.210442548383,0.6517045942811128,78.0,
PPO,0,118.0,-0.11088709844742697,503146.0124229959,12585.472798190509,0.6337989715582361,88.0,
PPO,0,119.0,-0.009702782885830798,395161.4056735972,14395.512053138087,0.6303763447668629,88.0,
PPO,0,120.0,-0.09763917159482347,495608.3654913412,12749.343861270476,0.6341920197885813,84.0,
PPO,0,121.0,-0.07573934593371158,458989.58923148795,13152.934490782198,0.6727051957679956,74.0,
PPO,0,122.0,0.016656045841927244,341021.4867814851,15843.570026400916,0.6474195873906902,92.0,
PPO,0,123.0,-0.03277836265012514,410148.757695462,13982.327073146973,0.661284598110533,86.0,
PPO,0,124.0,-0.09176100541814083,473256.87863723503,13566.83151557691,0.6379355289510157,84.0,
PPO,0,125.0,0.008637921196885018,413140.3345026321,12877.673413168897,0.6471203615650377,82.0,
PPO,0,126.0,-0.008462672849947487,422971.1724259646,12458.590509442507,0.6422288920359083,86.0,
PPO,0,127.0,0.01982777243600238,416791.3468923728,12257.392222231138,0.6468034900030727,78.0,-0.03856639191508293
PPO,0,128.0,-0.06123319926524814,399353.628394434,16126.358218172047,0.6447602729729262,86.0,
PPO,0,129.0,-0.02041981838692951,448960.4239564148,12384.975588076692,0.6476044628929997,84.0,
PPO,0,130.0,-0.2183338180301323,496225.4190732227,17147.275569570895,0.6358964506267776,86.0,
PPO,0,131.0,-0.11852355790517571,437415.8084417547,15302.15929131673,0.6513129183393352,88.0,
PPO,0,132.0,-0.015526839853401905,384346.57306163554,14462.585994213603,0.6634204605492028,84.0,
PPO,0,133.0,-0.029523652049985274,482256.3046815527,11411.902639057529,0.6398704726245941,80.0,
PPO,0,134.0,0.02057652338442889,387391.1202439662,13036.627540358624,0.6643306400048244,84.0,
PPO,0,135.0,-0.13237883806108852,504452.6167350169,13605.357951482854,0.6445806756121576,88.0,
PPO,0,136.0,-0.266243394216061,523572.40195066284,16511.595812284468,0.6421733014205963,92.0,
PPO,0,137.0,-0.03015581344320896,445517.3965755682,12543.140467140283,0.6427403611197179,86.0,
PPO,0,138.0,-0.16192380177655166,451411.18957084947,17155.31065136616,0.6435339995288615,88.0,
PPO,0,139.0,0.06400716664853767,411407.8731535597,10569.496869808378,0.6354018430099011,80.0,
PPO,0,140.0,-0.11277812229688358,484839.26205621194,13834.812456709295,0.6300324710650119,88.0,
PPO,0,141.0,-0.09080323277606192,372519.24976527,18461.3652261983,0.6452180752817647,84.0,
PPO,0,142.0,-0.13725483499928443,498804.9781635513,13453.55637837764,0.6352290173221694,78.0,
PPO,0,143.0,-0.032174798369896354,459725.04801186145,11987.740369799674,0.6543640542808495,72.0,-0.01818088348954916
PPO,0,144.0,0.002085935167076544,410251.6968190478,13069.487865183513,0.6656013964132814,84.0,
PPO,0,145.0,-0.18670665453221522,513373.6186803367,15446.358027861073,0.650061934619888,88.0,
PPO,0,146.0,-0.19571904772099796,499710.0816701573,16458.684602413214,0.638040159580783,88.0,
PPO,0,147.0,-0.21989924100417016,549235.5759997072,14566.627974113237,0.6486219217717835,84.0,
PPO,0,148.0,-0.06825051323919401,402394.56520138116,16037.580031087542,0.6459932105024062,92.0,
PPO,0,149.0,-0.002826435283681266,429004.19811754,12566.764898822265,0.6407759129203288,86.0,
PPO,1,0.0,-0.07065572863894547,391416.85800789035,8070.501040475421,0.6411264872226344,70.0,
PPO,1,1.0,-0.045223809183913145,301349.6470403687,11458.305598747635,0.6310331747583702,86.0,
PPO,1,2.0,0.021802542294018876,313037.9098361678,8927.417510077836,0.61615436727588,76.0,
PPO,1,3.0,0.06417295002417894,259388.166490939,10915.029331321333,0.6262519807799617,82.0,
PPO,1,4.0,-0.06802967392553073,291705.38972999173,12579.194911575365,0.642512276689752,82.0,
PPO,1,5.0,-0.21539063950366324,405638.971392461,10973.856414781834,0.6347096561376802,78.0,
PPO,1,6.0,-0.2972676517903582,421458.2574245355,12437.558845240002,0.6154816262723076,80.0,
PPO,1,7.0,-0.20599202467423489,370516.2513214722,12171.049292709673,0.6371874496296233,82.0,
PPO,1,8.0,-0.10881724699628538,343332.7541458125,10661.175509509849,0.6437982014355766,84.0,
PPO,1,9.0,0.04249246831779433,290983.14669916173,9537.38632635326,0.6361094658502048,78.0,
PPO,1,10.0,-0.15027876085620034,364215.2902353784,10363.47772115879,0.6459346439005067,80.0,
PPO,1,11.0,-0.03861930938837745,288943.7123598864,11467.04440345381,0.6283457834619938,80.0,
PPO,1,12.0,-0.15474178609468175,359579.4421596941,11428.978684581392,0.6296132732613846,84.0,
PPO,1,13.0,-0.06092687282390834,291899.74102895125,12446.705982722531,0.6159107343964335,86.0,
PPO,1,14.0,-0.07424483682490665,357065.40721790754,9471.41036448934,0.6391517009053362,68.0,
PPO,1,15.0,-0.10428914290726744,298601.7784596101,13502.228508633176,0.6353369170090121,82.0,-0.04753610212355852
PPO,1,16.0,-0.07901822991891114,304416.04275454185,11765.365760943347,0.609198673370468,84.0,
PPO,1,17.0,-0.1757347861099078,399321.05016511417,10111.808462249863,0.6495712241153055,82.0,
PPO,1,18.0,-0.14696187969998942,387340.3973603064,9907.797863022228,0.6351490615531391,80.0,
PPO,1,19.0,0.014642694364144714,301236.09379343584,9952.99143627958,0.6313590864473118,76.0,
PPO,1,20.0,-0.075757356139535,364553.56844284985,9093.007225779085,0.6096029117943224,76.0,
PPO,1,21.0,-0.17438890228268739,352975.52484467777,12325.444643222032,0.6258253124255876,80.0,
PPO,1,22.0,-0.22569034984138486,371012.1853030435,12840.18312577289,0.6335474865193413,80.0,
PPO,1,23.0,-0.2533001065382238,363150.80979257554,14116.91719503801,0.6299141058439031,78.0,
PPO,1,24.0,-0.029653058492094552,320089.1367107821,10177.969912033617,0.6022146292944827,84.0,
PPO,1,25.0,-10.00737258688329,287327.76067382784,10423.071111061898,0.6319955149831209,75.0,
PPO,1,26.0,-0.21780006818482267,400621.7897806974,11389.697756568023,0.6225666286029229,80.0,
PPO,1,27.0,-0.1088618651846663,365343.4736156362,10083.907090847859,0.643344228029951,76.0,
PPO,1,28.0,-0.12556752975109872,318739.7229657167,12310.236108502026,0.6265466218014997,80.0,
PPO,1,29.0,-0.30501633957737506,395122.9330054346,14538.65598026456,0.624875239084699,86.0,
PPO,1,30.0,-0.13697939389792507,381285.51707550196,9540.18510173893,0.6562560487076461,80.0,
PPO,1,31.0,-0.19755815197972781,356686.5403726584,12894.186099377395,0.611976102756795,82.0,-0.046436356380581856
PPO,1,32.0,-0.06722234683907438,359126.8076545713,9268.756295942656,0.6459111413877106,76.0,
PPO,1,33.0,-0.088513139336227,364257.4294328882,9630.421715017634,0.6183442462610806,76.0,
PPO,1,34.0,-10.169976065678096,378954.61655654764,10599.674660560993,0.6632881260217227,79.0,
PPO,1,35.0,-0.15448152485633934,363388.5659424221,11369.45873654165,0.6317281736214113,84.0,
PPO,1,36.0,-0.21572428266617216,383511.8853423296,11903.965280259332,0.6464189986248114,82.0,
PPO,1,37.0,-0.0718958782167782,363685.906370652,9061.026910580124,0.6350180308560388,76.0,
PPO,1,38.0,-0.08452936307751496,332369.0022182288,10862.578780494303,0.6520873940923402,80.0,
PPO,1,39.0,-0.13349340642953986,323234.3495087612,12627.571377687324,0.6334399996033898,80.0,
PPO,1,40.0,0.01919738992693839,273245.475109519,11317.94628509873,0.6230162076446399,84.0,
PPO,1,41.0,-0.0054065148196959754,352460.8809650718,8205.102963431564,0.6311307301115737,76.0,
PPO,1,42.0,-0.05458058667246818,310634.59237179084,10967.50699629226,0.6360761807285886,80.0,
PPO,1,43.0,-0.05006730425308774,344290.26337698504,9430.992342707304,0.6467085606487009,80.0,
PPO,1,44.0,-0.2538272578868083,388546.2278961157,12524.248970850906,0.6331989926608795,86.0,
PPO,1,45.0,-0.11917070637721942,348558.725832471,10497.843491430223,0.6434798265762874,82.0,
PPO,1,46.0,-0.20252642447043448,344269.48555971443,14026.857893355002,0.5994957399067183,80.0,
PPO,1,47.0,-0.11363549936465947,321223.24060636346,12072.988357699536,0.6310381351166793,82.0,-0.04795823525637388
PPO,1,48.0,-0.1622846898947437,343181.9551103884,12688.75328086405,0.6316197716049512,82.0,
PPO,1,49.0,-0.052681161685834144,308720.5937513626,11318.217762343556,0.615565150278841,86.0,
PPO,1,50.0,-0.1714504645891655,396997.8484518304,10284.234769125866,0.6364458715459724,80.0,
PPO,1,51.0,-0.34688062750963544,490429.4222172325,11033.11224773877,0.6159832452850443,80.0,
PPO,1,52.0,-0.057126107989809695,339391.112316389,9984.756378408447,0.6368945864713358,76.0,
PPO,1,53.0,-0.05918441238621594,316540.7197374961,10279.264028002272,0.6315526729131721,82.0,
PPO,1,54.0,-0.20394630416485052,415848.35980177013,10049.035385229674,0.6322658459368079,74.0,
PPO,1,55.0,-0.12839182489530726,328621.48335162306,12520.671831022282,0.6288072845029375,80.0,
PPO,1,56.0,-0.21221284518621075,395623.6370340424,11181.525899612845,0.6385807542619706,82.0,
PPO,1,57.0,0.0954666358747201,280826.5037918453,9035.574936450144,0.6458764322017188,78.0,
PPO,1,58.0,-0.27671744596894626,379538.62180610606,10987.9135373448,0.6367968587793026,82.0,
PPO,1,59.0,-0.1071647008334372,312734.6829899726,12632.893659993146,0.6185225814544852,84.0,
PPO,1,60.0,-0.34054364406155724,471192.5334437492,11616.188079765816,0.6411626006235369,78.0,
PPO,1,61.0,0.056758201707200334,271412.5397645491,10585.306141240377,0.6376771439808152,76.0,
PPO,1,62.0,-0.1880858246278438,443505.6698335725,8714.573513873818,0.618485910701626,74.0,
PPO,1,63.0,-0.17073430229254616,384832.3801113103,10782.482901558915,0.6258446098406045,76.0,-0.005640831775963306
PPO,1,64.0,-0.23596838797038946,369905.1213628306,13191.084754577767,0.6254154399684909,84.0,
PPO,1,65.0,-0.02720502873030511,331593.19815195823,9398.392906342497,0.6199080622670623,76.0,
PPO,1,66.0,-0.08589734414226186,330068.2413218864,11173.074825391312,0.6328548005156164,82.0,
PPO,1,67.0,-0.04861647525147207,312586.7237198767,10832.820792797373,0.648343181978935,80.0,
PPO,1,68.0,-0.13144315742267226,361797.2306906867,10857.129017849598,0.6255030939658369,80.0,
PPO,1,69.0,-0.27359886574372794,399885.9906866472,12319.295388545783,0.6220988748528054,84.0,
PPO,1,70.0,-0.06703709182048466,272563.5785744829,14143.070361367047,0.6151639805584906,86.0,
PPO,1,71.0,-0.3219126449251313,486382.4359998568,10229.491113710428,0.6277747509312043,82.0,
PPO,1,72.0,-9.936214048049733,291366.9539607402,9371.399969438793,0.6523663884354105,77.0,
PPO,1,73.0,-0.21332461946836834,430308.6022149401,9514.778462765607,0.6376489949026012,78.0,
PPO,1,74.0,-0.3386128110906283,444613.68097037106,12443.756203874324,0.6258114911144722,78.0,
PPO,1,75.0,-0.11708097091369496,337813.05609909893,11323.583978972578,0.6299264263028809,84.0,
PPO,1,76.0,-0.0715034257860878,330213.5377675084,10500.88322071568,0.6337530184981547,82.0,
PPO,1,77.0,-0.06923940904919385,306188.97640311666,11581.417544202117,0.6369957473003055,76.0,
PPO,1,78.0,-0.07671700010688035,319147.6683137214,11540.600631873242,0.6389149542497983,80.0,
PPO,1,79.0,-0.08602215992440368,381655.8891512122,8760.745571531894,0.6389039768950747,78.0,-0.0444173077121377
PPO,1,80.0,-0.1146955447536743,330480.7865016887,11993.684315898727,0.6333614480605568,80.0,
PPO,1,81.0,-0.07237127800688428,372744.81316255894,8663.707127997857,0.6439851844053098,76.0,
PPO,1,82.0,-0.15038179233848795,366132.0027439347,10877.689168781251,0.6351656829520091,80.0,
PPO,1,83.0,-0.22612291468841392,416471.9064294446,10061.422386446522,0.6416480069466627,78.0,
PPO,1,84.0,-0.051272955371140974,302419.708486167,11733.042437650622,0.6378941192472786,82.0,
PPO,1,85.0,-0.08564781798197986,332168.3311770877,10914.221753729695,0.6436928558542621,82.0,
PPO,1,86.0,-0.15157059011204455,346229.7683159955,11690.676181541945,0.6185156872689346,86.0,
PPO,1,87.0,-0.08412994795640807,382715.81035696605,8697.877523971918,0.6213947725416801,74.0,
PPO,1,88.0,0.06222939643721059,293403.7619570578,8955.986701403788,0.6394254007186576,82.0,
PPO,1,89.0,-0.19094618368396918,351582.5515514082,8013.431504073754,0.6412019247012606,74.0,
PPO,1,90.0,-0.08815645576760861,325741.366517939,11398.509897401595,0.6294700102179422,82.0,
PPO,1,91.0,0.014776489532191225,283232.920676652,10890.477887414954,0.6430459121668959,80.0,
PPO,1,92.0,-0.19536027547047063,394446.1799031221,10743.586635909634,0.6290964317483206,80.0,
PPO,1,93.0,-0.08894346686089363,307146.13439342164,12146.863096312274,0.6430934620596147,82.0,
PPO,1,94.0,0.041538083403686206,273588.62131217803,10838.632926890674,0.6115413076655001,76.0,
PPO,1,95.0,-0.14650061580664844,331787.10407394747,12936.615882233185,0.625870999507822,88.0,-0.03079961147159338
PPO,1,96.0,-0.19776377326005193,428428.67255527305,9326.544551405348,0.6433126428389178,80.0,
PPO,1,97.0,-0.15956285704920833,324451.5997767735,13598.161931321281,0.6374560068462128,82.0,
PPO,1,98.0,-0.12286731956816152,284394.50731499464,14809.618482343869,0.6367758538641795,86.0,
PPO,1,99.0,-0.05234852664485669,305682.2966843213,11483.842857868649,0.6104127359793615,82.0,
PPO,1,100.0,-0.3009267370709658,409885.5389498433,13219.64861792433,0.6380345645736448,88.0,
PPO,1,101.0,-0.09571918810026472,321789.5244029029,11724.194983333906,0.6207487639482467,82.0,
PPO,1,102.0,0.15045175702961866,268766.4884731596,8295.263886331377,0.6414070608552275,78.0,
PPO,1,103.0,-0.020303874115580038,260162.31020619042,13583.217073990007,0.6172846882144922,86.0,
PPO,1,104.0,-0.05638654659140148,309354.793779586,11485.499761917696,0.6240913858395469,84.0,
PPO,1,105.0,-0.0017595271594041386,274815.69669368904,11952.63432795404,0.6333726578569472,76.0,
PPO,1,106.0,-0.2015444066212544,379868.8299047863,11832.499334044198,0.6217649291099445,80.0,
PPO,1,107.0,-0.03138473199630723,301161.1463978514,10792.655773462362,0.6440472785810367,80.0,
PPO,1,108.0,-0.23279689189469288,429149.60719316924,10597.915436864576,0.6276715241920641,84.0,
PPO,1,109.0,-0.15461554016029078,368859.28124673,10644.406015745086,0.6385318164110708,84.0,
PPO,1,110.0,-0.17758294880403994,382540.2267857556,11038.275722520151,0.6407906344518397,80.0,
PPO,1,111.0,-0.04049414943511459,309868.9193655652,11037.923170740936,0.6157162303231289,88.0,-0.016559389419853687
PPO,1,112.0,-0.03164122535963527,296008.31983455236,11455.60619133378,0.6342182651616384,82.0,
PPO,1,113.0,-0.11402320536873682,351380.9000358715,10737.294481400777,0.6244567270410969,78.0,
PPO,1,114.0,-0.05704602471611077,317712.09257919237,11014.754104890897,0.6135053662128285,82.0,
PPO,1,115.0,-0.0944710136850684,309729.2341315342,12627.775866459331,0.6359051374575646,84.0,
PPO,1,116.0,-0.15991395372592282,368548.5858191574,11192.782605471482,0.6342232562974134,82.0,
PPO,1,117.0,-0.20616085653082905,384552.94713988143,11621.22095523414,0.6292949918923116,82.0,
PPO,1,118.0,-0.14985389147029707,340197.00010919926,12525.638486539996,0.6230492403255564,82.0,
PPO,1,119.0,-0.11402314191513002,366795.77285155153,9617.773280942276,0.623559442306433,72.0,
PPO,1,120.0,-0.25348323028267095,403139.88287699205,12144.712037157618,0.6059407482616396,84.0,
PPO,1,121.0,-0.2011050652901558,377760.51376480184,11814.32015770773,0.6345890206803075,80.0,
PPO,1,122.0,-0.1818652144804584,361737.99506104994,11785.09486413827,0.6415253194538496,82.0,
PPO,1,123.0,-0.10269780190912085,338637.89748771477,11186.86283338718,0.6374590549812154,82.0,
PPO,1,124.0,-0.103523477176892,319620.9767093788,12299.09840897271,0.6376784070336254,84.0,
PPO,1,125.0,-0.3053669297521595,435983.22981701564,11506.028491273599,0.637560456514356,82.0,
PPO,1,126.0,-0.052034470333396976,312963.6602718705,11119.38417635106,0.6433774031354805,86.0,
PPO,1,127.0,-0.10421372479715561,319453.15095113596,11931.825351014711,0.6292189466852368,78.0,-0.03403142746537924
PPO,1,128.0,-0.05988253168454158,308332.63777885615,11672.458000744567,0.633182891218952,80.0,
PPO,1,129.0,-0.12059467661732423,328535.61373118643,12154.055390589125,0.6423161300626948,86.0,
PPO,1,130.0,-0.003754419023791266,330941.8964491975,8873.5720266934,0.6329640233887419,76.0,
PPO,1,131.0,-0.1082974562431742,304253.158003382,13094.505170475706,0.6173675284622879,86.0,
PPO,1,132.0,-0.17408329186918042,356249.079300774,12411.792631234246,0.6227326870850735,82.0,
PPO,1,133.0,-0.26110159988626436,304140.3488411648,19210.56025587215,0.619950009212623,94.0,
PPO,1,134.0,0.008917611272730046,289104.963368163,10420.552613072834,0.6324954383412659,78.0,
PPO,1,135.0,-0.1605100994839075,368514.3387999068,10958.717399985459,0.6392271292031715,82.0,
PPO,1,136.0,-0.003098909245701373,322692.2696464226,8920.228820645649,0.6334110771521927,76.0,
PPO,1,137.0,-0.17854254064775416,350479.0595462928,12726.869327426766,0.6459694196130797,86.0,
PPO,1,138.0,-0.06544436905154773,282799.53407348716,13320.255559744834,0.6420404427535796,82.0,
PPO,1,139.0,-0.17474647234984106,333639.1728941497,12595.406910838676,0.6199786730522999,88.0,
PPO,1,140.0,-0.0560963014644065,332304.01477560354,10279.080866453118,0.6458542255142062,80.0,
PPO,1,141.0,-0.0066064924330040565,299849.5711760682,10604.927559473701,0.6259735624041722,80.0,
PPO,1,142.0,-0.08173526391345087,307846.63510329096,11521.557798647837,0.6358102326522791,82.0,
PPO,1,143.0,-0.04517479923001595,328267.87460355274,10137.478760221857,0.6160691333566086,80.0,-0.03824889473617077
PPO,1,144.0,-0.1798141490125346,353942.26670356956,12203.511873117212,0.6335174314539005,82.0,
PPO,1,145.0,-0.1509301176551022,362537.61138621747,11315.769729259946,0.6120545865089093,86.0,
PPO,1,146.0,-0.18695287343496225,365523.8763563241,12067.381376636513,0.6342833282628563,84.0,
PPO,1,147.0,-0.18326354433514813,356731.6451643836,12498.814971169253,0.618093282162379,86.0,
PPO,1,148.0,-0.07648593920084326,341949.175797682,10239.975475970066,0.6143928259359156,80.0,
PPO,1,149.0,-0.18128523413948655,399685.9308741915,10147.558992093085,0.6352340514916492,78.0,
PPO,2,0.0,-9.59826235776873,294061.4653192179,15125.162125351657,0.5760921628682868,87.0,
PPO,2,1.0,-49.793377511924426,370251.76456102025,15585.090444458403,0.5632207612320986,87.0,
PPO,2,2.0,-79.87364395940088,413766.5603314415,14047.543491067621,0.5628172118473258,90.0,
PPO,2,3.0,-100.01500233277328,166223.41295820102,11667.070262900732,0.5716584663014792,90.0,
PPO,2,4.0,-49.85900891629473,382997.1064923167,15715.035751035039,0.5722802259446291,89.0,
PPO,2,5.0,-110.14977841175558,197719.30341486234,12602.942623417164,0.5712200228576699,89.0,
PPO,2,6.0,-80.08160325411457,184610.1527191173,11856.50890174885,0.5620013635276908,92.0,
PPO,2,7.0,0.4599453082781165,297103.21514481667,12961.406747107963,0.5781005174494439,82.0,
PPO,2,8.0,-110.33693284759921,248405.52939671013,13804.848786864419,0.562450684871035,89.0,
PPO,2,9.0,-70.23637435033018,231243.7670904857,11911.331317263814,0.5535153623243662,93.0,
PPO,2,10.0,-70.24141328262667,204408.13932290935,14820.124451368396,0.548733902853289,93.0,
PPO,2,11.0,-70.19666547118801,209129.02610513882,12923.302414721484,0.5608561379633286,93.0,
PPO,2,12.0,-110.09341627459132,187199.8229275192,11934.87793128009,0.5580115053652425,89.0,
PPO,2,13.0,-50.443175229362666,261435.41296796367,16403.960304331755,0.563563937281605,95.0,
PPO,2,14.0,-69.7228901858996,339266.01111580874,15596.307231627577,0.5618798525403554,87.0,
PPO,2,15.0,-29.406056880697204,216444.16659661097,15193.321438893723,0.5692578510754467,87.0,138.26008987426758
PPO,2,16.0,-79.71272389638999,336900.2336895909,13808.884329471774,0.5622757498348558,90.0,
PPO,2,17.0,-29.52918409015159,255247.44134857418,16007.055174198189,0.5537767070378468,91.0,
PPO,2,18.0,-9.476763124122554,269969.49736016296,12453.400393996106,0.5691261884028196,83.0,
PPO,2,19.0,-60.52086759828479,292921.11445045716,14722.919658630735,0.5818797377143607,94.0,
PPO,2,20.0,-90.20357313595048,216967.0008538772,12444.840501369017,0.5617516884517819,91.0,
PPO,2,21.0,-9.595090413564343,278105.29082374484,15899.77818941726,0.576891149183088,91.0,
PPO,2,22.0,-69.90700859061027,335009.6748073954,20051.90226175307,0.5604112534883211,93.0,
PPO,2,23.0,-69.6913836091518,317129.6692728983,16670.54520434924,0.5713774236327585,89.0,
PPO,2,24.0,-80.39303903434417,254917.75301292478,13768.815080221271,0.5512092808025658,92.0,
PPO,2,25.0,-120.15426318706446,188286.3615903487,13485.793562102293,0.5719711915266762,88.0,
PPO,2,26.0,0.3313545146413616,293176.061182074,18270.108916459933,0.5697670638347746,92.0,
PPO,2,27.0,-49.52695919790545,243771.58613984016,16746.9186203158,0.5750147933413933,89.0,
PPO,2,28.0,-70.38663397409121,260463.68308465547,13851.043545061133,0.5606673764700529,93.0,
PPO,2,29.0,-70.53187818322682,293659.6692928329,15858.158973497737,0.5892945501954663,93.0,
PPO,2,30.0,-19.58842879079649,311407.36811825616,11003.90695574613,0.5689405963426792,84.0,
PPO,2,31.0,-39.6541993805096,311416.1345412321,15211.57320216812,0.5461119109525263,90.0,141.76848602294922
PPO,2,32.0,-49.73217277482865,346113.4334380441,15968.507249609593,0.5682003589388774,89.0,
PPO,2,33.0,-29.495776441702617,273920.6487223341,13310.438853932787,0.5720759412616249,83.0,
PPO,2,34.0,-70.25087715991333,220506.71653372786,13466.428400668161,0.5442557078607516,93.0,
PPO,2,35.0,-100.47367535459742,279190.1958921993,15195.117754201468,0.5600476490175793,90.0,
PPO,2,36.0,-29.859498135215386,384340.85043737356,17556.92078984311,0.5693929623245336,87.0,
PPO,2,37.0,-49.60624491813452,308414.3173202206,14228.594161411393,0.5526432030845957,89.0,
PPO,2,38.0,-19.434055667638663,238797.77038055522,13960.181669318752,0.5703006062720036,84.0,
PPO,2,39.0,0.2776252902423716,312692.93143781996,16527.062920619344,0.5688725379340973,92.0,
PPO,2,40.0,-19.587248067870842,331587.2267766948,11166.621069183548,0.6000391849761395,80.0,
PPO,2,41.0,-79.47941404289634,242006.5271777604,15089.610000613313,0.565248991310427,88.0,
PPO,2,42.0,-90.04326086103751,168187.3630030318,12221.166359089118,0.5656421283678869,91.0,
PPO,2,43.0,-19.61795599564781,317035.07462530886,14202.560950162915,0.5868915897478914,86.0,
PPO,2,44.0,0.5928584263804971,233564.07473505047,14052.18063648477,0.575300328454614,86.0,
PPO,2,45.0,-90.20225208625966,212748.39269820286,12733.078017690852,0.5588526649755101,91.0,
PPO,2,46.0,-19.674611704644054,341956.26933481515,13647.935486503216,0.5605404314352151,84.0,
PPO,2,47.0,-89.72096598418285,320349.2829257014,17567.718271093472,0.5646510379133834,91.0,291.46217346191406
PPO,2,48.0,-110.26350731451649,210370.8458929742,13101.393084799778,0.5638463305350151,89.0,
PPO,2,49.0,-29.793540968339027,345298.07094464,15422.138969040956,0.5805683520494624,87.0,
PPO,2,50.0,-50.302738932873126,237206.5922476224,13751.395640734865,0.5680948249700495,95.0,
PPO,2,51.0,-29.70288845787177,298792.87191118806,14843.493144280268,0.5625856058489086,93.0,
PPO,2,52.0,-9.517388210526015,278902.57062394393,13400.046668237614,0.5829622573839139,89.0,
PPO,2,53.0,-9.479474284497753,253496.36086876236,14231.36101727031,0.546321552033882,93.0,
PPO,2,54.0,-100.20209380762924,211914.94598882817,12800.970874215405,0.5602005379738801,90.0,
PPO,2,55.0,-59.61453617862045,321197.5117543162,13437.4670664067,0.5669279467488516,90.0,
PPO,2,56.0,-49.84776223013498,332768.1966719207,17320.373822678695,0.5538518220239388,95.0,
PPO,2,57.0,-59.64222262905907,319363.9035701512,13960.052349612146,0.5804235845179675,88.0,
PPO,2,58.0,0.5460335526774598,231126.120286655,15808.698297034882,0.5542823252102583,92.0,
PPO,2,59.0,0.5812671971169789,233254.20306874922,14169.992454851114,0.5571942393784847,90.0,
PPO,2,60.0,-9.552088819810004,269689.03345007345,15213.901486118923,0.5728651481079182,87.0,
PPO,2,61.0,-89.49956005027677,253613.74732518982,15122.06026850332,0.5579771607611355,91.0,
PPO,2,62.0,-19.570132417208576,278118.54114272713,15379.617286165509,0.5656913090034673,88.0,
PPO,2,63.0,-80.10847247465648,181557.60499137978,12040.862288936221,0.570985395905316,92.0,237.1058235168457
PPO,2,64.0,-19.52053899570166,243536.45893179503,16875.926690866225,0.5508619539192519,92.0,
PPO,2,65.0,0.2229843399486565,346935.92932807194,16499.710467211793,0.5776233434219187,88.0,
PPO,2,66.0,-29.5725485357439,267922.5594717414,16201.55192103662,0.5656721910940861,95.0,
PPO,2,67.0,-29.519676273638282,252747.9145693353,15604.648440849485,0.5603670388462862,97.0,
PPO,2,68.0,-29.75828101499676,350723.75711413805,16013.044447170754,0.566100640559175,91.0,
PPO,2,69.0,0.6040803642511101,222641.9156336643,14098.517431979097,0.564010182222253,86.0,
PPO,2,70.0,-30.229250624823976,211059.07425762888,13838.201128061575,0.555682748401573,97.0,
PPO,2,71.0,-9.726650137187058,328946.44424125523,14828.32375110286,0.588283216128347,95.0,
PPO,2,72.0,0.5126398355733351,259383.79312997407,14475.17519577811,0.5872013899709878,88.0,
PPO,2,73.0,0.37245326508895066,313369.2254361961,11895.810132012055,0.5698134651869835,92.0,
PPO,2,74.0,-50.295611960862544,226502.25394932745,14014.068325692033,0.5699007946218299,95.0,
PPO,2,75.0,0.2888522318467905,295467.2281321823,19233.108172262386,0.5701822626560843,94.0,
PPO,2,76.0,0.401279010737223,246388.58237860823,17734.72953118025,0.5465581948026917,94.0,
PPO,2,77.0,0.3082329142580652,334333.33528482285,15029.127014459873,0.5802066563035894,92.0,
PPO,2,78.0,0.3175297680668125,291818.6827752866,17095.87418017022,0.5783582881326867,90.0,
PPO,2,79.0,-49.567733672776995,272901.5980166527,14869.942993967132,0.5731567259143184,91.0,28.102927684783936
PPO,2,80.0,-19.707977011764694,306748.97547444364,16679.184521830197,0.5716366003336781,94.0,
PPO,2,81.0,-29.743303631872642,327973.11442160286,16107.560604268307,0.574611814596346,89.0,
PPO,2,82.0,-29.705837060748586,308262.89262162545,17743.3089126395,0.5657323561686881,93.0,
PPO,2,83.0,0.3155466346544101,299602.2511778104,17691.234593739908,0.5706725761754491,92.0,
PPO,2,84.0,-19.756788216262876,315931.9909354548,16713.59294332989,0.5485323377159961,94.0,
PPO,2,85.0,0.2746864368545013,322578.7158981824,15532.912413602002,0.5604844926462247,96.0,
PPO,2,86.0,-9.706122662511113,315374.5894621902,17372.458847530866,0.5619445808548834,93.0,
PPO,2,87.0,-9.664218500071364,274530.473348203,19762.182884637812,0.5605022597397231,93.0,
PPO,2,88.0,-60.32521134970245,235104.9310110795,14459.321516903494,0.5480218491845343,94.0,
PPO,2,89.0,-19.68662189530397,305540.55530027574,17137.299266031918,0.5552503467257933,96.0,
PPO,2,90.0,-19.749365650260888,328455.6800883821,17929.255487611797,0.5679077384589375,92.0,
PPO,2,91.0,0.35225911340523197,251172.72423549337,17841.800784242725,0.5896629606304533,92.0,
PPO,2,92.0,0.586170135858302,212423.46334710298,16437.462204230716,0.5587460034374144,94.0,
PPO,2,93.0,-9.633776232586346,309223.38801313256,14940.456397929223,0.570973171232202,93.0,
PPO,2,94.0,0.45602886533220977,209882.74723218632,22801.012540486438,0.5500983857431266,98.0,
PPO,2,95.0,-39.760670389112725,329335.25180990034,18595.04507161456,0.5636660288013066,96.0,26.142796993255615
PPO,2,96.0,0.4535529755118254,248657.0817346385,16479.49307804269,0.5573271402032732,96.0,
PPO,2,97.0,0.2772515207741271,309019.41711265204,17472.479514211427,0.564287040854275,94.0,
PPO,2,98.0,-29.651152577991915,236415.72021444503,16957.72200555871,0.5680464930625816,97.0,
PPO,2,99.0,-20.451410739327383,273122.84833169926,14786.881602832316,0.5666255544245237,98.0,
PPO,2,100.0,-29.765572955182535,330099.7606167787,17866.01245097162,0.5520220718032245,97.0,
PPO,2,101.0,0.1663346596014899,359541.8547811334,17390.528784232654,0.5783051124197492,96.0,
PPO,2,102.0,-19.710710610261444,251779.3382466049,22093.44336968472,0.567897115642287,98.0,
PPO,2,103.0,-9.645988454918324,274354.6930539297,16693.61770400499,0.5584120318125985,99.0,
PPO,2,104.0,-19.808164128206393,287781.82289874693,19999.80588199306,0.5699474124026299,98.0,
PPO,2,105.0,-19.681144194373918,308054.72961252404,16028.932057920649,0.5709967574307496,96.0,
PPO,2,106.0,-10.288027451778241,246392.0226696238,12299.785925780227,0.5528584069955593,99.0,
PPO,2,107.0,-19.690438423793324,321747.114310309,15919.123543175821,0.549643993745002,98.0,
PPO,2,108.0,-30.111965611958592,187624.3066536736,12505.42833920241,0.5486463096688758,97.0,
PPO,2,109.0,0.10248452256701766,336224.6956148093,20753.502799989332,0.5582225960983694,100.0,
PPO,2,110.0,0.2941481700346679,269266.4609874287,21725.19819606212,0.5585260143622314,100.0,
PPO,2,111.0,0.33036318098921535,242585.851639769,19915.593599122505,0.5617479724507043,98.0,3.3107075095176697
PPO,2,112.0,0.2110669894241018,334859.48750105384,19055.830532190907,0.575751714800658,100.0,
PPO,2,113.0,0.2850514168601877,312555.2282531757,18657.55821352527,0.5721905055205605,100.0,
PPO,2,114.0,0.3732170322267803,254158.5482147236,19863.379133932478,0.5624201048658644,98.0,
PPO,2,115.0,0.2976246213461596,283973.3506714353,20180.27972212165,0.572898102199325,98.0,
PPO,2,116.0,-19.64565774452522,290268.16613792354,17279.265748653994,0.5520732485576536,98.0,
PPO,2,117.0,0.4426927506062395,263961.47559610114,16573.208866099652,0.5648555474709511,92.0,
PPO,2,118.0,-9.694087417911467,276141.2800794244,18399.187083185843,0.5684809579505001,99.0,
PPO,2,119.0,-20.636745394988502,313931.95679506584,17088.4686762017,0.5596282048255445,98.0,
PPO,2,120.0,0.3393234549069452,290854.0312032379,17595.912499521906,0.5711762734492071,96.0,
PPO,2,121.0,0.24921465822707667,298687.09715317265,21387.5476634563,0.5426083347867188,100.0,
PPO,2,122.0,0.416710859848461,232245.46891968933,19926.613906686474,0.564254267711592,100.0,
PPO,2,123.0,-9.580878333844412,251145.1944560552,18581.790809894894,0.568764592671542,99.0,
PPO,2,124.0,0.2802218945069962,291408.30490487354,20204.87579061335,0.5661299810042478,96.0,
PPO,2,125.0,-9.743040233590051,314856.987513027,19912.416461953268,0.5703600942611514,99.0,
PPO,2,126.0,0.42320719865844186,251241.01183546905,16510.539472762437,0.579587479861069,96.0,
PPO,2,127.0,0.3141361801762059,313063.78769292805,14534.992543241413,0.5825584058234199,92.0,3.557800769805908
PPO,2,128.0,-19.819568644652797,379617.2800395167,17295.34251959562,0.5604046078128216,94.0,
PPO,2,129.0,-19.586219705862472,258253.8514849945,18462.649333011635,0.554088284423533,98.0,
PPO,2,130.0,-0.3108567916434285,213136.83969178319,16233.94296558583,0.5456331161523217,100.0,
PPO,2,131.0,-10.231717356077498,218175.0976990898,13183.807486545931,0.5466495477392947,99.0,
PPO,2,132.0,0.301084876067605,244204.72168727923,20666.362688325724,0.5543724069871905,100.0,
PPO,2,133.0,-0.13490583777082968,167997.1507615624,15223.526514017865,0.5596377188328254,100.0,
PPO,2,134.0,-9.709669964464993,284709.3080950412,19000.72522387575,0.5577184808019501,97.0,
PPO,2,135.0,0.37089500314365603,242961.83974450192,19028.981675962696,0.5584936785411463,100.0,
PPO,2,136.0,0.29969962930379157,283817.82855393935,18017.556236815068,0.5578815751750521,100.0,
PPO,2,137.0,0.17224233550391968,356848.3915288586,19242.110943032403,0.5922587964690854,96.0,
PPO,2,138.0,0.2485065144046641,289762.4594743331,19598.03514808538,0.589959271774319,98.0,
PPO,2,139.0,0.2869356723976863,310035.0556372393,18364.213140987464,0.5642258858980197,96.0,
PPO,2,140.0,0.34166009750764303,245958.95318682128,22322.416259646045,0.5588146501207292,100.0,
PPO,2,141.0,0.3662831960568349,266348.91516694013,15664.626596590524,0.5706626547206775,98.0,
PPO,2,142.0,-10.435208423235524,267088.6388448129,15538.884972216483,0.5623417020235518,99.0,
PPO,2,143.0,-9.676908756344252,282536.90590001777,18533.68714370273,0.5574157837715669,97.0,4.606084227561951
PPO,2,144.0,-20.327199932144143,194473.4505531335,18408.719243454798,0.5586447711882622,98.0,
PPO,2,145.0,-9.873065340369823,351548.3914967851,19373.0196456558,0.5592109713647455,99.0,
PPO,2,146.0,-9.728521145569367,312679.472764437,19419.42289419456,0.5592903445606654,99.0,
PPO,2,147.0,0.38664822274401656,268314.95837308426,18083.053951058973,0.5548051506348664,100.0,
PPO,2,148.0,0.32608765986790306,263973.3927876156,20833.592028796356,0.5715924428299735,98.0,
PPO,2,149.0,-10.35397415343553,247132.0193148406,13336.488153135611,0.5546518997176711,99.0,
PPO,3,0.0,0.040772554268948956,509981.4527584153,10894.40156809525,0.6233832691521386,75.0,
PPO,3,1.0,-0.17560685496704181,560318.1046094178,15797.319744860217,0.6529130386368796,83.0,
PPO,3,2.0,-0.26807474709977186,720567.6938740246,12939.671705718405,0.6326277290887315,81.0,
PPO,3,3.0,-0.11704363325510034,576836.3600121025,13097.239184222577,0.6064568182371781,83.0,
PPO,3,4.0,-0.06444330154786285,543529.0658757302,12802.066924809196,0.6104608520588085,81.0,
PPO,3,5.0,0.016071910137715,424854.66972488555,15081.775950000369,0.61906610919903,83.0,
PPO,3,6.0,-0.10669352292423666,575171.29032622,12759.390638912884,0.6206773601601351,83.0,
PPO,3,7.0,-0.18886790223095012,542760.3914119838,16532.545101050007,0.6351021408339288,87.0,
PPO,3,8.0,-0.040506466329452005,443595.93567749596,16502.77937100772,0.6284180487415566,85.0,
PPO,3,9.0,-0.1400806295406683,552151.5613498598,14095.111404899608,0.6188614077778456,83.0,
PPO,3,10.0,-0.008322981179954383,461138.8866359311,14444.833765610705,0.6284877925931026,81.0,
PPO,3,11.0,-0.06386469711596052,459311.87764964445,16219.264438668142,0.6156092572654267,85.0,
PPO,3,12.0,-0.08888001073733667,546121.4486092333,13623.444241947536,0.6200621231817799,81.0,
PPO,3,13.0,-0.09968736055611102,530326.4632894577,14666.479634992653,0.616304967951656,87.0,
PPO,3,14.0,-0.009925023899655688,494706.49693990016,12755.959582675192,0.6276327865060927,79.0,
PPO,3,15.0,-0.14697167855467813,539570.0846921013,15986.804311933727,0.620936285203333,87.0,-0.03361819963902235
PPO,3,16.0,0.09340586274897189,454445.1007387224,11333.414406963373,0.6042114960379167,79.0,
PPO,3,17.0,0.003292156084439401,471896.0421485795,13465.961365039699,0.6432191996226453,81.0,
PPO,3,18.0,-0.11706459220333247,532888.8443262537,14827.112686738094,0.6461086175638738,85.0,
PPO,3,19.0,-0.14751995524919112,678912.0265278394,10823.317590667764,0.6352943518227787,81.0,
PPO,3,20.0,-0.039964520840715556,479857.9505232879,14605.835028049829,0.6058605999892259,85.0,
PPO,3,21.0,-0.18708060887434147,524608.6369163402,14861.55546512437,0.6249367693602688,83.0,
PPO,3,22.0,-0.215194073602595,582953.1834097232,16769.157707486906,0.6216769622119495,89.0,
PPO,3,23.0,-0.02021399963821503,485186.56183827686,13426.513683043691,0.6328172759440186,83.0,
PPO,3,24.0,-0.15764926345895627,542048.8775957181,16333.827361573594,0.6147024057537276,83.0,
PPO,3,25.0,-0.01579104946224358,445161.58230992925,15369.132749788216,0.6265087697883461,85.0,
PPO,3,26.0,-0.056241594150800336,466511.68440999946,15569.495962850728,0.6396154319955946,83.0,
PPO,3,27.0,-0.06983726913833187,578368.8891377856,11719.978303028063,0.6198362133247827,77.0,
PPO,3,28.0,-0.1741573186371463,535878.6860874293,16307.458417999274,0.6155228235184063,89.0,
PPO,3,29.0,-0.013248708940862646,440594.3754403897,15422.584455055996,0.6130436969007592,85.0,
PPO,3,30.0,-0.06433041077898809,501284.08208608266,14110.533718904126,0.6155371281791627,83.0,
PPO,3,31.0,-0.10452778811564964,463991.4574518372,17659.05215061839,0.6119654841558364,85.0,-0.0375935435295105
PPO,3,32.0,-0.08398452621221186,530666.0029058735,14204.127324208104,0.5984970358216521,89.0,
PPO,3,33.0,-0.12082562337350188,439891.72757842386,19539.121845225094,0.6111519801953903,87.0,
PPO,3,34.0,-0.007816267505845702,462498.41499815905,13488.37216486386,0.6291221255186191,81.0,
PPO,3,35.0,-0.07233996457889563,520641.6641837607,14080.25372467142,0.6300307435418612,81.0,
PPO,3,36.0,-0.1413661364917385,576758.8763056683,13952.287498269903,0.6232287240428191,83.0,
PPO,3,37.0,-0.03992811809161738,447550.7658155715,15866.506598925818,0.6143336996727936,85.0,
PPO,3,38.0,-0.07469167863899735,471952.1875630503,15985.567051021982,0.6046089863618369,85.0,
PPO,3,39.0,-0.0956842993708375,551155.6885200648,13379.712521267538,0.627249222683866,83.0,
PPO,3,40.0,-0.08911328248016942,480805.4557511146,16550.83831755337,0.6231792213852003,83.0,
PPO,3,41.0,-0.13182931771368112,576429.115861168,13536.996873583477,0.6188335927505244,77.0,
PPO,3,42.0,-0.14798513126316878,575408.2742123622,14273.431301542572,0.6262136546246158,85.0,
PPO,3,43.0,-0.0946863189433057,468732.67113139154,17223.31989581979,0.6090788459308906,85.0,
PPO,3,44.0,-0.11225560036337795,463976.1829462951,18494.95141193035,0.5990779215237504,87.0,
PPO,3,45.0,-0.07392744137352103,563104.136802255,12366.004070052235,0.6385603966456621,77.0,
PPO,3,46.0,-0.01408338554791341,501750.4092337666,12988.519157634244,0.6287644156902104,79.0,
PPO,3,47.0,-0.06707907167362186,426342.7263263359,18013.817776630145,0.6260245553129713,89.0,-0.049629040993750095
PPO,3,48.0,-0.13621768697063524,504378.8409694145,16019.933580866393,0.6300837393021157,85.0,
PPO,3,49.0,-0.052745735083886615,500074.5908269082,14410.184677413807,0.6289507905043634,79.0,
PPO,3,50.0,-0.1692738185857701,608768.7522921752,14047.10650758227,0.6305073165500278,85.0,
PPO,3,51.0,-0.08426102270777738,500630.56829731574,14253.174358064498,0.6036305347499134,87.0,
PPO,3,52.0,0.022983838597680332,466987.62185515434,12940.824432110338,0.6178078418175753,85.0,
PPO,3,53.0,-0.10050328506335093,483102.50671716564,16496.89684430726,0.6153916710271792,83.0,
PPO,3,54.0,-0.06027622925609282,546606.9913344604,12698.927751171837,0.6195276615557662,83.0,
PPO,3,55.0,0.05149352150345556,443404.38699090015,13136.252279040084,0.6203402587761242,87.0,
PPO,3,56.0,-0.02801990621713979,469497.50190005027,14584.223001605927,0.6363995148509398,83.0,
PPO,3,57.0,-0.05447983022932924,593877.5540333728,10873.205737832803,0.6337936098487265,77.0,
PPO,3,58.0,-0.20010651742942986,555181.700207982,16083.419126081923,0.6123000336772364,85.0,
PPO,3,59.0,-0.1141401819337064,660709.6231462737,10051.805365911283,0.6263456939980347,75.0,
PPO,3,60.0,-0.18407862442989442,563180.0787019844,15786.27200020915,0.6119576457268506,89.0,
PPO,3,61.0,-0.022567835585160664,453787.67365465255,15151.172438993786,0.6336983519499133,87.0,
PPO,3,62.0,-0.2085254010507467,575806.9127328073,15327.785060842261,0.6261393389205472,85.0,
PPO,3,63.0,-0.027827873092276082,411081.73425100633,16974.52504740498,0.6183286248141573,85.0,-0.029676048550754786
PPO,3,64.0,0.06981415160497978,446348.6938828463,12426.437393065959,0.6227537044334813,77.0,
PPO,3,65.0,-0.07520633590706462,417713.6204336304,19418.05993893868,0.6065908863579901,91.0,
PPO,3,66.0,0.0024337475329965826,498736.12649393355,12397.864436646727,0.6096532303411261,81.0,
PPO,3,67.0,-0.05217273414484605,479578.4709515509,15165.717743565918,0.6131300783311302,87.0,
PPO,3,68.0,-0.1064421013689367,564347.935088389,12512.555347063717,0.6272401024952492,83.0,
PPO,3,69.0,-0.06610826783352944,490703.59324637905,14711.521489663533,0.6186472746076843,87.0,
PPO,3,70.0,-0.10655552974325667,481532.7033776007,17010.575320451902,0.6182020292892553,85.0,
PPO,3,71.0,-0.09155329325775924,467133.32623752527,17216.96393457691,0.6346404263494031,83.0,
PPO,3,72.0,-0.0735477847556475,469535.92878198414,16344.091355548911,0.6035299578165932,91.0,
PPO,3,73.0,0.07076490258761263,401907.6846299511,14448.65069229071,0.6495452997563314,83.0,
PPO,3,74.0,-0.027601743028823223,469800.84733845585,14638.428940994156,0.618252542361792,87.0,
PPO,3,75.0,0.02944648515099718,453933.7133067687,13267.88588143458,0.6353934468955774,79.0,
PPO,3,76.0,-0.06087195977772453,492615.4131678873,14744.043722533279,0.611355148813221,85.0,
PPO,3,77.0,-0.2247168401656588,621891.1725724845,15466.519907535034,0.6266020287932913,83.0,
PPO,3,78.0,0.11687221237130277,386923.16994624946,13467.483730506985,0.6280073974371391,79.0,
PPO,3,79.0,0.033202901284241026,458918.1517807248,12991.381688317357,0.6416884818780313,81.0,-0.025617624167352915
PPO,3,80.0,-0.19663088547900398,642679.7950733437,13502.640367910364,0.5980332192995558,83.0,
PPO,3,81.0,-0.12234293014885117,491093.90680741525,16357.964264215967,0.6283372469381903,87.0,
PPO,3,82.0,-0.0286983579864021,518434.94605069683,12168.01368129841,0.623320796374827,83.0,
PPO,3,83.0,-0.09393836833021012,544558.4688604637,13590.808956233524,0.6111918219957125,85.0,
PPO,3,84.0,-0.1381119305968628,618557.47502283,12409.208994132929,0.6279826974642467,81.0,
PPO,3,85.0,-0.06025091339725945,446412.34790794953,17252.96636619999,0.6131259223579012,89.0,
PPO,3,86.0,-0.20473943192949762,545786.2499010816,17734.312202833757,0.6138577600385333,89.0,
PPO,3,87.0,-0.0367810031005763,429383.9381654911,17062.208799050586,0.6284513275716564,89.0,
PPO,3,88.0,-0.10164612202489308,588005.7594575024,12324.54290104373,0.6202348344209111,77.0,
PPO,3,89.0,-0.01489358470445637,440942.7121302395,15522.6424217799,0.6182734423904704,83.0,
PPO,3,90.0,-0.06640244327818183,644661.7680349819,9809.575125669571,0.615273882364218,71.0,
PPO,3,91.0,-0.03533703655313165,464920.76319188415,15215.956904928144,0.633890338025728,85.0,
PPO,3,92.0,-10.185735789542003,533896.5003852827,17116.663047430622,0.6199619565644876,88.0,
PPO,3,93.0,-0.05583207993070935,587333.5861080538,11084.305871953306,0.6207734065601558,73.0,
PPO,3,94.0,-0.09839729028924778,537706.529118464,14138.261924347604,0.6159018331731138,79.0,
PPO,3,95.0,-0.10602272225918402,578341.3215304698,12789.555001218814,0.6276552490719121,85.0,-0.04566170461475849
PPO,3,96.0,-0.19509775155190676,523285.15965387144,18834.020927416248,0.6155033561730463,91.0,
PPO,3,97.0,0.024499958870677855,455672.010579725,13372.076330665328,0.6199581024925921,81.0,
PPO,3,98.0,0.014114624705173443,406571.32911959605,16274.068765088785,0.6428663543859826,81.0,
PPO,3,99.0,0.08642877748653413,448113.4255395858,11673.21378775764,0.6048802326357227,83.0,
PPO,3,100.0,-0.10647625543809257,535654.8823344486,13873.488236830883,0.6374682263072796,83.0,
PPO,3,101.0,-0.19056361247734563,578629.742230819,15968.824343924909,0.6197823735149743,87.0,
PPO,3,102.0,-0.030934129088301333,495678.13503517193,13811.305316047548,0.615926886535513,83.0,
PPO,3,103.0,-0.11107100824949578,474094.8822957412,16375.718309091188,0.6326883227457734,81.0,
PPO,3,104.0,-0.21970437765634,561246.8977428062,17351.469058462153,0.6195107215238659,87.0,
PPO,3,105.0,-0.04800824386674825,429231.58180721593,17177.06522751629,0.6081325904251874,91.0,
PPO,3,106.0,0.012297416134851857,515012.33058423124,11642.401993658676,0.6527491643808366,79.0,
PPO,3,107.0,0.012651668595825678,407776.44952715415,14346.615439116955,0.6259188458178451,83.0,
PPO,3,108.0,-0.15225163015458557,574745.7156622452,14624.949656426359,0.6128210499699186,83.0,
PPO,3,109.0,0.018930404850207534,451013.7135708183,13666.953203289342,0.6102225817754409,83.0,
PPO,3,110.0,-0.08587954079531555,515215.39049904613,14826.399963004773,0.6116867233950433,81.0,
PPO,3,111.0,-0.10186454271764188,485561.46189613285,16688.843394595526,0.6323807445166326,85.0,0.014971176162362099
PPO,3,112.0,0.0311952346633542,473306.5255678768,12626.801648360786,0.6397018029846088,79.0,
PPO,3,113.0,-0.1383318834580532,676680.8205773102,10737.468277190794,0.625069209510754,79.0,
PPO,3,114.0,0.0782738902730409,402273.940257278,14019.138600086435,0.6085708880760059,85.0,
PPO,3,115.0,-0.18885093033994693,527294.1682711814,18101.270237233606,0.6025531777136157,89.0,
PPO,3,116.0,-0.008923647939760106,509249.8901138086,12432.502361675677,0.6402009818920895,85.0,
PPO,3,117.0,-0.09475599699367568,523931.2137482545,13862.22982885572,0.6310336993913488,79.0,
PPO,3,118.0,0.06443792725791415,402111.38614252716,14239.13258176019,0.626149507982648,85.0,
PPO,3,119.0,-0.1097320014784121,521211.32699721167,14926.898790458346,0.6324919818064855,83.0,
PPO,3,120.0,0.027404368490648492,413766.0590183503,15023.197914331757,0.6310480475569484,81.0,
PPO,3,121.0,-0.12792452467993778,547101.1578413516,14883.999249072791,0.6148189716220664,87.0,
PPO,3,122.0,-0.01800124399947325,492366.5322905613,11976.025129059044,0.6183028402248849,83.0,
PPO,3,123.0,-0.16949911691783845,513020.05478088534,17567.461730618194,0.611359477326908,93.0,
PPO,3,124.0,-0.09289808575856517,464454.1112622558,17752.917854878302,0.6172605090928367,87.0,
PPO,3,125.0,-0.005785646870184517,459098.2269126719,13674.177168790844,0.6039936241095187,81.0,
PPO,3,126.0,-0.11102020001913326,530799.1210246484,15061.837171179977,0.6395446385331441,87.0,
PPO,3,127.0,-0.16305510891365824,567913.7411967868,15128.13032947631,0.6247397614629776,81.0,-0.033082012087106705
PPO,3,128.0,-0.10109734666518702,544657.5604778167,13900.480870619545,0.6139376676608235,81.0,
PPO,3,129.0,-0.14193895620651029,555467.8961188816,14854.337692123561,0.6274732659062172,87.0,
PPO,3,130.0,-0.2495185098360994,676210.9317814655,14301.785604694725,0.6124357304193278,87.0,
PPO,3,131.0,-0.17134728452305972,533243.1315869852,17421.878831732833,0.6241385334509566,89.0,
PPO,3,132.0,-0.1359355947616689,639797.4448435754,11550.986757294702,0.6202069683567505,73.0,
PPO,3,133.0,-0.1547147445385963,596542.5741031622,13900.892386245894,0.6171356872880996,85.0,
PPO,3,134.0,0.01627674650877394,487671.1542065559,12034.71291584226,0.6124403733505849,81.0,
PPO,3,135.0,-0.09065620367520363,511289.01749089424,14982.156949406233,0.6358712929398952,83.0,
PPO,3,136.0,-0.13278378774702118,507950.1866845856,16783.35965345151,0.6228077390502537,89.0,
PPO,3,137.0,-0.27699477952089346,551473.3304440427,19225.425045818192,0.6035657791731034,87.0,
PPO,3,138.0,-0.1342375102709699,641281.0270569194,11760.911519105095,0.6372791128849546,79.0,
PPO,3,139.0,-0.11112383722416544,551362.2723608604,14129.66442447069,0.6256081631997342,83.0,
PPO,3,140.0,-0.1293533489045618,568037.9056511382,13824.863680292267,0.6340214235781767,81.0,
PPO,3,141.0,-0.06807657602128214,542323.7367322894,12973.30260347607,0.6283070743354101,83.0,
PPO,3,142.0,-0.2549560105839516,584925.7976502307,18469.700708042852,0.6238480644722074,91.0,
PPO,3,143.0,0.0007286376011490445,535561.2873975062,11012.917307360229,0.6289679620357266,75.0,-0.04334463644772768
PPO,3,144.0,-0.05342069827403616,540785.671347622,12601.047169852562,0.6385771469970191,79.0,
PPO,3,145.0,-0.08492885831644216,485870.94779818645,16239.468614818306,0.6224743252090872,89.0,
PPO,3,146.0,-0.06935734429496723,515753.98000553093,13642.760217785442,0.6254693820170412,89.0,
PPO,3,147.0,-0.10951128680437927,501143.26907279494,15700.869171697721,0.6239574997570376,83.0,
PPO,3,148.0,-0.13264799256158355,540967.6568646769,15342.87431369745,0.620913574892887,83.0,
PPO,3,149.0,8.775704031799281e-05,442514.5988064793,14833.557798587308,0.6195491213642349,83.0,
PPO,4,0.0,-0.013398435680648437,385416.5107096315,14898.64706859854,0.570609676513834,87.0,
PPO,4,1.0,-0.050302877164005264,405845.4337085288,15860.895094213009,0.5730351914653447,83.0,
PPO,4,2.0,-0.05142969914322769,412399.82132864057,15659.753015068141,0.5715031702220127,85.0,
PPO,4,3.0,-0.07752604927855267,470595.8439613031,13749.171278574411,0.5796864258624116,83.0,
PPO,4,4.0,0.0136886963748346,370506.3401650763,15345.384546045585,0.5813920299794064,81.0,
PPO,4,5.0,-0.026635274757697558,386820.60264304734,16410.502398743596,0.5805387588968546,89.0,
PPO,4,6.0,0.08220212592693363,399969.47091531544,10461.661159030671,0.5877547687860217,73.0,
PPO,4,7.0,-0.14372510380391726,522542.4605925294,12112.568143596216,0.5879371753596854,77.0,
PPO,4,8.0,0.018560885866997882,369070.47001584223,15459.14549212694,0.5632979215238504,79.0,
PPO,4,9.0,-0.07090013200431697,394015.92071360844,16332.696173695716,0.5983328723771509,83.0,
PPO,4,10.0,-0.1069656085272732,484675.1864327346,13958.769121489231,0.5925530031782283,79.0,
PPO,4,11.0,0.014073965460642403,411909.4874849222,13411.8703859663,0.5900743134767624,81.0,
PPO,4,12.0,0.08555176500227077,386758.076004402,11274.403126392966,0.5966966236782035,75.0,
PPO,4,13.0,-0.1898581449289605,473807.1443576645,17666.158121495526,0.5807282081776932,89.0,
PPO,4,14.0,-10.150703788219275,438631.9631064943,17961.32267253551,0.5874406210465708,90.0,
PPO,4,15.0,-0.06675076960720469,425830.46622362,15412.521166800525,0.5924126817523442,81.0,0.564659908413887
PPO,4,16.0,-0.16028857828649443,470254.1549094731,16856.013322288552,0.5770610214874787,91.0,
PPO,4,17.0,-0.20688760182237764,542141.218239715,14900.384825796453,0.5772476931596251,79.0,
PPO,4,18.0,-0.04817701295861712,459349.17599959654,12572.38134497434,0.5832328166742093,81.0,
PPO,4,19.0,-0.3427784110728405,623927.2828082739,15988.37691777441,0.5693035936419416,85.0,
PPO,4,20.0,-0.10381144468675464,429094.9515136454,16923.519052595733,0.5641016181977718,83.0,
PPO,4,21.0,-0.21395514536104052,513112.22721694637,15572.276600176383,0.5910061269752743,83.0,
PPO,4,22.0,-0.16423252632259164,460300.5102174797,16481.825590830023,0.5839171535705139,87.0,
PPO,4,23.0,-0.06187608226163559,446265.1387111479,14058.592094202302,0.5915965593842646,81.0,
PPO,4,24.0,0.005742954234591537,364193.9452637359,16203.417713760195,0.5974442223457269,81.0,
PPO,4,25.0,0.008327193335642745,330686.2329380954,18231.265138100007,0.5679998633078924,85.0,
PPO,4,26.0,-0.06677505570386887,376967.86718006985,18464.16336911046,0.5703508860827575,89.0,
PPO,4,27.0,-0.198179951348861,577872.8142563519,12979.219231832954,0.570052509632359,81.0,
PPO,4,28.0,-0.08008520632487195,425472.7205968069,15909.703655715884,0.5977868830467516,81.0,
PPO,4,29.0,0.030945082154380014,407147.4923201955,12569.8967862969,0.5750851434487212,81.0,
PPO,4,30.0,-0.22990450940926194,546897.294822062,15293.889897054596,0.5921070183036395,85.0,
PPO,4,31.0,-0.007542469827022044,389050.65134547895,15295.331747662744,0.5794164971859274,83.0,-0.04208820778876543
PPO,4,32.0,-0.08094743798224209,433828.9475723281,15300.099768779537,0.5789246719084951,81.0,
PPO,4,33.0,-0.00842767339284007,354731.5483038307,16696.052605843324,0.5952877990228242,79.0,
PPO,4,34.0,-0.015449133822709071,399959.23471741297,15164.078825823446,0.5775342856417323,87.0,
PPO,4,35.0,-0.18269188514132872,535293.9604048912,14158.971430887086,0.5629931636441685,79.0,
PPO,4,36.0,-0.19161330352668104,555285.5766491747,12616.183057957549,0.5784438347139762,75.0,
PPO,4,37.0,0.05729132195193836,354785.2143736295,15016.771746215973,0.5625264909090248,77.0,
PPO,4,38.0,0.010383452161025923,361442.768679648,16386.73759971554,0.5754975909568937,83.0,
PPO,4,39.0,-0.023913796749965268,421328.9388537811,14257.39852582533,0.5683510289002748,85.0,
PPO,4,40.0,-0.02386156837254061,441362.6710231213,12816.443523380674,0.5749104896261006,77.0,
PPO,4,41.0,-0.3836035295790897,591967.2255396345,14316.988780780695,0.5877224617090444,85.0,
PPO,4,42.0,-0.2318253528028627,490758.73243398743,18300.579446857657,0.5876629159769213,87.0,
PPO,4,43.0,-0.027315823805864115,437227.40918374434,13578.144322697668,0.5698556311101958,77.0,
PPO,4,44.0,-0.06415265299038458,397749.25379525323,16940.481087390006,0.5871991321999266,85.0,
PPO,4,45.0,-0.3325582380026628,627476.277965271,15765.239952730964,0.5867042734567911,83.0,
PPO,4,46.0,-0.15109080200488534,471063.56460367766,15212.648617481718,0.5851181227028108,85.0,
PPO,4,47.0,-0.21235957432505162,449962.0142009371,18853.203233929842,0.5652620237850102,87.0,0.014021119102835655
PPO,4,48.0,-0.09745616887306645,443746.48735083203,15736.650934431806,0.5762555205653803,85.0,
PPO,4,49.0,-0.13278637196080942,524121.96293625125,13034.290617911913,0.574650045165855,79.0,
PPO,4,50.0,-0.09132784294174505,451014.74147363554,15119.035082797063,0.5881189488934428,81.0,
PPO,4,51.0,-10.213178943242028,523019.55981934187,16074.545499898197,0.5862851344779818,86.0,
PPO,4,52.0,-0.027553166318302943,401281.12148871936,15391.774760163158,0.5847407251533508,79.0,
PPO,4,53.0,-0.17958937789538343,550954.9106424086,13660.512253282042,0.5729052174138443,83.0,
PPO,4,54.0,-0.09657662768030474,473590.7227595159,13874.14471597058,0.584164205410679,81.0,
PPO,4,55.0,-0.10141411908796263,536165.3007348722,11167.443492179433,0.5957464299416847,71.0,
PPO,4,56.0,-10.086870459654255,392685.5342215922,18575.34958363775,0.5712547397841153,90.0,
PPO,4,57.0,-0.10495595111523251,413051.9750614413,17486.046650583074,0.5667743609273406,87.0,
PPO,4,58.0,-0.1170224548564595,455513.2527724633,13886.18319028388,0.5961960595815503,83.0,
PPO,4,59.0,-0.01581603450333949,418655.1563138303,14079.414700171277,0.5673721896044465,85.0,
PPO,4,60.0,-0.2049236216748572,487150.06586103846,16015.726930096178,0.5700298367024198,85.0,
PPO,4,61.0,0.0597231538949714,380571.7307134574,13228.601811255156,0.5831217705236496,81.0,
PPO,4,62.0,-0.27067382388850386,534390.763513287,15503.136477245838,0.5789153454458464,83.0,
PPO,4,63.0,0.0663727748984799,371515.70942580857,13556.58549208519,0.5981668949353224,79.0,-0.022300942335277796
PPO,4,64.0,-0.060686153999024474,397401.56059874315,17127.47869200591,0.5860335765999085,85.0,
PPO,4,65.0,-9.984646204342797,357545.740014404,16486.44376310106,0.5794719434996032,80.0,
PPO,4,66.0,-0.1481064117196063,508212.9629642603,14465.284040268902,0.5829114372560915,85.0,
PPO,4,67.0,-0.1541118100493261,448099.9996346888,17432.813508669424,0.573975558419125,87.0,
PPO,4,68.0,-0.09523761002814177,423413.6172807366,16350.189576073764,0.5740687733302954,83.0,
PPO,4,69.0,-0.017009641580943386,447998.7929877033,12622.059473530559,0.5784416564363778,75.0,
PPO,4,70.0,-0.06885435173937474,424336.2185152675,14661.944781057355,0.5525009021731327,83.0,
PPO,4,71.0,-0.039130719971544,356579.2772890053,17655.52523319418,0.5726595596771055,87.0,
PPO,4,72.0,0.03762483948897419,393638.05199114146,13363.777703205764,0.5758160480940255,85.0,
PPO,4,73.0,0.06696732409215564,392964.1951871567,12184.517378707671,0.5861975620185143,75.0,
PPO,4,74.0,-0.08861047292378517,410820.7310732645,17454.16874134273,0.5596434435548806,87.0,
PPO,4,75.0,-0.18877184100186076,484622.22223921726,17339.758615719365,0.5831313586136391,87.0,
PPO,4,76.0,-0.2422152177584575,533560.4237972156,15618.38194002411,0.5717926284168826,85.0,
PPO,4,77.0,-20.05695157048263,450340.754733192,13671.049747966757,0.5996723982877711,81.0,
PPO,4,78.0,-0.07070426087250861,422747.8181427718,15607.128577752217,0.5770421348246693,85.0,
PPO,4,79.0,-0.043007852391997684,413431.31363029155,15372.702704874113,0.5875034414903182,85.0,13.419325590133667
PPO,4,80.0,0.024348985980963512,399874.80222998984,13358.462586238978,0.5569747182421338,79.0,
PPO,4,81.0,-0.03660703117291116,366918.5916008327,17533.947765061723,0.5764196876386601,85.0,
PPO,4,82.0,-0.1557866577487618,502006.71617075667,13184.97787947021,0.5749943220026672,79.0,
PPO,4,83.0,-0.15328186480196296,508617.6401214592,13577.883655072303,0.58385584613304,77.0,
PPO,4,84.0,-0.011071880200445201,407542.997329185,12680.142616674828,0.5820682879597616,83.0,
PPO,4,85.0,-0.18595835373083985,528001.8339730835,14607.065377889392,0.5971607741286258,85.0,
PPO,4,86.0,0.05074059426778357,348811.2044506318,15598.06000218213,0.6008529450788241,79.0,
PPO,4,87.0,-0.20341454322522426,545890.4583698555,13790.61341195988,0.59696674547899,75.0,
PPO,4,88.0,-0.016460438485561862,438071.5718240679,13008.333376487612,0.5727515191489192,81.0,
PPO,4,89.0,-0.08492094373819085,401542.8603797183,17111.897542925704,0.5791707132461521,91.0,
PPO,4,90.0,-10.043479256520508,457617.0059996098,12657.727905884218,0.5731024893654835,80.0,
PPO,4,91.0,-0.06302151346919838,479360.98605764157,12645.480081287435,0.5716311117117895,77.0,
PPO,4,92.0,-0.1607914888485317,477936.3490476187,16447.0870556974,0.5672677111419044,89.0,
PPO,4,93.0,-0.028519897123578292,427450.13862807356,12504.516923814846,0.5960168372179688,77.0,
PPO,4,94.0,-0.1560389994569407,514908.0040400707,13761.149445994777,0.5791750765134701,83.0,
PPO,4,95.0,-0.10113443783483923,435704.7836147821,16308.627514658227,0.5746874238285511,83.0,-0.04443857725709677
PPO,4,96.0,-0.1165398964104538,446022.4521852427,13569.396464118117,0.5808495395139471,79.0,
PPO,4,97.0,-0.04444593736223179,392291.6376167291,16668.33209177325,0.5900669485291617,83.0,
PPO,4,98.0,-0.22273020384027034,495539.8183966314,18069.442994438807,0.5711624823972039,87.0,
PPO,4,99.0,0.06105843913964523,404315.77549001726,12251.74495209944,0.5780965308008408,81.0,
PPO,4,100.0,-0.18890068016023068,538335.750748665,14002.532005415842,0.5878309783859118,85.0,
PPO,4,101.0,-0.07444241736964867,373950.96625934145,19090.509734320873,0.5718825988470738,89.0,
PPO,4,102.0,-0.06682932748639665,378626.26838555874,18241.21320376661,0.5687615988959829,85.0,
PPO,4,103.0,-0.006601215386760784,355342.81302559393,16836.84862545149,0.5664467360823444,87.0,
PPO,4,104.0,0.0398957684753081,435348.3484066718,11227.350348246318,0.5955617014395241,79.0,
PPO,4,105.0,0.06829212263054948,394355.44527199387,12265.33050228005,0.5805305055654072,79.0,
PPO,4,106.0,-0.1261263625113162,407317.10852641903,16334.180247199554,0.605919469176349,79.0,
PPO,4,107.0,-0.03381122347570617,441721.3994593663,13462.851837280767,0.591831378287339,79.0,
PPO,4,108.0,-0.14256593570011444,494016.9365202603,14207.284875798505,0.5852572609464876,83.0,
PPO,4,109.0,-0.10177296732944392,496521.33488859684,13334.913091369412,0.5701339390151138,79.0,
PPO,4,110.0,-0.01112800683669479,389104.9485379359,14172.75114726865,0.5884855001739863,79.0,
PPO,4,111.0,-0.2071232608147605,536930.7607651594,14484.864898801894,0.5627935788154825,87.0,-0.031290608923882246
PPO,4,112.0,-0.00841725050837494,393962.7277728908,15030.916440630945,0.5682296658656151,79.0,
PPO,4,113.0,-19.985711762726645,401081.63693962846,13693.889728762604,0.5908119604807107,81.0,
PPO,4,114.0,0.02695757884675111,383313.20778110443,13916.802905109425,0.5644754314319574,81.0,
PPO,4,115.0,-0.18162005167436987,450881.9791164906,18705.085037543126,0.5703632427821695,89.0,
PPO,4,116.0,-0.045927281507163006,409119.5748726749,14767.050996434962,0.5814672941378395,79.0,
PPO,4,117.0,-0.08623360415997164,455378.1668625405,14443.824319575746,0.5845245809895832,85.0,
PPO,4,118.0,-0.07238021954533548,416593.51430588384,15775.863336223741,0.5656378707001288,81.0,
PPO,4,119.0,-0.2111980731511573,535339.1673430179,13659.095959133461,0.585633918455626,79.0,
PPO,4,120.0,-0.08860292647867565,415498.0351184462,16501.56510908449,0.5638123569628449,87.0,
PPO,4,121.0,-19.950580775560024,381496.09224488196,13608.778651552004,0.5822922481023006,79.0,
PPO,4,122.0,-0.09139709730690751,392561.2955255743,18639.8489125819,0.5723474431373547,91.0,
PPO,4,123.0,0.06749521711221879,399212.4861768559,12347.575836626751,0.6104633759152029,73.0,
PPO,4,124.0,-0.1101322420142597,474775.3162850708,14404.785667423073,0.5952919818754449,87.0,
PPO,4,125.0,-0.05996561756119691,408830.82401076454,14566.11766984313,0.562509703589867,83.0,
PPO,4,126.0,-0.18789351496236253,494620.19705511257,15831.104938220094,0.5761328025146891,83.0,
PPO,4,127.0,0.03348379378889727,362272.1859470615,15299.423576235866,0.5868140970462207,81.0,-0.04603095073252916
PPO,4,128.0,0.0036360822468328897,343903.01485187333,16517.737580811638,0.5765014331847949,81.0,
PPO,4,129.0,-0.19479260040380675,537347.662051145,14238.69954234742,0.5943463466296053,77.0,
PPO,4,130.0,0.002085721285710068,406676.95350453944,13731.39509563249,0.5832735712450612,83.0,
PPO,4,131.0,-0.235313966165789,487534.3773831392,18632.96470555598,0.5867299861186746,87.0,
PPO,4,132.0,-0.07731379768102906,434413.339798331,15436.328323417578,0.5905350840387744,81.0,
PPO,4,133.0,-0.0847592327996168,434345.8755989784,15742.363468628759,0.5820783290222018,83.0,
PPO,4,134.0,0.10584866652922115,311989.6495336802,15869.441933579528,0.5769166759353095,85.0,
PPO,4,135.0,-0.08228681930233761,432859.0898753826,15791.314382991777,0.5707784832577153,85.0,
PPO,4,136.0,-0.055971767459483915,377105.42175864964,18151.8756890619,0.5879692603087846,83.0,
PPO,4,137.0,-0.06246544902360651,408357.0873048928,16047.258241618842,0.5874018524795983,85.0,
PPO,4,138.0,-0.09926365675965627,403917.7253595972,15997.099611864818,0.5904943968025942,85.0,
PPO,4,139.0,-0.1739371503403245,537783.3414575029,13577.144214138421,0.5867612276930598,79.0,
PPO,4,140.0,0.008642053335410183,353001.0293378449,14957.911946056693,0.5848952085146322,87.0,
PPO,4,141.0,-0.11987231020901769,480818.9381292099,14349.939859826893,0.5934645211626226,79.0,
PPO,4,142.0,-0.015274328271925429,355398.038386344,17511.43097484741,0.5698842359996356,83.0,
PPO,4,143.0,-0.09264004424566559,447161.4197755298,15163.394125456707,0.5788449630234618,83.0,-0.0408885832875967
PPO,4,144.0,-0.1562568997335948,503947.250501877,13801.340009789283,0.5949058459320095,79.0,
PPO,4,145.0,-10.090041437998845,532761.4969795562,11501.5560537623,0.5761843484079812,78.0,
PPO,4,146.0,-0.10058794383024437,412883.5951152617,17037.727926365806,0.5835478789985215,87.0,
PPO,4,147.0,-0.027709286487978414,368777.4795623275,16844.866870406076,0.5833090149384519,87.0,
PPO,4,148.0,0.08475438076564587,337911.24136827723,14718.753385664264,0.5738095829782077,85.0,
PPO,4,149.0,-0.09026759193542568,423539.9148559049,16610.982111674195,0.5730284942012668,83.0,
PPO,5,0.0,-0.049959778682740874,532946.577842452,15327.051664755343,0.6773228310600828,85.0,
PPO,5,1.0,0.07699872986311736,502024.96728524496,12467.839396498215,0.6674012339278089,79.0,
PPO,5,2.0,-0.03785629800737704,547129.6798278985,14455.678807673205,0.6652878882907884,79.0,
PPO,5,3.0,0.09207878185898147,440731.71244744764,14097.456560472328,0.6748682125461769,85.0,
PPO,5,4.0,0.0695339657937593,459323.28508541215,14352.53303933518,0.6814339269646374,81.0,
PPO,5,5.0,0.00229593344523048,460011.0622461744,16968.14433279649,0.6710319169506928,89.0,
PPO,5,6.0,0.040812067020042815,452016.5417912109,15441.660856871553,0.6925343840207882,83.0,
PPO,5,7.0,0.15745363158257705,444140.7756022614,11686.74558872149,0.6852925996784244,79.0,
PPO,5,8.0,-0.02393674986854231,455660.42826475715,18311.077025911378,0.6859741018691334,93.0,
PPO,5,9.0,-0.04101366656222356,484110.140639113,17589.196512747847,0.6609316055528134,89.0,
PPO,5,10.0,-0.018371149984685795,509461.196568851,14761.327041461054,0.6724611328865396,85.0,
PPO,5,11.0,0.038099925069732574,445791.14252682554,16085.890097032174,0.6804971989794265,87.0,
PPO,5,12.0,-0.03298004576519288,473317.90558599477,17576.56514566658,0.6848514130826857,89.0,
PPO,5,13.0,0.05406290272018609,426023.5701068862,16739.455280529855,0.6645384035329063,85.0,
PPO,5,14.0,0.057154234741843744,410707.566158989,17429.183810574148,0.6761845045670895,87.0,
PPO,5,15.0,-0.1501145525156952,593273.8707625177,16770.455021214173,0.6641901851174942,85.0,-0.028673977591097355
PPO,5,16.0,-0.020570415118666894,522361.0007560773,14970.257970567145,0.6887937848012793,85.0,
PPO,5,17.0,0.03924261522494259,450462.50813975715,15868.137503869188,0.696622190325781,85.0,
PPO,5,18.0,-0.05071389022969398,498692.87871819094,17255.653536866997,0.6912939880729534,85.0,
PPO,5,19.0,-0.06818692960565201,493492.6420813111,18045.717431017314,0.6793836773481978,91.0,
PPO,5,20.0,-0.12393122820672879,607771.1367980236,15326.311874788658,0.684348941258003,81.0,
PPO,5,21.0,-0.01705648386081549,477319.3317535796,16766.812190155204,0.6779541535525464,85.0,
PPO,5,22.0,-0.020073384991302567,504744.01674700686,15087.230793905415,0.6855938600924025,85.0,
PPO,5,23.0,-0.09723187025242336,522827.26592552406,17659.62281227011,0.6759788704722026,91.0,
PPO,5,24.0,-0.007776603466409267,561740.1963723412,12428.901145365033,0.6900812240485923,77.0,
PPO,5,25.0,-0.08124833713326135,532595.2878292571,16043.693579009356,0.6662208519558951,83.0,
PPO,5,26.0,0.1029930821127211,395865.1290124164,16350.870815373304,0.6681761067005472,83.0,
PPO,5,27.0,-0.0275294693151404,473159.94753418904,17523.72821592198,0.6814254671054697,91.0,
PPO,5,28.0,0.06954793849544366,367840.9719636799,19418.64131804237,0.6783835960090439,83.0,
PPO,5,29.0,-0.05048604617526145,520427.97988165426,16261.013965600054,0.6815886088214433,89.0,
PPO,5,30.0,-0.05564932969755115,469081.66944401985,18773.1573442808,0.6461961174800404,85.0,
PPO,5,31.0,0.03332520803478295,426261.7920197116,17540.78543394915,0.676559684223786,85.0,-0.04134375136345625
PPO,5,32.0,0.04476168676760889,484913.59295954474,13995.9832776915,0.6801165773950801,83.0,
PPO,5,33.0,-0.20650872937742837,584698.4532757472,19951.27298232628,0.6656558304552731,93.0,
PPO,5,34.0,-0.0005480988069453325,433248.47190969234,17814.18032764906,0.6702979647216217,93.0,
PPO,5,35.0,0.12568105600468918,431121.18314282125,13738.371673699887,0.6757889983016936,83.0,
PPO,5,36.0,-0.08888091807251731,558050.0634567516,15771.306022868643,0.675392490445529,87.0,
PPO,5,37.0,-0.12483106135025303,573327.596491949,16677.704662583048,0.6693684130924443,87.0,
PPO,5,38.0,0.016814343039540026,508012.19064959127,13529.577089018618,0.6852994703976883,83.0,
PPO,5,39.0,0.006252003524657908,472731.697505418,16131.764252027997,0.6732962338314445,87.0,
PPO,5,40.0,-0.05853935987383225,505975.4184293393,17269.416844130745,0.6541106324363443,87.0,
PPO,5,41.0,0.02141964746525605,471176.7029719952,15310.26954926575,0.671424368065295,85.0,
PPO,5,42.0,0.029846541913473367,414694.5299174676,18322.112635781214,0.6616412592653828,87.0,
PPO,5,43.0,0.04954857847071725,515279.2223993761,12628.609242166776,0.6681771427877774,81.0,
PPO,5,44.0,-0.07159982195701728,591004.1084724821,13371.611316522787,0.6797024243494649,79.0,
PPO,5,45.0,-0.028719439407404415,440896.90460700414,19457.54198926729,0.6700723615700545,91.0,
PPO,5,46.0,-0.04436300213076934,498500.7547877767,17057.076768352978,0.6519705905454565,89.0,
PPO,5,47.0,-0.020042757879290954,568855.0187333482,11611.12621975647,0.6634952986953073,79.0,-0.037542661651968956
PPO,5,48.0,-0.06070132324776861,535951.8853846643,15710.773018857766,0.6709980562250107,85.0,
PPO,5,49.0,0.021717122612395917,441061.0710402325,17224.785232926213,0.6555783366094592,91.0,
PPO,5,50.0,-0.042413493820344636,544485.4462160832,14828.037327621954,0.6780446200409711,85.0,
PPO,5,51.0,-0.07207258851615547,595805.0696398016,13545.509248566255,0.6751804092465024,83.0,
PPO,5,52.0,-0.02113228676667711,424043.06278426887,18876.43537445993,0.6675393656202785,89.0,
PPO,5,53.0,-0.08588502594256935,508263.93129939574,17741.61456837376,0.6540944621963022,93.0,
PPO,5,54.0,0.11370065694313737,469877.0608687406,12424.792565198011,0.678656535693437,81.0,
PPO,5,55.0,-0.15499094335754024,594512.7007442163,17043.92121636404,0.6705529757621731,87.0,
PPO,5,56.0,-0.0641380309742807,471346.16128762346,19351.628790756808,0.6646752785907913,87.0,
PPO,5,57.0,0.017313124403536943,432625.0412997389,17472.51071977816,0.6718199329927527,87.0,
PPO,5,58.0,-0.10108368530025105,600316.6517339001,14366.328790872456,0.6635493439847863,87.0,
PPO,5,59.0,-0.02736295258350954,565698.2580315303,12415.738800353742,0.6827321694750038,85.0,
PPO,5,60.0,-0.01809304553920634,504396.64284306264,15730.99059219874,0.6640862108394783,85.0,
PPO,5,61.0,0.06174224160374313,497276.0869347307,13098.20961454463,0.6878860076347854,75.0,
PPO,5,62.0,0.06022633819271936,415022.1425495845,17005.422924776816,0.6770282464489118,81.0,
PPO,5,63.0,-0.045135692260807665,523467.78555372654,15841.078511214673,0.6687310842750213,87.0,-0.048812287859618664
PPO,5,64.0,0.03652558962105159,455986.9732007984,15324.047229313623,0.6918928569367244,87.0,
PPO,5,65.0,-0.10484815109523715,519544.5434818441,18645.12188685276,0.6692746341009734,93.0,
PPO,5,66.0,0.02612678336833755,472699.27538454876,14743.926270440326,0.6730730360202996,81.0,
PPO,5,67.0,-0.0003060057520021531,508901.2965848494,14262.121722343729,0.6682953775254401,85.0,
PPO,5,68.0,-0.05031256421429649,601663.8688579315,12689.500160694839,0.6647315831738116,79.0,
PPO,5,69.0,-0.007865374601652986,431367.2411090482,19052.072066395845,0.6815763931781285,89.0,
PPO,5,70.0,0.06950888062128434,485823.51655175316,12853.5742509168,0.6828790702298472,81.0,
PPO,5,71.0,-0.03129599532040847,517110.9250125079,15614.883083687502,0.6627091543061203,83.0,
PPO,5,72.0,0.06214681583712156,440291.6648144117,15257.920300710617,0.6597974297026514,83.0,
PPO,5,73.0,0.012091986073148913,465378.04940384417,16283.154309306521,0.6764958406979286,87.0,
PPO,5,74.0,0.0052458678594225,509504.8403807854,14556.92335569013,0.6919363532214431,85.0,
PPO,5,75.0,0.07982510739531114,454041.8552108249,14176.521895912085,0.6894908148657743,85.0,
PPO,5,76.0,-0.006438292804711807,473115.3315599791,16605.894505439122,0.6743526991757421,85.0,
PPO,5,77.0,-0.08740046712787906,479570.17033349554,19917.361718919045,0.6781303695429381,95.0,
PPO,5,78.0,-0.16279672816087712,632136.7517179225,15510.56440464298,0.6804368069108763,87.0,
PPO,5,79.0,-0.04060901572275821,473584.136233797,17737.26890757834,0.658930332445604,87.0,-0.009061501361429691
PPO,5,80.0,-0.14979489801315823,512128.055037184,20731.584618810233,0.681928406553391,93.0,
PPO,5,81.0,0.0400340842294299,439206.044700003,16402.648973450956,0.671026297332809,87.0,
PPO,5,82.0,-0.03956234901201437,511532.24474949983,16230.123645798638,0.6732172637014086,87.0,
PPO,5,83.0,-0.1134252300772959,507800.3877647162,19577.258627122053,0.676364099647169,93.0,
PPO,5,84.0,-0.002711235886368875,431445.43276900693,18610.997269739342,0.6788159622495612,89.0,
PPO,5,85.0,0.049566201117891825,498350.7440359744,13318.765606537972,0.6825506046877888,83.0,
PPO,5,86.0,-0.014062470641138714,515192.719588362,14991.480435952488,0.6784844443687359,83.0,
PPO,5,87.0,0.10028860871773204,426390.3487753504,14500.693104045336,0.678344561107152,83.0,
PPO,5,88.0,-0.012694570966604741,442943.7166685572,18280.999570620963,0.6713317834605752,91.0,
PPO,5,89.0,0.00428532861395425,443510.7182999874,17385.57139702158,0.6783550214479879,85.0,
PPO,5,90.0,0.06508938250517396,470754.3259726753,14100.066998748516,0.6844582906171564,79.0,
PPO,5,91.0,0.025292846475599852,489407.4270465185,14642.812180742836,0.6726007135830366,83.0,
PPO,5,92.0,-0.11549326625703944,551074.3079812822,17465.77209121674,0.6881556811517675,85.0,
PPO,5,93.0,0.058543426766727594,497898.82532442076,12812.098075777414,0.6781627842754692,77.0,
PPO,5,94.0,0.028489921415474535,434768.5283846983,16516.55730304336,0.6522842465416006,89.0,
PPO,5,95.0,0.10675291028558359,453551.5660010625,13280.940359715973,0.6649501030652573,81.0,-0.03691069781780243
PPO,5,96.0,-0.06322560001767397,478209.73954925884,18854.938065281665,0.6824383350323012,91.0,
PPO,5,97.0,-0.00512674374376967,446861.61351115926,18048.59660024336,0.6804235971608847,87.0,
PPO,5,98.0,-0.08270277332588648,576514.2586743284,14794.989885223977,0.6661665566896584,83.0,
PPO,5,99.0,-0.0814376746936285,511178.9797764783,17766.555932436488,0.6560241184073989,89.0,
PPO,5,100.0,0.15365400942919064,398785.7252381954,14102.888997679744,0.669320372374262,81.0,
PPO,5,101.0,0.0030037165304143965,469559.5833181726,16065.074682075836,0.6782690619129158,83.0,
PPO,5,102.0,0.05816942601898392,438280.0986796107,15766.306896271039,0.6665306385017015,85.0,
PPO,5,103.0,0.03586901529632014,501961.6690262168,13702.010878776393,0.6830449727342682,81.0,
PPO,5,104.0,-0.01669418027584088,461470.54110182833,17768.165827346293,0.6769300816892113,91.0,
PPO,5,105.0,0.09239916221534972,406938.6730516759,16131.321271404431,0.6835061571939723,83.0,
PPO,5,106.0,-0.07434739230686356,512847.2043103194,17318.875577163475,0.6938937514545596,87.0,
PPO,5,107.0,0.07690005462407132,410957.04011901526,16544.26967589566,0.6961280566777616,83.0,
PPO,5,108.0,-0.03877257226270328,480347.08615242236,17714.74300930932,0.6591656875666212,85.0,
PPO,5,109.0,-0.10094749188238136,593903.0662695785,14730.747658155402,0.6635503533307955,83.0,
PPO,5,110.0,-0.009547589043667749,474326.10404520185,16712.83443976477,0.6704966139742041,85.0,
PPO,5,111.0,-0.09946810248409203,516878.07629949483,17713.676536577637,0.6594852918994686,83.0,-0.0328829986974597
PPO,5,112.0,0.01869749477576777,463857.93022376485,15858.234200012932,0.6763570842995202,79.0,
PPO,5,113.0,0.10552507021168504,405630.5270244915,15784.220250169501,0.6870749574770338,87.0,
PPO,5,114.0,0.017961429425192067,533553.6447074858,12897.628736441631,0.6701861804612645,81.0,
PPO,5,115.0,0.019539081084372134,493301.29143246176,14703.183386956043,0.6624178099282553,81.0,
PPO,5,116.0,-0.0074840324895434325,475293.78134888073,16534.73598476773,0.6681626689477684,85.0,
PPO,5,117.0,-0.1316214946637366,497106.3779820242,19702.10254389345,0.6847895413357866,93.0,
PPO,5,118.0,0.03052892537650379,457545.4296356594,15927.983040825015,0.6672735606108057,83.0,
PPO,5,119.0,0.010027633157394128,485805.5167950222,15366.984601448892,0.6824262780773611,81.0,
PPO,5,120.0,-0.03938507024530634,482323.52370342275,17451.844520206614,0.6748606981948323,87.0,
PPO,5,121.0,0.03507789995039644,472309.5009897602,14956.132996319302,0.6792148625308438,83.0,
PPO,5,122.0,-0.03037122342284401,456399.69294742064,18640.082566039262,0.6769308053571831,91.0,
PPO,5,123.0,-0.11758199212912374,599263.3594558866,15060.094224647199,0.662531703360728,85.0,
PPO,5,124.0,0.014589950114756726,424452.7443322434,18227.96572096093,0.647581108678395,87.0,
PPO,5,125.0,-0.043333132103201985,504962.0284056229,16684.580522725548,0.6786578620683481,83.0,
PPO,5,126.0,0.06554605675052785,455034.4035736483,14705.742599009374,0.6932363682649261,83.0,
PPO,5,127.0,-0.1083212630150199,565609.508835203,16043.274629487369,0.6763419785391219,87.0,-0.040041008964180946
PPO,5,128.0,0.0004935462566602444,477011.69671546994,16194.208045640475,0.6544300762996412,81.0,
PPO,5,129.0,-0.021707786397655658,487219.6244633942,16413.796934222857,0.6837097532819582,85.0,
PPO,5,130.0,-0.07338975603534577,489558.27177771466,18612.607071125858,0.6634715816127321,87.0,
PPO,5,131.0,-0.2022400705695703,641333.8197955923,16858.670571538354,0.6747926210999917,85.0,
PPO,5,132.0,0.07435267994621629,407065.4486423915,16573.252869035226,0.6758171613783568,81.0,
PPO,5,133.0,-0.08762617755935266,583219.3472866806,14549.54468074242,0.6702260158636363,81.0,
PPO,5,134.0,-0.027453323743391343,539053.7527652038,14484.21699622719,0.6697199541507314,83.0,
PPO,5,135.0,-0.04431922641852198,556706.4603641166,14207.586881645735,0.6770791022720316,87.0,
PPO,5,136.0,0.03538642694987016,460962.17279912776,15657.281176698185,0.683109163652757,89.0,
PPO,5,137.0,-0.023131502028612493,512979.1700639626,15217.086207833903,0.6750832893402651,85.0,
PPO,5,138.0,-0.13073439376407786,546798.1018182003,17689.593511242772,0.681023732242445,87.0,
PPO,5,139.0,-0.09484900451364993,529283.6327532398,17127.969996166812,0.6545854147474353,89.0,
PPO,5,140.0,0.1692857943762912,363296.6332951909,15587.066200826244,0.6776236347199449,89.0,
PPO,5,141.0,-0.00526233742249943,501859.4782278569,15293.310606351142,0.6804449379354247,85.0,
PPO,5,142.0,0.048365151310843776,409938.72369559575,17758.85987322218,0.6550788542843968,89.0,
PPO,5,143.0,-0.06446044053963748,505920.3795797503,17502.004813629264,0.6755443892032259,87.0,-0.04769957158714533
PPO,5,144.0,0.043783940724712506,462049.45200771955,15218.096710381222,0.6674825050102021,87.0,
PPO,5,145.0,0.03321697087141441,499154.46102661,13899.986355661584,0.6726400960797004,85.0,
PPO,5,146.0,-0.01672966417318015,491874.1710496508,15638.99787337828,0.6749034677279157,87.0,
PPO,5,147.0,0.0651428066250993,385252.33859514527,18435.91338081322,0.6581631439289349,87.0,
PPO,5,148.0,0.0035717127184153492,441336.78154518723,17839.61890168593,0.6795963257760085,87.0,
PPO,5,149.0,-0.05214199665167084,525249.1462899193,15478.447186684656,0.671806725344508,85.0,
PPO,6,0.0,-0.04947664850897546,590442.3062273773,13961.676019688215,0.5652570762578688,85.0,
PPO,6,1.0,-0.1618396926860355,636529.1320253093,15622.497949106233,0.5783988505130905,89.0,
PPO,6,2.0,-0.09815676702877695,697396.5592191584,12463.956064239228,0.5600660685052802,83.0,
PPO,6,3.0,-0.10393703142690697,592222.8643381376,15992.685354358253,0.5864482595244626,85.0,
PPO,6,4.0,0.010678128605254496,590204.7383957875,12263.687247811748,0.586343703286684,79.0,
PPO,6,5.0,0.04526172996608618,551426.2064961779,11173.707323343546,0.5729369650418843,77.0,
PPO,6,6.0,-0.06766245978811951,569440.9225434818,15401.534560460357,0.5633969389693833,91.0,
PPO,6,7.0,-0.029950239846048575,563488.4199708469,13275.264464314447,0.5744317572517093,81.0,
PPO,6,8.0,-0.041745070568549605,600543.5446997619,12839.882162004615,0.5683950561654302,83.0,
PPO,6,9.0,0.010166954967851983,496621.6041262114,15775.355225806199,0.5578264171279077,85.0,
PPO,6,10.0,-0.03338796624272987,560239.4092701878,14367.351150225195,0.5608129437864209,85.0,
PPO,6,11.0,0.026064990493544382,436001.38470813766,17174.750258180306,0.5645761119111099,91.0,
PPO,6,12.0,-0.08971327943659577,599412.8134805368,15383.281562719527,0.5731878243695082,89.0,
PPO,6,13.0,-0.005910726026558025,494896.9377811355,14431.359229641283,0.5833097754815104,89.0,
PPO,6,14.0,-0.13861979583454487,580318.9618691093,16952.948078956106,0.5674087589405241,83.0,
PPO,6,15.0,-0.2242130028012003,733300.3887691426,14432.126141922237,0.5667325351436832,87.0,-0.031303947791457176
PPO,6,16.0,-0.01669884235845185,597607.4025985821,12282.017826621985,0.587418865942213,83.0,
PPO,6,17.0,0.06071198780443494,518118.0373520045,12890.538918609907,0.5688784420050859,83.0,
PPO,6,18.0,-0.10105052536464583,529794.5337929819,16810.522040045766,0.5920749708565175,87.0,
PPO,6,19.0,-0.06764202523497193,580002.5400799054,14595.404056202535,0.560405365506773,81.0,
PPO,6,20.0,0.04317844190739117,569217.7895821459,11870.370321258299,0.5861199954366727,79.0,
PPO,6,21.0,-0.14761290636658553,589260.5892722748,16861.679423398313,0.5672652315578313,91.0,
PPO,6,22.0,-0.01640340046658199,575786.2922101691,12098.228101854456,0.563330774178576,79.0,
PPO,6,23.0,-0.04615037582017352,597111.5819310652,13401.220039517832,0.5658503303714603,85.0,
PPO,6,24.0,-0.03196723594971427,627371.4234921895,12017.497465674976,0.5906621243812152,79.0,
PPO,6,25.0,-0.020324365876788146,505288.50109787565,16401.21678774178,0.5885930247263416,89.0,
PPO,6,26.0,0.03642705023174892,489133.54157345183,14950.968579083114,0.5855886579314887,87.0,
PPO,6,27.0,-0.04396455961358564,629647.6332947391,12019.869144895223,0.5782620731325445,81.0,
PPO,6,28.0,0.01894034283433451,489073.0188677931,14772.936299742882,0.5690973527604734,87.0,
PPO,6,29.0,-0.07605206177243178,611842.3248731003,13563.794118075815,0.5679815790655366,79.0,
PPO,6,30.0,-0.08084966620391869,553822.3176846276,16135.529249177567,0.5680269409907838,87.0,
PPO,6,31.0,0.021241388432165505,521996.3609513582,13955.02965736988,0.5672142230867915,87.0,-0.02029303088784218
PPO,6,32.0,-0.16930100938086842,705206.628235489,12972.958587433524,0.588005415060817,81.0,
PPO,6,33.0,0.00782946092754161,540000.5997642296,13069.24212703001,0.5907765455434643,81.0,
PPO,6,34.0,0.051363077757180686,596909.0730027147,10833.970349275787,0.5793989815952342,79.0,
PPO,6,35.0,-0.17462503557536987,634680.2892813433,16065.425161303592,0.5627342496878626,91.0,
PPO,6,36.0,0.17065650245884528,398708.3086228686,13583.619378447023,0.5651611433949764,83.0,
PPO,6,37.0,0.024732516857036004,566158.8006697469,12521.837345331265,0.5815709810381952,85.0,
PPO,6,38.0,-0.07568726423498948,620550.2104038668,13927.581239034205,0.5782134906971811,87.0,
PPO,6,39.0,-0.0028325557415289047,596330.2897378366,12387.230181886785,0.5798945399244394,83.0,
PPO,6,40.0,-0.09526086658595168,610234.9805745796,14841.327841594193,0.5720781628226385,89.0,
PPO,6,41.0,0.07787176233860557,508383.14909342286,12808.564242579012,0.5914924532074978,83.0,
PPO,6,42.0,-0.11795866605198024,586423.1661409197,16985.99353159068,0.5605497654052178,85.0,
PPO,6,43.0,-0.10026916972778657,700177.2283408493,12387.089094124498,0.5681854099062787,83.0,
PPO,6,44.0,-0.30122241250415527,618643.1665071159,20454.30802242444,0.5833151757446813,81.0,
PPO,6,45.0,-0.07997154676773062,597335.3158101456,14920.68316721675,0.5587775945837444,87.0,
PPO,6,46.0,-0.05910926336377848,677974.0142863548,11317.848898850876,0.5766561080607988,79.0,
PPO,6,47.0,0.23401528122866538,423111.9337493668,10461.474434618916,0.5867190911451593,77.0,-0.023387562949210405
PPO,6,48.0,0.07071289240691178,446752.2619902246,14613.905903666002,0.5615985054600822,85.0,
PPO,6,49.0,0.01171531350818723,617495.7337914924,10852.48804081691,0.5935328800566352,81.0,
PPO,6,50.0,-0.08178661051546288,532903.3755690954,15463.193274065694,0.5572540741256848,87.0,
PPO,6,51.0,-0.00578361585312695,613102.5760986259,11683.284229029623,0.5862538584556125,81.0,
PPO,6,52.0,-0.046041560517100066,558561.3418772273,15138.146194346722,0.5839504856403234,81.0,
PPO,6,53.0,0.051802388632612995,509405.3023220512,13346.139923685252,0.5691165353853735,81.0,
PPO,6,54.0,0.13833982002187922,416714.41463753406,13635.30424135667,0.5939244705171252,83.0,
PPO,6,55.0,0.000796439080754505,621778.5883169275,11450.304778629014,0.5619480953836723,77.0,
PPO,6,56.0,-0.02300721647274106,631826.8953973233,11711.014811705676,0.569593250568355,81.0,
PPO,6,57.0,0.16337420141229403,418747.2626988858,12807.779089676404,0.5879417363879154,81.0,
PPO,6,58.0,-0.11922408008494559,662652.4505138817,13994.94148598549,0.5560256335797477,85.0,
PPO,6,59.0,-0.005842261378575207,578950.6462304066,12916.4576970946,0.5922211188415069,81.0,
PPO,6,60.0,-0.012284686527431254,588818.4750406222,12404.599799797217,0.568906751046707,81.0,
PPO,6,61.0,-0.021453225564104703,508266.08052866167,15728.15854562167,0.5656131146010178,87.0,
PPO,6,62.0,-0.1729689454791151,655933.7290457181,16574.758419252485,0.5623458194795021,89.0,
PPO,6,63.0,-0.105583255620631,622377.0729151412,13345.314547258587,0.5675839859438149,87.0,-0.009064157493412495
PPO,6,64.0,0.13663525130611265,403505.0995643939,15072.840369322787,0.567532287887904,87.0,
PPO,6,65.0,0.1028489433501978,448339.9102698694,13920.65275925631,0.5802041147948168,85.0,
PPO,6,66.0,-0.07708570456039204,547363.9292417447,15983.544449798488,0.5606699655486694,87.0,
PPO,6,67.0,-0.12133716494297979,625549.1335813947,14230.78514665686,0.5533793688813897,81.0,
PPO,6,68.0,-0.0838759231109717,574278.7543652295,16074.514670993069,0.5638860585855661,89.0,
PPO,6,69.0,-0.07639571642969845,607470.6631568647,13996.515174955515,0.566892621280171,85.0,
PPO,6,70.0,-0.06986848718835066,561865.1060814984,15661.24149329005,0.5814027321734558,89.0,
PPO,6,71.0,0.055653568140355436,517697.6909228831,13164.822175285173,0.5649859275820219,81.0,
PPO,6,72.0,-0.18826358903313306,650792.5328965299,16590.78194086656,0.5772429464872902,87.0,
PPO,6,73.0,-0.018952373577802988,500572.01685091085,16116.547923515081,0.5938383237561252,87.0,
PPO,6,74.0,0.06865221409985472,452500.64583315345,13840.505254636282,0.5964919038304921,79.0,
PPO,6,75.0,-0.03995739571511469,594946.2463903732,13648.349695032179,0.595155379068915,81.0,
PPO,6,76.0,0.05418311504740692,548040.176439346,11620.594317826968,0.5590945758470499,83.0,
PPO,6,77.0,0.08765546544829028,506425.52889722574,12676.895076472767,0.5837570668117275,83.0,
PPO,6,78.0,-0.04401858368130845,556086.8861450918,14974.973004531656,0.5878816179558309,89.0,
PPO,6,79.0,-0.015311888304365327,580894.3276814215,12562.203657878901,0.5686452889005851,81.0,-0.036263471469283104
PPO,6,80.0,-0.11320202044880308,603708.9943378163,14780.771521038161,0.5928165643251836,83.0,
PPO,6,81.0,0.020145115968614787,456668.0023633633,16076.931537005044,0.5713835347958253,89.0,
PPO,6,82.0,0.04115878062973234,494075.891772067,13910.487528866684,0.5580140469822233,87.0,
PPO,6,83.0,-0.17103057964099846,625085.950168633,17425.29842277899,0.5793976061258244,93.0,
PPO,6,84.0,-0.09423173643562036,628664.9745872617,13326.688614790686,0.5631480804411629,85.0,
PPO,6,85.0,-0.01922861849752079,643511.8674107612,11563.566929377552,0.5951411079514871,77.0,
PPO,6,86.0,-0.18067018709090837,701536.4496420295,15014.980880927369,0.5791956615549233,91.0,
PPO,6,87.0,-0.17171897778018713,687886.0787684231,15282.295915048562,0.5694867675116634,87.0,
PPO,6,88.0,0.01730127958264544,621790.295713309,10761.168962077058,0.5928738702235996,81.0,
PPO,6,89.0,-0.07974709669806074,521623.7152873919,17318.099437313467,0.5568231962871648,87.0,
PPO,6,90.0,-0.004911973382742286,501847.38482199004,15331.184593513619,0.5782128527570027,85.0,
PPO,6,91.0,-0.27978477542863983,701606.7415897207,16857.956146361896,0.5731950665175413,87.0,
PPO,6,92.0,-0.04463313450008004,642128.5528575771,12354.604178254156,0.5797387806160961,79.0,
PPO,6,93.0,-0.08568250180987852,589780.7486316769,15389.457367687108,0.5691241203967531,87.0,
PPO,6,94.0,0.023786800834726063,522103.6527919072,13562.37757576738,0.5798467358272672,81.0,
PPO,6,95.0,-0.14529793595481316,638030.9064051723,15264.89859562631,0.5529375330668104,87.0,-0.046711462549865246
PPO,6,96.0,-0.20649415791210424,654380.7816382735,16596.969963571944,0.5547753379617862,87.0,
PPO,6,97.0,-0.07312178562907336,568688.4634390912,15370.382573108986,0.5822018085351349,91.0,
PPO,6,98.0,0.1110233983750033,406689.1328131538,15728.885820982003,0.5741500194578761,85.0,
PPO,6,99.0,-0.02406120041391261,513066.8738609394,15968.921477319811,0.5883720030573034,85.0,
PPO,6,100.0,-0.05604639695904287,605053.035506312,13922.250695087909,0.5817870828933893,91.0,
PPO,6,101.0,0.05811740651566479,525950.8625832492,12862.479928432514,0.5749314604795636,83.0,
PPO,6,102.0,-0.22387348848671584,691162.4425540856,17139.074134811846,0.5986208375076716,89.0,
PPO,6,103.0,-0.05357903373052236,649845.3040560564,11988.247179232212,0.5883771715362472,83.0,
PPO,6,104.0,-0.2136166827404437,695712.7550407574,15947.918185438235,0.5779029785421448,87.0,
PPO,6,105.0,0.023080814131762606,510942.3435138176,13885.893604144843,0.5904425668869251,81.0,
PPO,6,106.0,-0.16151354571601095,659814.9295843717,15013.245375870758,0.5718991812666233,85.0,
PPO,6,107.0,0.04380369801648809,530953.1243330122,12690.567804594784,0.566761211290367,81.0,
PPO,6,108.0,-0.11318610012512997,755934.7682960442,11227.699994066137,0.5748045859355038,79.0,
PPO,6,109.0,0.03885669020937585,534436.3738913982,11829.577709383537,0.5924885491330067,79.0,
PPO,6,110.0,-0.23766028971448255,715552.2517757043,14415.901735275378,0.5591042699834534,79.0,
PPO,6,111.0,-0.08785647666062688,685236.4757931301,11732.04971442022,0.5847478716313401,79.0,-0.03383371699601412
PPO,6,112.0,-0.047453139964762484,563665.1475224014,14507.344902638637,0.5756224326495266,85.0,
PPO,6,113.0,-0.14368153570293396,631732.2585035835,16211.645393363526,0.5859940464078689,89.0,
PPO,6,114.0,-0.041456796494173484,681572.1643240369,10487.050968994003,0.5763588195639209,81.0,
PPO,6,115.0,0.031845440790121624,439758.07461687614,17205.840570762444,0.5700323937379215,93.0,
PPO,6,116.0,-0.06342061514550275,550966.5721660666,15699.702320228125,0.5489691995016924,85.0,
PPO,6,117.0,-0.20824513201047304,728468.9114979636,14991.689552553486,0.5746780546510377,89.0,
PPO,6,118.0,-0.19010269708109925,769986.1705014477,13104.881582592643,0.5842817435658115,77.0,
PPO,6,119.0,-0.15391967456773775,575977.770901952,18626.366484830593,0.559921295107532,89.0,
PPO,6,120.0,-0.004628411619235828,444181.79083276144,17351.93714730262,0.5827447853733823,83.0,
PPO,6,121.0,0.018841079354578016,448357.7111589909,16775.56314965214,0.5767198501401716,89.0,
PPO,6,122.0,-0.03183207364110804,621911.6258466037,12308.357795859773,0.5736500378772675,83.0,
PPO,6,123.0,0.000789361962300195,491848.29581145686,15163.176657195223,0.5828969778522616,85.0,
PPO,6,124.0,0.026408782010514883,569271.8065598595,12233.995751684048,0.5811013068014728,83.0,
PPO,6,125.0,-0.09813661112632664,613639.1929802201,14431.908867485796,0.586363243121492,89.0,
PPO,6,126.0,-0.031662003871042635,591230.9065409256,12530.689605877791,0.5942957721366298,85.0,
PPO,6,127.0,-0.03723366669441001,515164.7910066886,16271.308490589017,0.5742592325642922,87.0,-0.03415972553193569
PPO,6,128.0,-0.20488981540559584,688457.9934238923,15949.920636495704,0.5702722310988549,89.0,
PPO,6,129.0,-0.07487906076621573,628179.5567173938,13278.55452451605,0.5791540214993705,85.0,
PPO,6,130.0,-0.035872989866801985,560736.8325931947,14666.427212297789,0.6007846758200155,85.0,
PPO,6,131.0,0.12126488821741287,466217.9040835099,12078.262836274589,0.5782549064458207,81.0,
PPO,6,132.0,0.050713247198739236,475769.7930342909,13885.25629969558,0.5770870067796836,85.0,
PPO,6,133.0,-0.01226136711731535,429233.02341820434,18115.587790370566,0.5653161534330741,87.0,
PPO,6,134.0,-0.19088814671445586,582213.1011975947,19178.916355444122,0.5428651911765342,91.0,
PPO,6,135.0,-0.06578634417465504,616906.4868396876,13713.5463761475,0.5757075979059886,83.0,
PPO,6,136.0,-0.19212090440631932,597245.426027463,19227.296354929233,0.5730815384464345,93.0,
PPO,6,137.0,0.020198104655902896,526880.9044755748,13852.607565443574,0.5573355640698072,83.0,
PPO,6,138.0,-0.15220571738295957,640183.6684514736,15348.75829851042,0.5845761445520387,87.0,
PPO,6,139.0,0.031248495691624675,445939.49873724,15846.640698425997,0.5818082348831256,89.0,
PPO,6,140.0,-0.08017350492767959,664170.0088738254,12656.35547944049,0.577965125036348,79.0,
PPO,6,141.0,-0.12815590594982865,516999.15308758005,20785.485748023053,0.5665432748430611,93.0,
PPO,6,142.0,0.07711922701685121,470595.582384806,13535.015451528823,0.5938417706970217,87.0,
PPO,6,143.0,-0.05354906388934701,546577.9582878519,15929.197655306903,0.5863692548931634,83.0,-0.037254106253385544
PPO,6,144.0,-0.03958803837570503,561512.2945622012,14203.031972427454,0.5749196011117594,87.0,
PPO,6,145.0,0.015221375682002393,556640.3129646038,12554.529736249759,0.5610016226683916,81.0,
PPO,6,146.0,0.003791690272175366,545952.7610210326,13017.473853000576,0.5862362911292048,83.0,
PPO,6,147.0,-0.17419432188870346,703317.9862037833,14317.753685501648,0.5573972292599665,81.0,
PPO,6,148.0,0.0041332480644128275,471823.38268190494,16822.9326239591,0.5855299502058039,89.0,
PPO,6,149.0,-0.36510575386214644,647965.4240668651,13727.220558764271,0.5726698756557553,83.0,
PPO,7,0.0,-0.053269901606969094,571355.3584590671,17407.321777700505,0.6006494708858378,88.0,
PPO,7,1.0,0.05945814276901561,546141.1173028316,14339.038304391248,0.6092927304028848,84.0,
PPO,7,2.0,-0.09113520195530833,573515.1025286099,18714.371722087344,0.6260982390908439,88.0,
PPO,7,3.0,0.02307391005707962,628683.7032037011,12356.574628696306,0.6105425638304377,86.0,
PPO,7,4.0,-0.025315699863507644,497716.80636107264,20418.896377371428,0.5923849049601132,96.0,
PPO,7,5.0,-0.0894094574345275,522593.46028885397,21988.985708054424,0.6034291885444819,96.0,
PPO,7,6.0,-0.08349084232152061,563484.6453379873,19447.235204756093,0.5919914304427681,94.0,
PPO,7,7.0,0.013352022426386766,515841.9843897302,17223.984029012085,0.5934633272903377,86.0,
PPO,7,8.0,-0.08095975345707891,626955.0584756397,16739.447792484392,0.5955308666165589,86.0,
PPO,7,9.0,-0.02595153378324085,607940.3327227061,15270.58904119237,0.614702181459753,86.0,
PPO,7,10.0,-0.12341360456733691,667706.4056995942,16758.456768062002,0.6005412228772301,86.0,
PPO,7,11.0,-0.02914147594208734,590887.7162803023,16038.702709014575,0.612396643436117,86.0,
PPO,7,12.0,-0.11429288436893657,641095.429260967,17259.16872747762,0.5912077207825861,84.0,
PPO,7,13.0,-0.018723354250755313,574603.643123929,16021.515315834058,0.5965829073548284,86.0,
PPO,7,14.0,-0.01351709089825778,594852.7087409827,15167.575924966743,0.5952834462338599,82.0,
PPO,7,15.0,-0.07111824701499916,661758.0401915399,14644.155778567474,0.5840216162275049,88.0,-0.04432979226112366
PPO,7,16.0,-0.0812783039722061,546974.5804879938,20140.64541725832,0.6077635837748324,88.0,
PPO,7,17.0,0.029665753178904488,531510.8152567097,16016.29632626169,0.614711024378321,84.0,
PPO,7,18.0,0.037285311934936616,581506.6197619578,13580.110082061596,0.6257687923222353,80.0,
PPO,7,19.0,-0.0750280916055467,625876.9978011595,16542.85476958359,0.6066164672049872,88.0,
PPO,7,20.0,-0.09157649614706052,662667.4181917878,15729.684483378054,0.5925403723288435,84.0,
PPO,7,21.0,-0.03169372629630858,619479.0999896299,14966.218158093807,0.6009754706932016,86.0,
PPO,7,22.0,-0.07040663750808264,586613.8667413704,17886.41313896326,0.5952119196391805,90.0,
PPO,7,23.0,-0.05695421659966579,559873.4597545157,17713.336035265413,0.600941750741893,86.0,
PPO,7,24.0,-0.021845885620960404,572938.4750262711,16310.068430308113,0.5879221128799513,82.0,
PPO,7,25.0,-0.0625855403717106,646949.6923738846,15190.458454679423,0.6040868414437806,84.0,
PPO,7,26.0,-0.07055367328359405,638038.741968871,15176.324626221485,0.5933034286006998,86.0,
PPO,7,27.0,-0.10589908584950991,660864.4304180307,16372.942437868687,0.6077401285060295,84.0,
PPO,7,28.0,0.032248566289475436,511121.89122568927,17049.496608948815,0.6032235624001407,86.0,
PPO,7,29.0,-0.006756278944884315,612445.3687559675,14379.938446230382,0.5992166839554508,86.0,
PPO,7,30.0,-0.042824044921927644,609669.7998332629,15767.954191579702,0.6234867223905255,84.0,
PPO,7,31.0,-0.26014768811332406,661318.1660277385,23906.059847848326,0.6056190927241518,100.0,-0.012660165317356586
PPO,7,32.0,-0.1101399627841521,603331.7491334592,18747.57150761873,0.6024307063596216,88.0,
PPO,7,33.0,-0.029579884674310872,608208.2870964996,15311.411883995741,0.6047861535086391,86.0,
PPO,7,34.0,-0.10135051575831823,646136.4830623014,16556.586017693266,0.5896695262383198,86.0,
PPO,7,35.0,0.01804114335915634,520021.74431856157,16628.462764374384,0.6071155478521254,84.0,
PPO,7,36.0,-0.012871955829095857,545842.4183544235,17188.20087685322,0.6006852618736018,88.0,
PPO,7,37.0,-0.05959155140498318,587714.8533267733,17298.564653435093,0.6034854465129154,88.0,
PPO,7,38.0,0.0050329138871612515,503307.43635178404,17908.01018995146,0.5898121818421442,88.0,
PPO,7,39.0,0.029881665569151193,556818.2610006712,14906.253438785156,0.6033739293733855,86.0,
PPO,7,40.0,-0.02711090470705015,568942.3827149441,16723.787152209286,0.5940295133382242,88.0,
PPO,7,41.0,0.04788839655134224,508935.7413395571,16287.162610046866,0.5891913923467824,90.0,
PPO,7,42.0,-0.05817433590933077,648320.767714883,14718.7084554896,0.6059504470857642,80.0,
PPO,7,43.0,-0.10619019541370839,652036.5134161283,16391.962319656544,0.6200138751220929,86.0,
PPO,7,44.0,0.13081903941361542,479490.6782724423,14461.444772903033,0.6080389205997025,82.0,
PPO,7,45.0,-0.045513815255551274,579478.5727465831,17267.30078018587,0.5891137683757608,84.0,
PPO,7,46.0,-0.05127861724057137,580955.2086757423,17225.314229328058,0.6122157345737892,84.0,
PPO,7,47.0,-0.038453677344399584,616227.6114002998,14986.06076889328,0.6050107813863008,84.0,-0.04858696646988392
PPO,7,48.0,-0.07385844425939744,546754.8184621187,19735.574222794927,0.5951844494666849,92.0,
PPO,7,49.0,-0.15706932244216865,587617.9406705158,21588.378909652936,0.5994811352640049,88.0,
PPO,7,50.0,-0.07284703314667904,678613.5679042658,13824.327380594983,0.5938595959762188,88.0,
PPO,7,51.0,0.06755086683542283,468286.855867376,17606.945889834802,0.5810415007763695,88.0,
PPO,7,52.0,-0.14278737591635626,711555.0383796218,15848.03506527136,0.5946324184930329,86.0,
PPO,7,53.0,0.05047076067704563,489423.31613436906,17158.815533011508,0.6127952935172912,80.0,
PPO,7,54.0,-0.02021273353880923,566835.9252549881,16338.53901890192,0.6034841578167544,86.0,
PPO,7,55.0,-0.036437090297785434,556047.6487176531,17996.46253168686,0.6022692223961295,94.0,
PPO,7,56.0,-0.11431054852274616,616925.2175120165,18548.2517966209,0.6086212894184049,88.0,
PPO,7,57.0,-0.02819495690431492,600526.321151473,15171.09265386941,0.5863740191577531,84.0,
PPO,7,58.0,-0.09532413500274549,637483.201706245,16838.6153640771,0.5949242421799469,86.0,
PPO,7,59.0,-0.016495230578911193,637576.8144670406,13803.650929380152,0.5924534833504291,84.0,
PPO,7,60.0,-0.1169666328168727,639440.5408786407,15717.636706216355,0.6116922115844761,86.0,
PPO,7,61.0,-0.04936397156564082,524187.2384352629,19955.013771985115,0.6039880969425773,90.0,
PPO,7,62.0,-0.06238954184120574,538799.0866010326,19840.664257202818,0.5973348176961266,92.0,
PPO,7,63.0,-10.036582150852768,584829.4531933187,16648.905345891013,0.5810099702378849,87.0,4.6208579540252686
PPO,7,64.0,-0.15842307930826566,601859.7936078489,21374.58320985052,0.5958622376499964,94.0,
PPO,7,65.0,-0.09128143611018044,598964.9665382256,17952.737706040294,0.5875953814438699,94.0,
PPO,7,66.0,0.009484878372356917,581268.8918060821,14920.421401512443,0.6196445461435924,86.0,
PPO,7,67.0,-0.09840794920754856,601177.260635849,18574.23760051822,0.596387361647069,90.0,
PPO,7,68.0,-0.003007394681406428,577303.3954156917,15319.955965996496,0.6006627719897363,82.0,
PPO,7,69.0,0.06765095826218365,598518.0996519083,12403.504443712201,0.5875129347930605,80.0,
PPO,7,70.0,-0.04054571396212075,584943.1777909393,16749.872567632858,0.5987615352073468,84.0,
PPO,7,71.0,0.11876281407735763,534005.2979054906,12612.698655624716,0.603861003247685,80.0,
PPO,7,72.0,-0.07374026085679872,556593.0428521597,19409.72307529481,0.6017329029132396,88.0,
PPO,7,73.0,0.03645132379078068,489118.36139766115,17777.70014513035,0.6114049411054479,86.0,
PPO,7,74.0,-0.07714613793677129,605526.0761639628,16965.329211673416,0.5959332688393291,86.0,
PPO,7,75.0,-0.187364721410465,716137.696217766,15721.746859565928,0.6067376206419305,84.0,
PPO,7,76.0,-0.039305634101992254,562792.5727255424,17740.598469869667,0.6105999109530827,90.0,
PPO,7,77.0,-0.03533463610532009,576234.8434552068,16878.520189673774,0.5872643664516729,90.0,
PPO,7,78.0,-0.13126685459443196,652687.8440211891,17724.385268476522,0.5961037857829596,90.0,
PPO,7,79.0,-0.09599378480906877,642238.0035716357,14686.172223939975,0.6070109718071965,80.0,-0.037151060067117214
PPO,7,80.0,0.003021162852171859,544546.4544933225,16544.92177747348,0.5922570261833922,88.0,
PPO,7,81.0,-0.024236433740772095,614492.1426527029,14883.239151276759,0.5920707037328136,92.0,
PPO,7,82.0,-0.12047494919470199,636308.4780793317,17772.120187220724,0.6138691256699091,88.0,
PPO,7,83.0,-0.022154043510127272,623782.6673902706,14456.600185132476,0.610974139096141,78.0,
PPO,7,84.0,-0.19281209864124935,673518.7841143203,19571.29275052011,0.5875098996509471,92.0,
PPO,7,85.0,0.06430057502327474,534181.787329733,14610.916816165933,0.5970192459235947,84.0,
PPO,7,86.0,0.01469862386625764,586096.6687595935,14603.411973291439,0.60727647352211,82.0,
PPO,7,87.0,0.022523256325726805,586063.0462554527,14252.372672527687,0.6096796353587877,82.0,
PPO,7,88.0,0.027522503995558625,613048.2920085493,13073.109728029001,0.6200224004503674,78.0,
PPO,7,89.0,-0.11079408003689685,696559.734323311,15221.171773385375,0.6121661021652512,84.0,
PPO,7,90.0,-0.007557453398418102,533261.567907382,17417.641532304835,0.6003671255136204,82.0,
PPO,7,91.0,-0.06404169302496535,611505.9791504673,14960.14703014641,0.603636188139251,84.0,
PPO,7,92.0,-0.14808318534850357,631026.8332497637,19469.626981675723,0.6125321602947144,92.0,
PPO,7,93.0,-0.10532115488867168,652361.0368647918,16634.983390037964,0.603110905014575,86.0,
PPO,7,94.0,0.08783198443592119,545324.6765400076,13369.058461886701,0.6000307339266365,82.0,
PPO,7,95.0,-0.06734419583068504,629300.3845899411,15587.045363064828,0.607559739648181,86.0,-0.024421141482889652
PPO,7,96.0,-0.047332548861929565,602812.3635192262,16355.254254778396,0.6083384590647495,88.0,
PPO,7,97.0,-0.087516473045192,635429.1239145198,16557.799449413415,0.6075935688618245,90.0,
PPO,7,98.0,-0.04544046725136315,614442.0451903377,15791.11203290812,0.6241070786612701,84.0,
PPO,7,99.0,-0.07036572025706075,567770.8123506707,18866.73934709679,0.5903729712431023,88.0,
PPO,7,100.0,0.021487702996860893,550312.8640651245,15646.212979854898,0.6101122622073222,82.0,
PPO,7,101.0,-0.017625884791657574,573932.5349712584,16304.885593343486,0.5969425987911328,88.0,
PPO,7,102.0,0.008630769606393304,522238.59298642026,17354.761781815865,0.6147071562181002,88.0,
PPO,7,103.0,-0.04500147986411792,566613.7892652608,17795.652087476672,0.5856118951220576,90.0,
PPO,7,104.0,-0.04845661461600319,646154.1748556483,14638.225794861673,0.586702176117146,84.0,
PPO,7,105.0,-0.057523818199779746,622496.525837675,15981.03025159218,0.5906418576945842,88.0,
PPO,7,106.0,-0.015400914286135197,586994.7292867906,15380.399050641503,0.6026899191862136,90.0,
PPO,7,107.0,-0.04075777663009537,533960.6686150909,18966.40914660927,0.5911967333475208,88.0,
PPO,7,108.0,-0.0878007682930767,630130.744421671,16582.37876173772,0.6106431275682722,90.0,
PPO,7,109.0,0.044375372513107345,613416.7388620231,12467.404105641886,0.5938661271033071,82.0,
PPO,7,110.0,0.06343553391277737,502773.6398831274,16029.158175975825,0.6045518911744372,80.0,
PPO,7,111.0,-0.03954085862824911,586325.0861146213,16692.718780913918,0.6056905041712095,88.0,-0.04459050111472607
PPO,7,112.0,0.0015284636967622424,575992.7264895946,15433.709837893808,0.6165574710194409,86.0,
PPO,7,113.0,-0.07378094270596691,538268.7922324663,20192.92592696476,0.606340579593483,88.0,
PPO,7,114.0,-0.021036150110752785,523534.4254680198,17973.330780269513,0.6198090278236976,86.0,
PPO,7,115.0,-0.06579849564277286,625744.8994066692,15965.318080358862,0.6006756815813691,84.0,
PPO,7,116.0,-0.05794394517080727,626596.9022852884,15525.22850117249,0.6071447019114861,86.0,
PPO,7,117.0,-0.15890388090178545,715840.9815888334,16231.25163630892,0.6091092822960529,86.0,
PPO,7,118.0,0.024435240463624865,539908.8842690294,15900.24785201636,0.5836581339507577,88.0,
PPO,7,119.0,-0.042557928165392625,570597.0165788212,17218.468225236,0.5983622416393248,90.0,
PPO,7,120.0,-0.1314938427599091,648453.4005125139,17121.610518422847,0.5985447852453196,86.0,
PPO,7,121.0,-0.01524739741694402,625097.2707587144,14117.501465433252,0.5899510098312922,84.0,
PPO,7,122.0,-0.13608861146907944,604519.8492123544,20001.49680991202,0.6153212869910353,88.0,
PPO,7,123.0,-0.04946342918068542,579836.2948711135,17163.14887650792,0.597125826776755,86.0,
PPO,7,124.0,-0.08847216740737095,608028.7340228026,17730.971583020495,0.6027790552939907,92.0,
PPO,7,125.0,0.0696761786419545,611848.2513938774,11744.55986721153,0.6082021680324822,78.0,
PPO,7,126.0,-0.007244398737827753,628482.0753612651,13771.027126490586,0.6118329258976691,80.0,
PPO,7,127.0,0.037468250729889456,683449.2186119249,10682.582388566138,0.5929852733582452,78.0,-0.04634424950927496
PPO,7,128.0,0.013306377555976877,518067.4541683339,17008.15659258105,0.5896078341510415,82.0,
PPO,7,129.0,-0.10393522883105032,660058.186172261,16123.391914180107,0.6054534186718782,86.0,
PPO,7,130.0,0.08468935272012071,527152.3690258695,14016.915280210427,0.6011343652502331,80.0,
PPO,7,131.0,0.006952648107254447,557281.3379708459,15839.118713894637,0.5990473810482301,86.0,
PPO,7,132.0,-0.01573519439142499,570980.2380201217,16255.856795925312,0.5984200431698007,82.0,
PPO,7,133.0,-0.028996442585452913,586269.3376459704,16330.823693487255,0.6000786574384475,88.0,
PPO,7,134.0,-0.18045048410284553,711865.3038631444,16569.203085891,0.6083497494003784,84.0,
PPO,7,135.0,-0.1339090494005789,633426.1705083549,18571.66476838355,0.5986928470709821,88.0,
PPO,7,136.0,-0.2363018655339598,733126.3853485127,19110.441545252488,0.607483175087721,88.0,
PPO,7,137.0,0.11265681068173874,521973.7902858467,12977.901311209413,0.6277178612665052,80.0,
PPO,7,138.0,-0.058673562570374566,552827.1022956142,18932.858421475517,0.609241659270499,90.0,
PPO,7,139.0,-0.0972071199979771,660948.3695131725,15925.863757285639,0.5872370568011875,80.0,
PPO,7,140.0,-0.025581978180823167,513308.9863871324,19049.92906416902,0.5799724745858281,88.0,
PPO,7,141.0,-0.08404936581825972,575523.4065702724,18555.253252284285,0.6039155614696562,88.0,
PPO,7,142.0,-0.06031644416207181,514680.99063418194,21052.2006789502,0.5826976618189935,94.0,
PPO,7,143.0,-0.08006239975821494,613652.8609025256,16419.930875811,0.5949975398316657,90.0,-0.046429578214883804
PPO,7,144.0,-0.08654710935075655,609779.5963524211,17379.21200928248,0.6039634697945246,88.0,
PPO,7,145.0,-0.08378948150423288,551259.1291024617,20021.8584713561,0.6078477552563167,90.0,
PPO,7,146.0,-0.06364929553894227,547532.4351775615,18959.012099394582,0.5977103635664245,90.0,
PPO,7,147.0,-0.049385124965758344,572902.5989510425,17540.98395051891,0.5904459281638408,88.0,
PPO,7,148.0,0.04791889385857762,585828.5466208997,13163.288759835981,0.5978949508414919,84.0,
PPO,7,149.0,0.018715540472155054,605683.3592061106,13713.498870607269,0.5908679807524119,84.0,
PPO,8,0.0,0.033467441475557025,364960.845577318,15698.150396782494,0.515610333678905,89.0,
PPO,8,1.0,0.1230962287599564,377468.4985911196,13953.715724914911,0.5407340093316463,77.0,
PPO,8,2.0,-0.014938868568006277,462000.4519590079,14427.292295229769,0.5253140222099815,85.0,
PPO,8,3.0,-0.006097555960277377,441526.05703129026,15592.59486945242,0.5218531991325444,89.0,
PPO,8,4.0,-0.1146606156481544,651732.4470533084,11566.094640389983,0.5306361253610826,81.0,
PPO,8,5.0,0.0848359098074275,417168.6934612238,13576.1624016263,0.533580328980264,79.0,
PPO,8,6.0,-0.02435038629758438,494375.00575165165,14063.554241140486,0.537305482206013,83.0,
PPO,8,7.0,0.013361081532094088,452719.17284251214,10089.509398950991,0.540453904000738,77.0,
PPO,8,8.0,0.2808369501677172,348366.7008724533,10643.318837995916,0.5632637222371578,83.0,
PPO,8,9.0,-0.09322668388735943,573138.703447894,13549.916154323926,0.5325034010677645,81.0,
PPO,8,10.0,-0.054267152595822404,471332.6544808895,16175.514187853445,0.5419135483566315,89.0,
PPO,8,11.0,0.050872457036798255,394754.3275526688,15197.536907031947,0.5594328188509085,85.0,
PPO,8,12.0,-0.017991327623616278,574257.5798966452,11196.367438712177,0.5361075627522095,79.0,
PPO,8,13.0,0.09104128998337462,415153.2045220321,12806.198778322061,0.5596109351422218,87.0,
PPO,8,14.0,0.23418723304655434,326446.1722291059,12215.721829057833,0.5148913505135417,85.0,
PPO,8,15.0,-0.07106611984968153,571419.8747562424,12570.227305754392,0.5279268354235365,81.0,-0.026805290952324867
PPO,8,16.0,-0.0618575314756117,518267.1804142336,14206.764406497436,0.530463948713841,81.0,
PPO,8,17.0,-0.002623649795009912,546700.8221839735,11740.085037512816,0.5247774937073426,79.0,
PPO,8,18.0,0.0785981175363022,433399.7844611748,13211.698882457096,0.5450988620482992,83.0,
PPO,8,19.0,0.02040428683114313,472469.71467758523,13564.390850940177,0.5470198961241391,85.0,
PPO,8,20.0,0.05175831377508819,492009.775845989,11442.768192230831,0.5222559492884791,79.0,
PPO,8,21.0,0.10509326551966039,356593.3113666964,15950.764617388788,0.5357790939159951,89.0,
PPO,8,22.0,-0.00037544603939031543,458756.18914993247,14287.060153991326,0.5320622550639832,83.0,
PPO,8,23.0,-0.09328240082437077,672852.0768172577,10290.869183465966,0.5620830333346385,79.0,
PPO,8,24.0,0.062276424548192086,414303.89319923153,14464.173746719463,0.5427653436911472,83.0,
PPO,8,25.0,0.04393580246421495,432827.8519180983,14634.562314400662,0.5322029406043691,81.0,
PPO,8,26.0,0.17927760962914363,416403.8596039853,10886.2378642557,0.5408870328193445,75.0,
PPO,8,27.0,0.126070319582095,346709.41867823596,15844.729263835641,0.5339457736520861,87.0,
PPO,8,28.0,0.15347521122215466,470764.7172514565,9822.432154810813,0.5367155948062207,75.0,
PPO,8,29.0,0.07239247127237329,414453.02577067085,14318.366311093407,0.5315083995781968,89.0,
PPO,8,30.0,0.06232821432614105,463110.2133051781,12390.105406945975,0.5400733222408814,85.0,
PPO,8,31.0,0.10234659924190567,451464.12589456997,11884.027436682532,0.5391362729103525,81.0,-0.03461586497724056
PPO,8,32.0,0.05674421773424538,445577.16036693496,13583.419871459184,0.5329970632038304,87.0,
PPO,8,33.0,0.06591431461674839,488593.5526988592,11588.204867351245,0.5359289185132219,81.0,
PPO,8,34.0,0.2991778622771632,288441.2564997862,12445.470446031752,0.5432951690290239,85.0,
PPO,8,35.0,0.00409859657992649,502617.6446083031,12878.10055316496,0.5359552860531501,89.0,
PPO,8,36.0,-0.08127177623600926,443169.75731176947,19150.2259100138,0.5291077965315482,93.0,
PPO,8,37.0,0.10114166325383314,422029.4651514889,12934.324749045383,0.5538580131084753,79.0,
PPO,8,38.0,0.051397259446749166,471889.51170337986,11165.42583910037,0.517066000055475,81.0,
PPO,8,39.0,0.0009119101834279856,465858.6861779374,13735.328023257653,0.5117839885435252,83.0,
PPO,8,40.0,-0.035724159183241073,443487.574686825,16123.380976820514,0.5047727309266022,91.0,
PPO,8,41.0,0.29925555085949695,309732.87198226026,11857.00809365733,0.5438864918170987,79.0,
PPO,8,42.0,-0.0788816874630655,485790.43405931746,16040.580332164765,0.5348220598216777,85.0,
PPO,8,43.0,0.16188243265745103,284771.60343923117,15599.290094339402,0.5234862833614411,91.0,
PPO,8,44.0,0.11149334063655762,364600.9779381974,15667.681291179588,0.5298351252067854,83.0,
PPO,8,45.0,0.06465184489656423,409448.07728095143,14857.577657734897,0.536441813096813,85.0,
PPO,8,46.0,0.1763035568492842,427200.7550713855,10671.632363606423,0.5468472484923957,79.0,
PPO,8,47.0,-0.11506073130937655,504759.1984900228,16784.644515445747,0.5467178463649573,89.0,-0.037094758823513985
PPO,8,48.0,0.0068964620026982695,411968.7609823034,15665.412775052686,0.5503864137824562,87.0,
PPO,8,49.0,0.007240129622245954,528865.4580540044,11706.18018186607,0.5249945513070777,85.0,
PPO,8,50.0,-9.95091843155444,532372.8012533403,10609.96584491382,0.5294127257267561,84.0,
PPO,8,51.0,0.02128652519894072,438620.27358769736,14919.05236519073,0.5242182034184841,87.0,
PPO,8,52.0,-0.06951436217999479,567550.0114625379,12308.04299391124,0.554977259904495,83.0,
PPO,8,53.0,-10.024595198841018,505892.12576721254,13697.317393664036,0.5263911429666834,82.0,
PPO,8,54.0,0.095907789753018,482282.77039267175,10793.980703892645,0.5335183177703491,79.0,
PPO,8,55.0,0.06131155344290664,431693.99886621314,14023.485330356098,0.5385180939072671,85.0,
PPO,8,56.0,-0.027921242234638807,518653.2620449134,12956.004918401548,0.5388914421298022,79.0,
PPO,8,57.0,-0.0008733102007159165,456968.46726810164,14069.551223684924,0.535884959193483,83.0,
PPO,8,58.0,0.09037086767687866,400637.9935616275,13997.511913154583,0.5349092229830182,87.0,
PPO,8,59.0,0.10504704592868977,360386.11313780985,16021.321056004299,0.5113904389751698,83.0,
PPO,8,60.0,0.20101690956657597,416435.0944940219,10178.1361526692,0.5321122034622062,79.0,
PPO,8,61.0,-0.020883477575838888,446708.43454268284,16432.776536748228,0.5328143617341707,89.0,
PPO,8,62.0,0.20012777653014124,369288.8235920344,12363.749594885681,0.534907801571286,85.0,
PPO,8,63.0,0.11320993170558301,394314.4055565928,13937.83503732936,0.5422569632778378,89.0,-0.03800146747380495
PPO,8,64.0,-0.05774817596698196,497059.2735648828,14532.618944998094,0.536009764729537,87.0,
PPO,8,65.0,0.07310717432327869,457323.9225841085,12105.68033806825,0.5296979927411197,83.0,
PPO,8,66.0,-0.038640357233219104,440065.0171801636,17256.286541241505,0.5359848238420819,87.0,
PPO,8,67.0,0.24300184273638092,309653.60232975305,13592.248900644148,0.5241857051928062,91.0,
PPO,8,68.0,-0.03407936332740048,557866.9561632961,12103.1139836892,0.5189565095815601,77.0,
PPO,8,69.0,0.04210739774178771,489010.60823521955,12182.304669384086,0.541208239244134,83.0,
PPO,8,70.0,-0.01377205095516612,550678.1135627351,11693.301702008579,0.525016961479681,83.0,
PPO,8,71.0,-0.11594691402760297,570745.75355356,14463.826218401506,0.5360261733124444,81.0,
PPO,8,72.0,0.12591865835514598,444324.67123318266,11349.324987664637,0.539004137466014,81.0,
PPO,8,73.0,0.1416841730178566,353478.1581944141,14958.45556852387,0.5424318488204147,85.0,
PPO,8,74.0,-0.025986491797645627,538363.6150031177,12285.506515936655,0.5323642957720996,87.0,
PPO,8,75.0,0.2538921777641712,368720.0913348489,10719.00246118774,0.5452194664653724,81.0,
PPO,8,76.0,-9.94917222376685,480349.12225586385,12254.96024186536,0.5505588969080946,84.0,
PPO,8,77.0,0.07162364660616095,405294.87175698596,13836.956948115218,0.5361567360661601,83.0,
PPO,8,78.0,0.1505443479089531,353766.88394805824,13729.306969553669,0.5300172714782826,87.0,
PPO,8,79.0,0.0802735263183624,456147.02157655783,12362.852595923301,0.5310372855175327,83.0,-0.045225304551422596
PPO,8,80.0,0.010963397513030963,529049.73377841,11613.148019040533,0.5241497302135869,79.0,
PPO,8,81.0,0.1375326119332302,323823.2950912128,16424.47056607383,0.5312310781861092,87.0,
PPO,8,82.0,0.05978562394407745,480843.6251744324,11863.36457326138,0.5519755417956222,83.0,
PPO,8,83.0,0.06424805927703277,410031.1629476051,14959.109764162256,0.5472398139268762,85.0,
PPO,8,84.0,-0.020771396908562174,490412.55504182435,14298.319697532208,0.5349477732642658,87.0,
PPO,8,85.0,0.13071454301479063,334069.51139923517,15451.018935880247,0.546669398962945,81.0,
PPO,8,86.0,0.23656366011041804,298189.1465114021,14985.660505330105,0.5309912329481031,89.0,
PPO,8,87.0,-0.07343185771572378,477298.45748307393,15938.560687656362,0.5457177228948973,89.0,
PPO,8,88.0,-0.016999586322738833,520047.7593860638,13019.430470086529,0.5338443921863261,85.0,
PPO,8,89.0,0.104163429394125,435124.8224254196,12132.865728691464,0.5326718287489562,85.0,
PPO,8,90.0,0.06528486795336208,376201.66083388764,16565.69704090247,0.5422358671661021,87.0,
PPO,8,91.0,0.10240443577308657,392432.2970564795,14164.483734624542,0.5338464357434417,87.0,
PPO,8,92.0,0.02481093886222449,499437.87195792,11948.073592912053,0.5417521456103065,81.0,
PPO,8,93.0,0.14638675752519775,388118.014418241,12235.220074410072,0.5194586394777402,79.0,
PPO,8,94.0,0.14370116487316395,390088.07545970887,13188.441446971408,0.5334654710737662,87.0,
PPO,8,95.0,0.08520468669813835,436234.2175350651,12894.782260566117,0.5414639667809354,81.0,-0.049765681847929955
PPO,8,96.0,0.1618179795404881,417021.03486867226,11369.52363622603,0.5206039196226799,87.0,
PPO,8,97.0,0.057769181329560604,501472.27986936085,10582.601215508175,0.5428987525626636,77.0,
PPO,8,98.0,0.07077684402687816,415311.1802732208,14054.195637264665,0.5568058772680796,85.0,
PPO,8,99.0,0.0216992221156002,410917.29888400144,16278.039735121536,0.5309698997103017,87.0,
PPO,8,100.0,0.12940493707112968,384605.6679024418,13650.194981371991,0.5558780441709196,85.0,
PPO,8,101.0,-0.10761416452016019,530738.7460112887,15873.520526435319,0.5295447081341781,89.0,
PPO,8,102.0,0.16372243336942172,422494.45960925845,10924.894712922864,0.5486189742267131,79.0,
PPO,8,103.0,0.043019380014104464,407571.08301786624,15581.5720495895,0.5254896755904739,93.0,
PPO,8,104.0,-0.026651744598788156,533962.5081929349,12781.917543684393,0.521804880672013,85.0,
PPO,8,105.0,0.09457623631942534,494837.19349732395,10248.464001265036,0.5556478302420392,77.0,
PPO,8,106.0,0.0745298968303719,472836.45690915216,11770.9020830384,0.5346368431081493,83.0,
PPO,8,107.0,-0.03793572604723941,560566.5689652024,12274.771734930568,0.5565292791181453,81.0,
PPO,8,108.0,0.25052843684804205,249652.62954592454,16975.496212671515,0.5387235807728256,89.0,
PPO,8,109.0,0.06211022759286918,505000.13271502196,10688.195093705704,0.5304870592169213,77.0,
PPO,8,110.0,0.0693618006218277,436461.0903268209,13388.812018213554,0.5271143251928221,85.0,
PPO,8,111.0,-0.0500125120916408,547684.892199853,12205.98905339675,0.5259205595125928,83.0,-0.02385870646685362
PPO,8,112.0,-0.027966716218397317,482908.34808170993,14564.214354059,0.5333519496041054,81.0,
PPO,8,113.0,0.05682291988868121,509583.93529841996,11191.395797098154,0.5364400886312852,81.0,
PPO,8,114.0,0.1313471418788196,401912.8807377663,12785.633170254596,0.5373840326087137,81.0,
PPO,8,115.0,0.04878125422566286,439337.97648753104,13951.499495840271,0.5272930773258705,87.0,
PPO,8,116.0,0.038656721428586484,441577.1777041116,14409.964290477314,0.5293408926457926,87.0,
PPO,8,117.0,0.2465920872680949,271114.23022587475,13966.81558205248,0.5182459552833695,83.0,
PPO,8,118.0,0.13349839611715508,379733.666899784,12152.982148445406,0.535929455050948,81.0,
PPO,8,119.0,0.11584069896616565,432763.51984437037,12140.994320953403,0.5270124798950367,83.0,
PPO,8,120.0,0.12464654866365005,428180.5540349218,11993.578209666912,0.5258361604593714,81.0,
PPO,8,121.0,-0.20198894115607702,519923.48095924524,12995.736755285974,0.5522249826360989,85.0,
PPO,8,122.0,0.026577463651125233,531950.689884513,10861.75158471003,0.5327726459488439,83.0,
PPO,8,123.0,0.07666054914553755,468462.42811295396,11824.230171970361,0.5382052170556287,81.0,
PPO,8,124.0,0.03056470480679627,486487.3152618387,12301.6225492616,0.5234987389754181,79.0,
PPO,8,125.0,0.030004259890933787,441300.7526687521,14139.58739555471,0.530507578128912,81.0,
PPO,8,126.0,-0.08602531599945115,527404.381418285,14941.36206741329,0.5307289324753022,81.0,
PPO,8,127.0,0.2142127334987201,306556.6978112424,15185.793421463179,0.5364924104333793,89.0,-0.025295834988355637
PPO,8,128.0,0.16328818350162225,375323.5046595058,12249.427742013193,0.5293959341028391,85.0,
PPO,8,129.0,0.09521687527126066,530344.6996202432,8956.10468418608,0.5418093375432983,77.0,
PPO,8,130.0,0.07251919500736353,489084.04374837235,11262.775874712353,0.5323001413579959,81.0,
PPO,8,131.0,0.2329024617260224,324370.23872775846,12921.648998482604,0.528912360710605,83.0,
PPO,8,132.0,0.1279098464440516,398989.8133084437,12400.829561653536,0.5341626910689296,83.0,
PPO,8,133.0,-0.02110813545699726,471528.25576253806,14628.459441392142,0.5433277566583161,81.0,
PPO,8,134.0,0.028704671255688197,441704.3112025558,14234.313450593834,0.5314214802991827,85.0,
PPO,8,135.0,0.07141694385222608,482145.1519569004,11127.145337734444,0.5535823694632741,77.0,
PPO,8,136.0,0.03997864164144069,434413.6175491817,14643.065188069097,0.5342151311398828,83.0,
PPO,8,137.0,0.10392138146788302,406460.2030847953,13572.387121502383,0.5242052317695913,81.0,
PPO,8,138.0,-0.01887019953935402,403680.00981642696,15030.268024476,0.5265482710142504,85.0,
PPO,8,139.0,-0.14122882821810245,538492.5666954085,14224.499280362781,0.531218313323099,83.0,
PPO,8,140.0,0.07059205161803193,461369.4191659437,12127.747643882863,0.5310043410646885,79.0,
PPO,8,141.0,-0.17356205814736994,551049.7912464915,16481.034842323483,0.5341011419424949,83.0,
PPO,8,142.0,0.09717783898000792,387187.50274759316,14419.617015474332,0.5298520282398457,83.0,
PPO,8,143.0,-0.17416108445297315,573434.5635234587,16424.0719398156,0.5365211520813,89.0,0.021498375572264194
PPO,8,144.0,0.14570541441256143,401452.5868422222,12592.168507343085,0.5534950653038263,81.0,
PPO,8,145.0,0.03622678168339173,483969.5322958074,12568.553638094087,0.5167738383747404,83.0,
PPO,8,146.0,0.04073591363448037,505471.44274815544,11489.937053796863,0.5317894383410042,83.0,
PPO,8,147.0,-0.17180777951957285,564232.3349268283,16852.32948576626,0.5298281773745337,87.0,
PPO,8,148.0,-10.21987661530549,677281.528071198,14306.938348942587,0.5244770172477696,84.0,
PPO,8,149.0,0.003633279191675401,456078.9227957683,14482.79083962387,0.5369169139978838,83.0,
PPO,9,0.0,-0.0710244777333657,389500.1208160008,14921.52896037015,0.5921848739748043,82.0,
PPO,9,1.0,-0.10761653474355576,441753.41447289154,14768.320192097739,0.5868328522984219,88.0,
PPO,9,2.0,0.07802679552020687,385101.46551434835,11582.885398950404,0.5949760635625905,82.0,
PPO,9,3.0,-0.026116427504561862,471000.07452876103,10984.929927715597,0.5975807845879305,78.0,
PPO,9,4.0,-0.06745016919401937,440458.40692552767,13385.519484140807,0.5705501815237041,80.0,
PPO,9,5.0,-0.014886927111526496,424794.4386784978,12493.706336715191,0.6031774438594768,84.0,
PPO,9,6.0,0.01866252477613563,375556.7400444269,13968.924422625953,0.5948182134016676,84.0,
PPO,9,7.0,-0.05648128719394684,419658.65810515964,14142.075950377066,0.5992395166210657,88.0,
PPO,9,8.0,0.08359091298219787,332401.5897050258,13742.906271087468,0.5896484959517244,88.0,
PPO,9,9.0,-0.008196762411352743,418813.6398772176,12316.808902771438,0.6035192429062692,82.0,
PPO,9,10.0,-0.07592445052085278,439339.9409281437,13818.142591447628,0.5784597419056596,86.0,
PPO,9,11.0,-0.035221229069709564,411316.90248991194,13993.71188115795,0.5899602724916565,82.0,
PPO,9,12.0,-0.057482615167979756,474846.2772318441,11588.541214774657,0.6148772256628273,80.0,
PPO,9,13.0,0.0035848656803555146,370605.9450969113,14421.006056156999,0.6079067077278231,84.0,
PPO,9,14.0,0.042259547737164414,373808.84709747887,12484.218875497963,0.6158477609387104,84.0,
PPO,9,15.0,-10.1417068331338,503153.31250420195,13173.604454449342,0.6117109813053965,85.0,0.9929585754871368
PPO,9,16.0,-9.98194840450115,411188.43626705225,12276.760468728145,0.5966601214253123,83.0,
PPO,9,17.0,0.07843277532815046,362552.66173266695,12574.729087971707,0.5838744229467809,88.0,
PPO,9,18.0,-9.98797093819138,370700.31188639865,14416.289060663084,0.6010214114195485,89.0,
PPO,9,19.0,0.05902224161008457,399535.21181657835,11545.817319501193,0.6073384317293553,82.0,
PPO,9,20.0,-0.02711252178869221,415821.0359466111,13515.235765406347,0.5804096477465324,84.0,
PPO,9,21.0,-0.035819916865972065,454458.51302402077,11546.491668266768,0.6037560742079303,82.0,
PPO,9,22.0,0.07188648385086074,410994.296275483,10646.469599931943,0.5881138046810163,80.0,
PPO,9,23.0,-0.07252421264752792,448223.84784140484,13369.264356271276,0.6035119439311659,88.0,
PPO,9,24.0,-0.016624292154392116,398236.8447904988,14033.641236905118,0.5749692444606722,86.0,
PPO,9,25.0,0.04413675498908854,360361.2100268666,13596.95782827478,0.5962376319987017,86.0,
PPO,9,26.0,-0.1580458706222164,498801.74396435235,14060.25516699996,0.616538889338109,86.0,
PPO,9,27.0,-0.18037610319554456,482045.55370667164,14871.144801988383,0.6073270118216113,92.0,
PPO,9,28.0,-0.07775239704992408,462654.5412388561,12671.598955438196,0.5930763883542883,86.0,
PPO,9,29.0,-0.07543880101197872,450120.06898672826,13084.132366440313,0.5850602730449871,88.0,
PPO,9,30.0,-0.06611976590011989,447165.22466426215,13258.135562310434,0.5998801797721729,82.0,
PPO,9,31.0,-0.08088133305116621,447538.7326140183,13617.480102901376,0.5910769954903422,86.0,-0.048273504711687565
PPO,9,32.0,-0.2399911601715872,513172.1082116043,16496.31816016465,0.6206897273766251,84.0,
PPO,9,33.0,-0.11929800403514479,440063.8002965901,15605.980746480056,0.5922169474428157,82.0,
PPO,9,34.0,-0.09370850883622803,471758.5374931997,12938.190589149384,0.6089216231578735,88.0,
PPO,9,35.0,0.009620525932810422,406346.5997720537,12461.152582897947,0.6182992540324931,86.0,
PPO,9,36.0,-0.20129042482693735,500948.8879267457,14842.344065886926,0.5694949884810993,82.0,
PPO,9,37.0,-0.01491293952204542,430699.34017075587,12059.204122111101,0.6108991096272709,84.0,
PPO,9,38.0,-0.11777577339148024,495151.69082313345,12718.691935891802,0.6026141933126701,80.0,
PPO,9,39.0,-0.10984911280781745,464948.37906244036,13928.592909660854,0.591584676360009,84.0,
PPO,9,40.0,-0.047944691948163545,486759.04435689864,10737.217023863246,0.6057516525756573,76.0,
PPO,9,41.0,-0.03104487680924723,376318.0082613919,15501.170688930857,0.5948999721713286,86.0,
PPO,9,42.0,0.14251441911160276,387040.0246752171,9734.409066456818,0.5918727939651404,76.0,
PPO,9,43.0,-9.971600224546172,351460.72310130415,14697.090842235471,0.5903243671965187,87.0,
PPO,9,44.0,-0.0469615849424,450305.38992138614,12423.557524777434,0.598582277942871,82.0,
PPO,9,45.0,-0.13371997641059344,521008.56192497426,11592.558618013523,0.6130212723795243,84.0,
PPO,9,46.0,-0.008818467534505601,399193.30521879025,13452.326009941817,0.6083504822379258,86.0,
PPO,9,47.0,-0.0505953038445733,390150.4597800771,14589.568680915607,0.5921828636433367,90.0,-0.04429847188293934
PPO,9,48.0,-0.06424844013830631,470049.76590079674,11965.570356513635,0.6046039865314089,82.0,
PPO,9,49.0,-0.045905236012807604,390762.01619038946,15500.305843284643,0.5957563631931333,86.0,
PPO,9,50.0,-0.2298501035608601,544392.5993255654,13618.93851491694,0.619412787250991,82.0,
PPO,9,51.0,-0.19867464569046991,494548.8244089409,15742.632236793026,0.5885208304622184,90.0,
PPO,9,52.0,-0.018992371587648674,421875.49001831847,12805.42557577129,0.5841177399309669,82.0,
PPO,9,53.0,-0.03909995755245263,394324.6747958238,14079.254485689677,0.5987098608409931,86.0,
PPO,9,54.0,0.021104772344112177,410897.2597966742,12184.76696848162,0.6024112242724357,80.0,
PPO,9,55.0,-0.019079758295093244,477116.7194092835,9910.038543805338,0.6082072386216527,76.0,
PPO,9,56.0,0.10306296455286057,403777.2558578625,10154.967732243858,0.5911031097834505,78.0,
PPO,9,57.0,-0.03434415139242561,371539.6451042033,15950.150474442493,0.6044422555540655,86.0,
PPO,9,58.0,-0.08499751035836166,471182.10081786785,12567.576903704226,0.6095012093759015,84.0,
PPO,9,59.0,0.09119528820479769,410746.74911356217,10125.55665900664,0.5831759296516938,80.0,
PPO,9,60.0,-0.09813530718605012,405348.5481810089,16455.221895431834,0.5761542111013642,90.0,
PPO,9,61.0,-0.01846712335869257,471117.0908945301,10800.722917145122,0.5744063552288082,80.0,
PPO,9,62.0,-10.031929144898632,411172.7665723146,13878.09553334705,0.609144224660408,85.0,
PPO,9,63.0,-0.03385689240372278,392825.71530432365,14480.55004609409,0.5971922013337232,86.0,1.78426992893219
PPO,9,64.0,-0.11855081369411255,402010.47252070473,17727.87691287213,0.6023798847983451,94.0,
PPO,9,65.0,-0.03826421162112577,445986.1732015251,12454.870189138153,0.5816237505677271,88.0,
PPO,9,66.0,-0.06805532349489944,441654.8501508263,13681.982027926435,0.5854036069383299,84.0,
PPO,9,67.0,-0.08325963516332535,400171.9224309177,16400.40147687963,0.5886635256379427,84.0,
PPO,9,68.0,-0.13164186805804057,523102.7195561775,11803.286756072463,0.601304003288894,84.0,
PPO,9,69.0,-0.029377910660231443,435412.77484192094,12563.840783446078,0.5779263730276966,86.0,
PPO,9,70.0,-0.09822074382595561,517841.54062836856,11345.494132861037,0.6082693449878591,80.0,
PPO,9,71.0,-0.10913471292570877,418424.5962880247,16283.616762350135,0.5855324122116665,90.0,
PPO,9,72.0,-0.07387902388153679,412128.54146122537,15284.60017590625,0.6028567495669906,84.0,
PPO,9,73.0,-0.10460720375816442,465259.8243315557,13455.379363797976,0.6075247300974944,84.0,
PPO,9,74.0,-0.15364778359919531,431746.64866251935,16972.860565458675,0.6120328774893068,92.0,
PPO,9,75.0,-0.16020957837114713,506424.3118696959,12941.231784803023,0.6026910670852215,78.0,
PPO,9,76.0,0.04278080684407603,421507.70048932085,10953.505349101764,0.5875266521902143,78.0,
PPO,9,77.0,-0.060708297786282554,385304.61965320475,16269.94648636052,0.5946395029246052,86.0,
PPO,9,78.0,-0.020231797866964822,409428.5276529684,12764.102584955095,0.6014129630360382,76.0,
PPO,9,79.0,-0.13585764552124385,416925.53394386254,15085.007855372369,0.5955123406632389,92.0,-0.043550387024879456
PPO,9,80.0,-0.002310686344726493,411419.0419654291,12950.243712256522,0.5886633067195212,86.0,
PPO,9,81.0,-0.09922113200555517,443997.4746863037,14517.409219987236,0.5928437369643368,90.0,
PPO,9,82.0,-0.1322988835973995,541828.4753239331,11377.642654748277,0.5975350141514179,84.0,
PPO,9,83.0,3.66310934786168e-05,411189.2962431556,12818.291792938557,0.5894125143147367,84.0,
PPO,9,84.0,-0.04949409200743311,400960.18222094246,13995.681904890085,0.6055093753791968,82.0,
PPO,9,85.0,-0.11308327726777262,476319.7231118339,13530.753107646171,0.6081622928030631,84.0,
PPO,9,86.0,-0.006349920228998612,397268.4466642491,13358.930340543524,0.5798579426238526,84.0,
PPO,9,87.0,-0.16979282816843017,513679.32617973315,13380.411735407135,0.6026410187788961,86.0,
PPO,9,88.0,-0.007836634362058592,411224.8066128222,13027.678287854515,0.6078941662115758,84.0,
PPO,9,89.0,-0.03849132709048136,454194.91542483843,11406.948851651387,0.6120579077532502,82.0,
PPO,9,90.0,-0.10594374003754464,441404.21421373484,14660.067566654106,0.5895310867460829,86.0,
PPO,9,91.0,-0.23309067911857118,530307.3921644976,15176.259981370795,0.5952791101730619,90.0,
PPO,9,92.0,-0.2078519627722455,558991.6991686779,12464.297177308821,0.6057513604674402,82.0,
PPO,9,93.0,-20.213199804289697,507857.3452137432,15655.777236554077,0.591466506750163,86.0,
PPO,9,94.0,-0.027965238274816097,441426.66126322246,12370.258421849761,0.6134201147494024,78.0,
PPO,9,95.0,-0.07412782807697185,409400.98234654457,15585.197137027502,0.6040191910762466,86.0,14.736725091934204
PPO,9,96.0,-0.14891950335756146,484987.24142258585,14218.66413722285,0.6173860948316648,84.0,
PPO,9,97.0,0.007556717651003624,408048.2522486384,12629.197539866502,0.5883828384591883,78.0,
PPO,9,98.0,0.026960181797638445,355814.4801223194,14784.590921259047,0.5818084339553594,88.0,
PPO,9,99.0,0.1336703434117725,379847.8076925912,10255.765003748378,0.6015116540056498,80.0,
PPO,9,100.0,-9.977425395580068,426988.28306814795,11387.618102376642,0.6100014437852712,81.0,
PPO,9,101.0,-0.1487575900786866,424899.2299743557,16551.69313343372,0.6156311977379425,88.0,
PPO,9,102.0,0.07096582691774042,367015.14644094027,12517.583621131173,0.6041903292543174,84.0,
PPO,9,103.0,-0.06039046956169667,362950.89259678737,17358.85079150865,0.6029358933220709,94.0,
PPO,9,104.0,-0.10273282104044582,440866.61185119965,14911.397440294128,0.5843064346611399,84.0,
PPO,9,105.0,-10.032664542178884,395648.16258912487,14562.708395070924,0.5943008783409521,85.0,
PPO,9,106.0,-0.11150294308903866,450478.48904980946,14563.867491589926,0.5987389714891044,86.0,
PPO,9,107.0,-0.13139623948542914,438900.2760264754,16167.354088396974,0.5988124148917023,92.0,
PPO,9,108.0,-0.055445857011679325,483584.1376572456,10794.231117058123,0.5952656256801132,78.0,
PPO,9,109.0,-0.03565822983996435,409724.34437780007,14091.412782817837,0.6227853959206744,78.0,
PPO,9,110.0,-0.11288135030631274,488655.8900408657,12408.227384959564,0.6124236392403116,86.0,
PPO,9,111.0,-0.17907477431826618,453938.1114111862,16182.637864344171,0.587180583203046,88.0,-0.029759034514427185
PPO,9,112.0,-0.12427772738962803,493885.3944919957,13028.702014381504,0.6000108044621395,86.0,
PPO,9,113.0,-0.10491036318140347,480559.9222537765,12860.44435003557,0.6031827517645818,86.0,
PPO,9,114.0,0.06742616977521426,414954.962036177,10661.986273297674,0.593023029674653,86.0,
PPO,9,115.0,-0.1416007173578946,493938.0050844154,12850.051325144497,0.6066048073444087,86.0,
PPO,9,116.0,-0.15381152677485038,466763.78535839764,15362.963021444562,0.5743923500781704,90.0,
PPO,9,117.0,-0.13490883111021396,479690.7826567772,14054.019684944475,0.6125582611268583,84.0,
PPO,9,118.0,-0.10892358029069142,441230.52964808454,15162.768721949657,0.5727962380108488,92.0,
PPO,9,119.0,-0.19843870528554647,552910.5468620142,12926.950451485474,0.5920402003075187,86.0,
PPO,9,120.0,-0.014146784354822731,405431.62779974984,12929.072214507594,0.6000509061373156,84.0,
PPO,9,121.0,-10.014167166720513,385574.9171579352,14595.322161287786,0.606811363815478,89.0,
PPO,9,122.0,0.015080953529988504,421700.74300365854,11448.956795306434,0.6262671673394827,78.0,
PPO,9,123.0,-0.09529322066792567,484124.404572062,12641.112622409233,0.5837786357394382,82.0,
PPO,9,124.0,-0.12517327186235405,426084.99921496667,16422.483323548935,0.5984076709272489,92.0,
PPO,9,125.0,-0.17028161940659126,524661.3106126977,12741.363408431722,0.6117833885335417,86.0,
PPO,9,126.0,-0.03466956019883403,435472.7578972482,12560.400730176447,0.5883713856447822,78.0,
PPO,9,127.0,-0.09107755773913766,419056.9274337554,15374.830371725515,0.5979160231588959,88.0,-0.03960281051695347
PPO,9,128.0,-0.031839099781532945,450742.85006133193,11867.594425081856,0.5859046061718866,82.0,
PPO,9,129.0,0.0322036993615467,410412.75414950517,11895.466722465628,0.5868023138582061,82.0,
PPO,9,130.0,-0.02404011564129562,374764.7340592961,15540.765684061123,0.6206992283499267,84.0,
PPO,9,131.0,-0.050634754607467906,443057.0840146138,12846.334171733724,0.6123880476867436,76.0,
PPO,9,132.0,-0.03048735064253294,416038.2341004771,12973.78422196703,0.6183134985951898,82.0,
PPO,9,133.0,0.07249276266349197,429599.5641937745,9917.076697662536,0.597366622294702,76.0,
PPO,9,134.0,-0.0631213034433378,412176.6057994283,14941.228072265087,0.593119657743818,84.0,
PPO,9,135.0,0.1323220252859893,408423.3500077679,9191.211666565021,0.6239008124074334,74.0,
PPO,9,136.0,0.021528412326984298,407791.57636191364,12267.151133683927,0.5871570661547301,84.0,
PPO,9,137.0,-0.08156234303704822,385226.6328044731,17137.857286576895,0.5954759591425801,92.0,
PPO,9,138.0,-0.0677823373500549,440741.74207427935,13692.305162304365,0.6018520661463251,82.0,
PPO,9,139.0,-0.05662597972742729,452635.8611008067,12490.971069690257,0.6053687490675815,84.0,
PPO,9,140.0,-0.023585803520756687,393953.14582709613,14508.923487747104,0.5832812217236069,88.0,
PPO,9,141.0,0.00770725519636235,465381.92145847325,10028.20372623907,0.612675177853329,76.0,
PPO,9,142.0,0.1596000261788475,347650.7359123225,10798.659792402488,0.5855946934279112,76.0,
PPO,9,143.0,-10.11804195403766,473382.76027816895,13860.896470137302,0.5927935147281473,81.0,1.0069279968738556
PPO,9,144.0,-0.07269829404625153,436851.89345005713,13623.246146724114,0.6052028192714959,84.0,
PPO,9,145.0,-0.017238400084937384,497450.3009100681,9699.665407490422,0.6115903080587844,76.0,
PPO,9,146.0,-0.014879839568406224,369811.06430194736,15443.704854319552,0.5993677194783683,86.0,
PPO,9,147.0,-0.04616742723300738,392923.377564365,15406.199424754592,0.5942928259807216,86.0,
PPO,9,148.0,-0.033405765672485335,387919.30625714356,15123.474810978201,0.5842592114857795,92.0,
PPO,9,149.0,-0.04554091959835419,454098.99372312793,11636.171902088656,0.5912773672092207,80.0,
A2C,0,0.0,0.16884508143812083,354544.07615595974,11090.986947083291,0.6504751804943231,76.0,
A2C,0,1.0,-0.02309780764025376,400712.08681399346,13982.269469147735,0.6460269659074362,82.0,
A2C,0,2.0,0.04257988937723032,371348.9281466028,13791.365135299482,0.6489212816290665,82.0,
A2C,0,3.0,-0.2011784911266629,573033.787723742,13343.510810482434,0.6458868916506412,82.0,
A2C,0,4.0,0.09788578958027892,382612.7236069069,11571.759462522272,0.6509367302967257,84.0,
A2C,0,5.0,0.009060949616643279,407325.6776692917,13435.174019469665,0.647984036257952,82.0,
A2C,0,6.0,-0.06734646307648008,404467.8403445955,15995.566527509816,0.6478376627300655,84.0,
A2C,0,7.0,0.031664017368465705,380515.5874842606,13923.218058314915,0.6373218689264528,82.0,3400496.25
A2C,0,8.0,0.0037999687026764144,411577.53179011395,13097.682966874878,0.656357376654576,82.0,
A2C,0,9.0,-0.0036653095059783238,411609.97782672424,13337.257276766511,0.6485240017070342,78.0,
A2C,0,10.0,-0.08980735549514494,500613.2355076665,11947.890680168159,0.6553786042904963,80.0,
A2C,0,11.0,-0.10378261895171251,500062.86620746914,12699.58851782335,0.6551027229820131,86.0,
A2C,0,12.0,-0.11502104851242746,417355.4371241622,17166.528630103796,0.6406101659390974,84.0,
A2C,0,13.0,-0.018635287029465986,356742.42884251126,15802.880054576648,0.6507889938546926,90.0,
A2C,0,14.0,-0.04284980711815493,425137.14676161617,13994.937509438867,0.6620671534074536,86.0,
A2C,0,15.0,-0.17787056023809333,465654.2473667969,17345.843806099663,0.6274804094086461,86.0,2604325.0
A2C,0,16.0,-0.23563407009544832,542865.8808065885,15691.835694180341,0.6211755156828556,86.0,
A2C,0,17.0,-0.0729286867696083,470518.0757104834,13082.080640366383,0.6485244548304415,86.0,
A2C,0,18.0,-0.009243021538980233,374779.0901037428,15468.332082938698,0.643778148348878,88.0,
A2C,0,19.0,0.04717750695092793,414856.8533627984,11654.924021097922,0.6308722255454183,78.0,
A2C,0,20.0,0.08839923731250277,357132.48023717204,12141.418535238363,0.6374134435232383,84.0,
A2C,0,21.0,-0.11709716073497861,450542.0693468134,14747.057356485477,0.6488937405216008,82.0,
A2C,0,22.0,-0.09094495679422188,411621.58152690914,15073.343334307447,0.6574806231814723,90.0,
A2C,0,23.0,-0.426682280764973,655003.1981901195,17779.153011628365,0.6532151975925694,86.0,-8853953.0
A2C,0,24.0,-0.10837179485218754,491298.9983772582,13347.275746883415,0.6422265683345041,82.0,
A2C,0,25.0,-0.008885728426493432,389869.1802070388,14804.916066502814,0.6673721126447467,82.0,
A2C,0,26.0,-0.06515148370418568,454136.5584708212,13433.884384798777,0.631568785535447,84.0,
A2C,0,27.0,-0.20298526360246816,540975.7528428361,14653.605687944117,0.6397153795344152,88.0,
A2C,0,28.0,-0.16664257204247834,483424.8911984919,15615.489352627425,0.6371054918906776,84.0,
A2C,0,29.0,-0.11204450282057245,530494.0094184825,11920.650239128467,0.6415568324699276,80.0,
A2C,0,30.0,-0.14653665892426246,457924.3720654416,15996.089828499522,0.6378066294148929,92.0,
A2C,0,31.0,0.002017568152939254,403887.4791765328,13673.315251593625,0.6417355632395204,82.0,3625312.75
A2C,0,32.0,0.04170108394104231,429082.74724618805,10806.640866281667,0.6511729599927543,86.0,
A2C,0,33.0,0.04028743126635472,356926.8753431604,14008.171511959357,0.6447364274253543,84.0,
A2C,0,34.0,-0.1995645719496299,524525.4312433172,14801.350579847645,0.6532481975065194,86.0,
A2C,0,35.0,0.0183924839309716,355555.6352950669,15043.565899855193,0.6395324219493432,88.0,
A2C,0,36.0,-0.2284120724766012,546040.6540699819,15244.18497088617,0.6326796183585063,90.0,
A2C,0,37.0,-0.15464997790630813,447977.98625905084,16778.34707069503,0.6413832630611771,86.0,
A2C,0,38.0,-0.10442248458439159,472563.7780638362,13076.489738341694,0.6580176134219468,84.0,
A2C,0,39.0,0.0579906015870588,358681.35540651245,13811.828412229333,0.6587454376493485,84.0,5619500.0
A2C,0,40.0,-0.08846599770385506,435814.7023070496,15258.416179811655,0.6357778425531564,84.0,
A2C,0,41.0,-0.05592417687245375,427139.1669062452,14332.755988083356,0.6429672072619639,86.0,
A2C,0,42.0,-0.2090160461334084,503075.7525282029,16585.888149917315,0.6570698544381249,84.0,
A2C,0,43.0,-0.11106360155627602,375088.8703449025,19612.527743371375,0.6386074647543294,92.0,
A2C,0,44.0,-0.026823428869180863,418400.68760805676,11826.519714842665,0.6173727775662156,82.0,
A2C,0,45.0,0.09252321844232614,376956.94950534776,11857.179330739646,0.6333688962483258,80.0,
A2C,0,46.0,-0.10188556678714464,473205.5742610031,13654.476781396063,0.6590928145789482,88.0,
A2C,0,47.0,0.10482672968959836,317568.10671719635,14333.054421852015,0.6394577837681427,84.0,6760824.5
A2C,0,48.0,-0.13928514143782453,473331.804928045,14156.971628018668,0.6489899180802483,86.0,
A2C,0,49.0,-0.08891164455097768,462042.5818356423,14085.728816176677,0.6356214208581128,84.0,
A2C,0,50.0,-0.10026942905210706,444399.6534490051,14690.158966682413,0.6577134514363838,82.0,
A2C,0,51.0,-0.10905613491856626,539508.7772891279,11566.619537464829,0.6455503344671816,80.0,
A2C,0,52.0,-0.028770788534905195,460397.00271547935,10733.215467623428,0.63869636089863,82.0,
A2C,0,53.0,-0.05709896649238244,512981.50969304255,10930.247187314237,0.6612828569556382,76.0,
A2C,0,54.0,-0.2379931828348346,668420.534431988,11344.918384049523,0.6551133214424691,80.0,
A2C,0,55.0,-0.10137347628250803,469435.8921408883,14118.962533798816,0.6394036565871208,82.0,-7759482.0
A2C,0,56.0,-0.07454683784953811,433768.1164784708,14823.534733313305,0.6574999772447039,86.0,
A2C,0,57.0,-0.06874136858098588,423963.9241494601,15525.647361269464,0.6456770855089768,86.0,
A2C,0,58.0,0.07772774828663956,374149.1110665769,12718.77734562132,0.6284219727714885,82.0,
A2C,0,59.0,-0.04401596440167689,433775.874792582,13525.727610785769,0.6581903056974656,86.0,
A2C,0,60.0,-0.1580324834939152,484585.7174036162,15070.237232325804,0.6216694072602005,84.0,
A2C,0,61.0,-0.10806959770921123,478388.8403241015,13716.319878565153,0.6450883348997566,82.0,
A2C,0,62.0,-0.11465366815965816,446365.69630214694,15035.221363827428,0.6385968327256436,86.0,
A2C,0,63.0,-0.002767150699613307,384822.7392627391,14691.043704502963,0.6627656556768029,82.0,7014451.0
A2C,0,64.0,-0.12062187177248576,423048.58828684693,17138.550440402498,0.6417908737757309,90.0,
A2C,0,65.0,0.004618480714802076,445249.03514769283,11743.532239767797,0.6645888442328705,82.0,
A2C,0,66.0,-0.05976086570560018,473988.6385725909,11616.494903296702,0.6754336517725432,84.0,
A2C,0,67.0,-0.034666370209530784,443711.12793109997,13087.232614330253,0.6343795572138801,88.0,
A2C,0,68.0,-0.044035611802524466,466094.2135458196,12027.542523696942,0.6623971656964535,82.0,
A2C,0,69.0,-0.11704584954720904,509219.3717980239,12804.325636250882,0.6304444612402195,80.0,
A2C,0,70.0,-0.03191229797598449,389107.6899575755,15117.379415848354,0.6491240242518829,86.0,
A2C,0,71.0,0.013248003086155792,371222.46406817477,15110.245766185944,0.6520122948737924,92.0,3036337.5
A2C,0,72.0,0.10369579479369956,317279.7166209312,13947.3658181479,0.6434610134109146,86.0,
A2C,0,73.0,-0.19964830235415698,476557.69571466104,17205.76190145904,0.6388391819907882,86.0,
A2C,0,74.0,0.06198221386443152,293038.2457095124,17403.627336565554,0.6526658961577341,90.0,
A2C,0,75.0,0.14644877538057927,327877.6344267587,12426.70435470989,0.6506900088185914,84.0,
A2C,0,76.0,0.06807303626062977,383072.3510805534,12441.879860287925,0.6532925447444543,84.0,
A2C,0,77.0,-0.2180207946456315,533575.6945461049,15077.257935658497,0.6557834700123438,84.0,
A2C,0,78.0,0.07914733702731364,419136.7399408147,9698.552012312897,0.6313465473634144,78.0,
A2C,0,79.0,-0.0734268908532701,425762.8574085533,15100.577573534616,0.6349695860151033,82.0,1494126.75
A2C,0,80.0,0.08321357334409843,438911.74356928986,9852.785664637446,0.653255523384248,76.0,
A2C,0,81.0,-0.0041307982498420825,437017.27620717307,11538.97197547861,0.639166793445203,80.0,
A2C,0,82.0,0.0027283075989389975,388247.48993242864,14392.801292678638,0.646779614212198,86.0,
A2C,0,83.0,-0.2545869847219662,575056.215244077,15369.544291611523,0.6538854370532922,90.0,
A2C,0,84.0,-0.11068732866877089,478016.66956152907,13817.693571585036,0.6477755933304111,80.0,
A2C,0,85.0,-0.11454292950255719,512477.5586199015,12983.303279448046,0.656064229638556,82.0,
A2C,0,86.0,0.10834116486551314,402691.14541147853,10121.513462831133,0.6482877349476656,82.0,
A2C,0,87.0,-0.029799859091249707,421257.91029361903,13854.864651399072,0.6425088543839256,86.0,4448101.5
A2C,0,88.0,-0.058893033513017716,452039.82332708454,12908.877197250646,0.6511783314805993,84.0,
A2C,0,89.0,-0.03730079407943128,439973.2577711436,12568.172375629296,0.6422884010936716,80.0,
A2C,0,90.0,-0.11493157613028492,487981.53312011395,13444.042414702142,0.6470455545455779,82.0,
A2C,0,91.0,0.05444282124762245,397884.1841611272,12140.596171257841,0.6593776859708262,84.0,
A2C,0,92.0,-0.16909373081234663,476321.0290158223,13992.275339495493,0.6427072287769658,82.0,
A2C,0,93.0,-0.21634540726804116,563122.5855808469,14192.593451554538,0.6356721257810412,86.0,
A2C,0,94.0,0.016651646910766996,348191.99536181724,15836.528196678673,0.6522132935158487,90.0,
A2C,0,95.0,-0.1516969900880484,493012.99798183644,14412.333730702036,0.6395632441654052,92.0,2823428.0
A2C,0,96.0,0.013449772651446933,417876.7071190648,12661.920244005965,0.6346975614388446,80.0,
A2C,0,97.0,-0.20492884314111215,469901.8816194979,16586.354002558597,0.6434515783596624,90.0,
A2C,0,98.0,0.02110471275081323,375419.9081514256,13937.040731210562,0.6300552246328088,82.0,
A2C,0,99.0,-0.020294016919838113,397774.5724953597,14727.606187427731,0.6586192275823464,88.0,
A2C,0,100.0,-0.11597318711262139,448127.59268029896,15504.452741317551,0.6418902948787265,90.0,
A2C,0,101.0,0.059988250251075736,389501.5686444981,12160.811779534704,0.6420906310955543,82.0,
A2C,0,102.0,-0.12718915204974776,451657.78652744426,14256.66086266455,0.6369374176049989,84.0,
A2C,0,103.0,-0.07946653189571608,484291.9859184282,12843.450356065803,0.6412426304862358,82.0,1806666.75
A2C,0,104.0,-0.008807326290722277,481522.98319923785,10604.859552690594,0.6373626113960711,78.0,
A2C,0,105.0,-0.036607267060089564,403575.4415768357,14757.909219646155,0.6465224052509375,86.0,
A2C,0,106.0,-0.058213876305510115,449423.1543612718,13073.094081696983,0.6403545000844341,82.0,
A2C,0,107.0,-0.08646064777876278,483623.50717842265,13010.15309070022,0.6588948807688518,86.0,
A2C,0,108.0,-0.2176162107133774,568429.4616015177,14148.056698783761,0.6247760005308977,82.0,
A2C,0,109.0,-0.08186778289602978,404841.12286732555,16260.45899757142,0.6411611565723767,88.0,
A2C,0,110.0,-0.16785269906229733,460999.2022641199,15133.20440742906,0.6364768805877619,84.0,
A2C,0,111.0,-0.004978058664222166,435334.5991773313,12535.965335266797,0.6526836774084932,80.0,12736335.0
A2C,0,112.0,-0.0260728017264913,443872.0082033685,12970.710284948802,0.6366838272016282,88.0,
A2C,0,113.0,-0.12878747676105545,473347.3050240108,15017.185077053506,0.6398967209552406,86.0,
A2C,0,114.0,-0.05277787211071476,388633.55267321237,16464.819302730157,0.64709704406885,88.0,
A2C,0,115.0,-0.08017238975860289,422152.7804818272,15731.021803928796,0.6441522272173971,88.0,
A2C,0,116.0,-0.1297748131145342,418870.72218924144,17801.828158925735,0.6239031655975169,84.0,
A2C,0,117.0,0.1384521285783309,326263.1513512529,12112.210442548383,0.6517045942811128,78.0,
A2C,0,118.0,-0.11088709844742697,503146.0124229959,12585.472798190509,0.6337989715582361,88.0,
A2C,0,119.0,-0.009702782885830798,395161.4056735972,14395.512053138087,0.6303763447668629,88.0,5481104.0
A2C,0,120.0,-0.09763917159482347,495608.3654913412,12749.343861270476,0.6341920197885813,84.0,
A2C,0,121.0,-0.03691032711679068,458989.58923148795,11999.192690219357,0.6707548977863943,74.0,
A2C,0,122.0,0.11131147228927628,316788.8369334076,14836.911841539259,0.648711772405002,90.0,
A2C,0,123.0,-0.03277836265012514,410148.757695462,13982.327073146973,0.661284598110533,86.0,
A2C,0,124.0,-0.09527701460777052,473256.87863723503,13678.686537247984,0.6423780155389893,84.0,
A2C,0,125.0,-0.1335601913061082,472185.13094985863,14772.83818603371,0.6384784785316127,84.0,
A2C,0,126.0,-0.20501601450516022,514039.7331442587,14555.160905501905,0.6508008886218243,84.0,
A2C,0,127.0,0.01982777243600238,416791.3468923728,12257.392222231138,0.6468034900030727,78.0,-6875419.0
A2C,0,128.0,-0.06123319926524814,399353.628394434,16126.358218172047,0.6447602729729262,86.0,
A2C,0,129.0,-0.02041981838692951,448960.4239564148,12384.975588076692,0.6476044628929997,84.0,
A2C,0,130.0,-0.2183338180301323,496225.4190732227,17147.275569570895,0.6358964506267776,86.0,
A2C,0,131.0,-0.11852355790517571,437415.8084417547,15302.15929131673,0.6513129183393352,88.0,
A2C,0,132.0,-0.015526839853401905,384346.57306163554,14462.585994213603,0.6634204605492028,84.0,
A2C,0,133.0,-0.03225739122732566,482249.8994153079,11492.61904681626,0.6393775071717421,80.0,
A2C,0,134.0,0.02057652338442889,387391.1202439662,13036.627540358624,0.6643306400048244,84.0,
A2C,0,135.0,-0.13237883806108852,504452.6167350169,13605.357951482854,0.6445806756121576,88.0,824530.125
A2C,0,136.0,-0.266243394216061,523572.40195066284,16511.595812284468,0.6421733014205963,92.0,
A2C,0,137.0,-0.03015581344320896,445517.3965755682,12543.140467140283,0.6427403611197179,86.0,
A2C,0,138.0,-0.16192380177655166,451411.18957084947,17155.31065136616,0.6435339995288615,88.0,
A2C,0,139.0,0.06400716664853767,411407.8731535597,10569.496869808378,0.6354018430099011,80.0,
A2C,0,140.0,-0.11277812229688358,484839.26205621194,13834.812456709295,0.6300324710650119,88.0,
A2C,0,141.0,-0.09080323277606192,372519.24976527,18461.3652261983,0.6452180752817647,84.0,
A2C,0,142.0,-0.035627368201732575,416310.84322332125,13897.044801266384,0.6383175650576968,80.0,
A2C,0,143.0,-0.032174798369896354,459725.04801186145,11987.740369799674,0.6543640542808495,72.0,7785939.0
A2C,0,144.0,0.002085935167076544,410251.6968190478,13069.487865183513,0.6656013964132814,84.0,
A2C,0,145.0,-0.18670665453221522,513373.6186803367,15446.358027861073,0.650061934619888,88.0,
A2C,0,146.0,-0.3509922535835864,620357.9466967939,16822.296762803577,0.6381272140916193,88.0,
A2C,0,147.0,-0.21989924100417016,549235.5759997072,14566.627974113237,0.6486219217717835,84.0,
A2C,0,148.0,-0.12235113206312569,481239.33057660906,14032.735388854577,0.6448991857601089,90.0,
A2C,0,149.0,-0.10213425662018243,437885.9775295683,15532.332277166446,0.6444934262361319,88.0,
A2C,1,0.0,-0.07065572863894547,391416.85800789035,8070.501040475421,0.6411264872226344,70.0,
A2C,1,1.0,-0.045223809183913145,301349.6470403687,11458.305598747635,0.6310331747583702,86.0,
A2C,1,2.0,0.021802542294018876,313037.9098361678,8927.417510077836,0.61615436727588,76.0,
A2C,1,3.0,0.06417295002417894,259388.166490939,10915.029331321333,0.6262519807799617,82.0,
A2C,1,4.0,-0.06802967392553073,291705.38972999173,12579.194911575365,0.642512276689752,82.0,
A2C,1,5.0,-0.21539063950366324,405638.971392461,10973.856414781834,0.6347096561376802,78.0,
A2C,1,6.0,-0.2972676517903582,421458.2574245355,12437.558845240002,0.6154816262723076,80.0,
A2C,1,7.0,-0.20599202467423489,370516.2513214722,12171.049292709673,0.6371874496296233,82.0,-7097449.5
A2C,1,8.0,-0.21725033658187437,371903.09478301374,12419.238634734778,0.6466884666904771,86.0,
A2C,1,9.0,0.04249246831779433,290983.14669916173,9537.38632635326,0.6361094658502048,78.0,
A2C,1,10.0,-0.15027876085620034,364215.2902353784,10363.47772115879,0.6459346439005067,80.0,
A2C,1,11.0,-0.03861930938837745,288943.7123598864,11467.04440345381,0.6283457834619938,80.0,
A2C,1,12.0,-0.15474178609468175,359579.4421596941,11428.978684581392,0.6296132732613846,84.0,
A2C,1,13.0,-0.06092687282390834,291899.74102895125,12446.705982722531,0.6159107343964335,86.0,
A2C,1,14.0,-0.07424483682490665,357065.40721790754,9471.41036448934,0.6391517009053362,68.0,
A2C,1,15.0,-0.10428914290726744,298601.7784596101,13502.228508633176,0.6353369170090121,82.0,13099013.0
A2C,1,16.0,-0.07901822991891114,304416.04275454185,11765.365760943347,0.609198673370468,84.0,
A2C,1,17.0,-0.1757347861099078,399321.05016511417,10111.808462249863,0.6495712241153055,82.0,
A2C,1,18.0,-0.14696187969998942,387340.3973603064,9907.797863022228,0.6351490615531391,80.0,
A2C,1,19.0,0.014642694364144714,301236.09379343584,9952.99143627958,0.6313590864473118,76.0,
A2C,1,20.0,-0.075757356139535,364553.56844284985,9093.007225779085,0.6096029117943224,76.0,
A2C,1,21.0,-0.17438890228268739,352975.52484467777,12325.444643222032,0.6258253124255876,80.0,
A2C,1,22.0,-0.22569034984138486,371012.1853030435,12840.18312577289,0.6335474865193413,80.0,
A2C,1,23.0,-0.2533001065382238,363150.80979257554,14116.91719503801,0.6299141058439031,78.0,-7315671.0
A2C,1,24.0,-0.029653058492094552,320089.1367107821,10177.969912033617,0.6022146292944827,84.0,
A2C,1,25.0,-10.00737258688329,287327.76067382784,10423.071111061898,0.6319955149831209,75.0,
A2C,1,26.0,-0.21780006818482267,400621.7897806974,11389.697756568023,0.6225666286029229,80.0,
A2C,1,27.0,-0.1088618651846663,365343.4736156362,10083.907090847859,0.643344228029951,76.0,
A2C,1,28.0,-0.12556752975109872,318739.7229657167,12310.236108502026,0.6265466218014997,80.0,
A2C,1,29.0,-0.30501633957737506,395122.9330054346,14538.65598026456,0.624875239084699,86.0,
A2C,1,30.0,-0.13697939389792507,381285.51707550196,9540.18510173893,0.6562560487076461,80.0,
A2C,1,31.0,-0.17200667169872608,356683.82104339066,12070.116737644059,0.6134017024047831,82.0,4033688.75
A2C,1,32.0,-0.06722234683907438,359126.8076545713,9268.756295942656,0.6459111413877106,76.0,
A2C,1,33.0,-0.088513139336227,364257.4294328882,9630.421715017634,0.6183442462610806,76.0,
A2C,1,34.0,-10.169976065678096,378954.61655654764,10599.674660560993,0.6632881260217227,79.0,
A2C,1,35.0,-0.15448152485633934,363388.5659424221,11369.45873654165,0.6317281736214113,84.0,
A2C,1,36.0,-0.21572428266617216,383511.8853423296,11903.965280259332,0.6464189986248114,82.0,
A2C,1,37.0,-0.0718958782167782,363685.906370652,9061.026910580124,0.6350180308560388,76.0,
A2C,1,38.0,-0.08452936307751496,332369.0022182288,10862.578780494303,0.6520873940923402,80.0,
A2C,1,39.0,-0.13349340642953986,323234.3495087612,12627.571377687324,0.6334399996033898,80.0,15263362.0
A2C,1,40.0,0.01919738992693839,273245.475109519,11317.94628509873,0.6230162076446399,84.0,
A2C,1,41.0,-0.0054065148196959754,352460.8809650718,8205.102963431564,0.6311307301115737,76.0,
A2C,1,42.0,-0.05865841061410937,327300.40312252805,10231.14155430419,0.6371524766778796,78.0,
A2C,1,43.0,-0.05006730425308774,344290.26337698504,9430.992342707304,0.6467085606487009,80.0,
A2C,1,44.0,-0.18482099107381106,347309.3858755552,11796.541871528594,0.6467205840064644,84.0,
A2C,1,45.0,-0.11917070637721942,348558.725832471,10497.843491430223,0.6434798265762874,82.0,
A2C,1,46.0,-0.20252642447043448,344269.48555971443,14026.857893355002,0.5994957399067183,80.0,
A2C,1,47.0,-0.11363549936465947,321223.24060636346,12072.988357699536,0.6310381351166793,82.0,18833204.0
A2C,1,48.0,-0.1622846898947437,343181.9551103884,12688.75328086405,0.6316197716049512,82.0,
A2C,1,49.0,-0.052681161685834144,308720.5937513626,11318.217762343556,0.615565150278841,86.0,
A2C,1,50.0,-0.1714504645891655,396997.8484518304,10284.234769125866,0.6364458715459724,80.0,
A2C,1,51.0,-0.3198183511228519,462666.66997398244,11217.739019635148,0.6110155043454251,82.0,
A2C,1,52.0,-0.057126107989809695,339391.112316389,9984.756378408447,0.6368945864713358,76.0,
A2C,1,53.0,-0.05918441238621594,316540.7197374961,10279.264028002272,0.6315526729131721,82.0,
A2C,1,54.0,-0.20394630416485052,415848.35980177013,10049.035385229674,0.6322658459368079,74.0,
A2C,1,55.0,-0.12839182489530726,328621.48335162306,12520.671831022282,0.6288072845029375,80.0,11781688.0
A2C,1,56.0,-0.2565694009896118,395714.3882234907,12467.731399758366,0.6321107939472485,84.0,
A2C,1,57.0,0.10705644683277717,280826.99106225744,8773.409058325502,0.6486237693281678,78.0,
A2C,1,58.0,-0.27671744596894626,379538.62180610606,10987.9135373448,0.6367968587793026,82.0,
A2C,1,59.0,-0.1071647008334372,312734.6829899726,12632.893659993146,0.6185225814544852,84.0,
A2C,1,60.0,-0.34054364406155724,471192.5334437492,11616.188079765816,0.6411626006235369,78.0,
A2C,1,61.0,0.056758201707200334,271412.5397645491,10585.306141240377,0.6376771439808152,76.0,
A2C,1,62.0,-0.1880858246278438,443505.6698335725,8714.573513873818,0.618485910701626,74.0,
A2C,1,63.0,-0.11697019047264935,337683.8337838472,11101.431546481783,0.6262364403461037,78.0,5981135.5
A2C,1,64.0,-0.23596838797038946,369905.1213628306,13191.084754577767,0.6254154399684909,84.0,
A2C,1,65.0,-0.02720502873030511,331593.19815195823,9398.392906342497,0.6199080622670623,76.0,
A2C,1,66.0,-0.08589734414226186,330068.2413218864,11173.074825391312,0.6328548005156164,82.0,
A2C,1,67.0,-0.04861647525147207,312586.7237198767,10832.820792797373,0.648343181978935,80.0,
A2C,1,68.0,-0.13144315742267226,361797.2306906867,10857.129017849598,0.6255030939658369,80.0,
A2C,1,69.0,-0.27359886574372794,399885.9906866472,12319.295388545783,0.6220988748528054,84.0,
A2C,1,70.0,-0.06703709182048466,272563.5785744829,14143.070361367047,0.6151639805584906,86.0,
A2C,1,71.0,-0.3219126449251313,486382.4359998568,10229.491113710428,0.6277747509312043,82.0,401182.9375
A2C,1,72.0,-9.98407374241631,311157.8847155449,9530.93747895791,0.6592347945181875,77.0,
A2C,1,73.0,-0.21332461946836834,430308.6022149401,9514.778462765607,0.6376489949026012,78.0,
A2C,1,74.0,-0.3386128110906283,444613.68097037106,12443.756203874324,0.6258114911144722,78.0,
A2C,1,75.0,-0.08731303167923396,324707.6070992367,11150.99133649151,0.6308977218687145,84.0,
A2C,1,76.0,-0.0715034257860878,330213.5377675084,10500.88322071568,0.6337530184981547,82.0,
A2C,1,77.0,-0.06276882652250299,306203.42973273474,11392.4794877983,0.6369957473003055,76.0,
A2C,1,78.0,-0.10918756714088586,326446.3840908696,11984.83183756279,0.6431665385738372,80.0,
A2C,1,79.0,-0.06963734204282344,364518.05726845906,9025.624676721143,0.6390802275711135,78.0,5500803.0
A2C,1,80.0,-0.1146955447536743,330480.7865016887,11993.684315898727,0.6333614480605568,80.0,
A2C,1,81.0,-0.07237127800688428,372744.81316255894,8663.707127997857,0.6439851844053098,76.0,
A2C,1,82.0,-0.15038179233848795,366132.0027439347,10877.689168781251,0.6351656829520091,80.0,
A2C,1,83.0,-0.22612291468841392,416471.9064294446,10061.422386446522,0.6416480069466627,78.0,
A2C,1,84.0,-0.04368750648585372,302212.0833351932,11519.996672063837,0.6395635923858117,80.0,
A2C,1,85.0,-0.08564781798197986,332168.3311770877,10914.221753729695,0.6436928558542621,82.0,
A2C,1,86.0,-0.15157059011204455,346229.7683159955,11690.676181541945,0.6185156872689346,86.0,
A2C,1,87.0,-0.08412994795640807,382715.81035696605,8697.877523971918,0.6213947725416801,74.0,8702217.0
A2C,1,88.0,0.06222939643721059,293403.7619570578,8955.986701403788,0.6394254007186576,82.0,
A2C,1,89.0,-0.038413873634607076,367827.4649931997,8269.228061771957,0.6462146254087072,74.0,
A2C,1,90.0,-0.14511565097318616,353566.412020336,11637.026829044064,0.6333433119975487,84.0,
A2C,1,91.0,0.014776489532191225,283232.920676652,10890.477887414954,0.6430459121668959,80.0,
A2C,1,92.0,-0.19536027547047063,394446.1799031221,10743.586635909634,0.6290964317483206,80.0,
A2C,1,93.0,-0.08894346686089363,307146.13439342164,12146.863096312274,0.6430934620596147,82.0,
A2C,1,94.0,0.041538083403686206,273588.62131217803,10838.632926890674,0.6115413076655001,76.0,
A2C,1,95.0,-0.14650061580664844,331787.10407394747,12936.615882233185,0.625870999507822,88.0,7028574.5
A2C,1,96.0,-0.19776377326005193,428428.67255527305,9326.544551405348,0.6433126428389178,80.0,
A2C,1,97.0,-0.15956285704920833,324451.5997767735,13598.161931321281,0.6374560068462128,82.0,
A2C,1,98.0,-0.12286731956816152,284394.50731499464,14809.618482343869,0.6367758538641795,86.0,
A2C,1,99.0,-0.06160636379612946,316316.3182950118,11226.225015484806,0.6046261752642078,82.0,
A2C,1,100.0,-0.3009267370709658,409885.5389498433,13219.64861792433,0.6380345645736448,88.0,
A2C,1,101.0,-0.09571918810026472,321789.5244029029,11724.194983333906,0.6207487639482467,82.0,
A2C,1,102.0,0.15045175702961866,268766.4884731596,8295.263886331377,0.6414070608552275,78.0,
A2C,1,103.0,-0.11830974262585,304422.4092128792,13211.091497001302,0.6214690226360378,88.0,7486993.0
A2C,1,104.0,-0.11199610672017676,326099.7990917547,11092.117870595186,0.6226924632113255,84.0,
A2C,1,105.0,-0.0017595271594041386,274815.69669368904,11952.63432795404,0.6333726578569472,76.0,
A2C,1,106.0,-0.2015444066212544,379868.8299047863,11832.499334044198,0.6217649291099445,80.0,
A2C,1,107.0,-0.03138473199630723,301161.1463978514,10792.655773462362,0.6440472785810367,80.0,
A2C,1,108.0,-0.23279689189469288,429149.60719316924,10597.915436864576,0.6276715241920641,84.0,
A2C,1,109.0,-0.15461554016029078,368859.28124673,10644.406015745086,0.6385318164110708,84.0,
A2C,1,110.0,-0.17586845495091047,368594.0401653641,11640.099686670159,0.6356163762527058,84.0,
A2C,1,111.0,-0.04049414943511459,309868.9193655652,11037.923170740936,0.6157162303231289,88.0,3540420.5
A2C,1,112.0,-0.03164122535963527,296008.31983455236,11455.60619133378,0.6342182651616384,82.0,
A2C,1,113.0,-0.11402320536873682,351380.9000358715,10737.294481400777,0.6244567270410969,78.0,
A2C,1,114.0,-0.05704602471611077,317712.09257919237,11014.754104890897,0.6135053662128285,82.0,
A2C,1,115.0,-0.0944710136850684,309729.2341315342,12627.775866459331,0.6359051374575646,84.0,
A2C,1,116.0,-0.15991395372592282,368548.5858191574,11192.782605471482,0.6342232562974134,82.0,
A2C,1,117.0,-0.20616085653082905,384552.94713988143,11621.22095523414,0.6292949918923116,82.0,
A2C,1,118.0,-0.14985389147029707,340197.00010919926,12525.638486539996,0.6230492403255564,82.0,
A2C,1,119.0,-0.11402314191513002,366795.77285155153,9617.773280942276,0.623559442306433,72.0,846596.1875
A2C,1,120.0,-0.25348323028267095,403139.88287699205,12144.712037157618,0.6059407482616396,84.0,
A2C,1,121.0,-0.2011050652901558,377760.51376480184,11814.32015770773,0.6345890206803075,80.0,
A2C,1,122.0,-0.17434115825083304,361737.99506104994,11736.009689965413,0.6487848316561696,82.0,
A2C,1,123.0,-0.10269780190912085,338637.89748771477,11186.86283338718,0.6374590549812154,82.0,
A2C,1,124.0,-0.103523477176892,319620.9767093788,12299.09840897271,0.6376784070336254,84.0,
A2C,1,125.0,-0.3053669297521595,435983.22981701564,11506.028491273599,0.637560456514356,82.0,
A2C,1,126.0,-0.052034470333396976,312963.6602718705,11119.38417635106,0.6433774031354805,86.0,
A2C,1,127.0,-0.10421372479715561,319453.15095113596,11931.825351014711,0.6292189466852368,78.0,1623722.25
A2C,1,128.0,-0.05988253168454158,308332.63777885615,11672.458000744567,0.633182891218952,80.0,
A2C,1,129.0,-0.1290452206674195,335904.3847899758,12136.747464527543,0.6294384065347611,88.0,
A2C,1,130.0,0.008401465267722234,352280.80183593574,7813.4135586751845,0.6323801725569801,74.0,
A2C,1,131.0,-0.1082974562431742,304253.158003382,13094.505170475706,0.6173675284622879,86.0,
A2C,1,132.0,-0.18319874701503816,356260.97930236004,12681.874839701091,0.6223788234255098,82.0,
A2C,1,133.0,-0.26110159988626436,304140.3488411648,19210.56025587215,0.619950009212623,94.0,
A2C,1,134.0,0.008917611272730046,289104.963368163,10420.552613072834,0.6324954383412659,78.0,
A2C,1,135.0,-0.1707913237841319,366757.4685415235,11354.043360476657,0.6386922661931556,84.0,-1528958.0
A2C,1,136.0,-0.003098909245701373,322692.2696464226,8920.228820645649,0.6334110771521927,76.0,
A2C,1,137.0,-0.17854254064775416,350479.0595462928,12726.869327426766,0.6459694196130797,86.0,
A2C,1,138.0,-0.06544436905154773,282799.53407348716,13320.255559744834,0.6420404427535796,82.0,
A2C,1,139.0,-0.17474647234984106,333639.1728941497,12595.406910838676,0.6199786730522999,88.0,
A2C,1,140.0,-0.0560963014644065,332304.01477560354,10279.080866453118,0.6458542255142062,80.0,
A2C,1,141.0,-0.0066064924330040565,299849.5711760682,10604.927559473701,0.6259735624041722,80.0,
A2C,1,142.0,-0.08173526391345087,307846.63510329096,11521.557798647837,0.6358102326522791,82.0,
A2C,1,143.0,-0.07526742139557215,328311.74482609576,10980.631041119155,0.620904087755417,80.0,784845.1875
A2C,1,144.0,-0.2058421126799363,353952.7582152161,13070.275082495507,0.6300011153269115,82.0,
A2C,1,145.0,-0.1509301176551022,362537.61138621747,11315.769729259946,0.6120545865089093,86.0,
A2C,1,146.0,-0.18695287343496225,365523.8763563241,12067.381376636513,0.6342833282628563,84.0,
A2C,1,147.0,-0.18326354433514813,356731.6451643836,12498.814971169253,0.618093282162379,86.0,
A2C,1,148.0,-0.12252026656004249,361867.1324878881,10094.338967828618,0.6220892633412098,82.0,
A2C,1,149.0,-0.18128523413948655,399685.9308741915,10147.558992093085,0.6352340514916492,78.0,
A2C,2,0.0,-9.59826235776873,294061.4653192179,15125.162125351657,0.5760921628682868,87.0,
A2C,2,1.0,-49.793377511924426,370251.76456102025,15585.090444458403,0.5632207612320986,87.0,
A2C,2,2.0,-79.87364395940088,413766.5603314415,14047.543491067621,0.5628172118473258,90.0,
A2C,2,3.0,-110.00140272416311,166152.35502231703,11290.248886982456,0.5712854622048896,89.0,
A2C,2,4.0,-49.85900891629473,382997.1064923167,15715.035751035039,0.5722802259446291,89.0,
A2C,2,5.0,-110.14977841175558,197719.30341486234,12602.942623417164,0.5712200228576699,89.0,
A2C,2,6.0,-80.08160325411457,184610.1527191173,11856.50890174885,0.5620013635276908,92.0,
A2C,2,7.0,0.4599453082781165,297103.21514481667,12961.406747107963,0.5781005174494439,82.0,14240993.0
A2C,2,8.0,-110.33693284759921,248405.52939671013,13804.848786864419,0.562450684871035,89.0,
A2C,2,9.0,-70.23637435033018,231243.7670904857,11911.331317263814,0.5535153623243662,93.0,
A2C,2,10.0,-80.40619461756468,274108.1878444225,13874.080375749269,0.5593408232819366,92.0,
A2C,2,11.0,-70.19666547118801,209129.02610513882,12923.302414721484,0.5608561379633286,93.0,
A2C,2,12.0,-110.09341627459132,187199.8229275192,11934.87793128009,0.5580115053652425,89.0,
A2C,2,13.0,-50.443175229362666,261435.41296796367,16403.960304331755,0.563563937281605,95.0,
A2C,2,14.0,-69.7228901858996,339266.01111580874,15596.307231627577,0.5618798525403554,87.0,
A2C,2,15.0,-29.406056880697204,216444.16659661097,15193.321438893723,0.5692578510754467,87.0,48914480.0
A2C,2,16.0,-79.71272389638999,336900.2336895909,13808.884329471774,0.5622757498348558,90.0,
A2C,2,17.0,-29.595724260144156,285179.5037809354,14570.243098025312,0.5583240019941001,89.0,
A2C,2,18.0,-9.476763124122554,269969.49736016296,12453.400393996106,0.5691261884028197,83.0,
A2C,2,19.0,-60.52086759828479,292921.11445045716,14722.919658630735,0.5818797377143607,94.0,
A2C,2,20.0,-90.20357313595048,216967.0008538772,12444.840501369017,0.5617516884517819,91.0,
A2C,2,21.0,-9.595090413564343,278105.29082374484,15899.77818941726,0.576891149183088,91.0,
A2C,2,22.0,-69.90700859061027,335009.6748073954,20051.90226175307,0.5604112534883211,93.0,
A2C,2,23.0,-69.6913836091518,317129.6692728983,16670.54520434924,0.5713774236327585,89.0,43719136.0
A2C,2,24.0,-80.39303903434417,254917.75301292478,13768.815080221271,0.5512092808025658,92.0,
A2C,2,25.0,-110.21826995010417,208448.26305594767,13504.717290882572,0.5736421936954292,89.0,
A2C,2,26.0,0.3313545146413616,293176.061182074,18270.108916459933,0.5697670638347746,92.0,
A2C,2,27.0,-49.52695919790545,243771.58613984016,16746.9186203158,0.5750147933413933,89.0,
A2C,2,28.0,-70.38663397409121,260463.68308465547,13851.043545061133,0.5606673764700529,93.0,
A2C,2,29.0,-70.53187818322682,293659.6692928329,15858.158973497737,0.5892945501954663,93.0,
A2C,2,30.0,-19.58842879079649,311407.36811825616,11003.90695574613,0.5689405963426792,84.0,
A2C,2,31.0,-39.6541993805096,311416.1345412321,15211.57320216812,0.5461119109525263,90.0,74798632.0
A2C,2,32.0,-49.73217277482865,346113.4334380441,15968.507249609593,0.5682003589388774,89.0,
A2C,2,33.0,-29.508273255995547,281999.3626400286,13111.788329566789,0.571071499968637,81.0,
A2C,2,34.0,-70.25087715991333,220506.71653372786,13466.428400668161,0.5442557078607516,93.0,
A2C,2,35.0,-110.46546623375012,279119.1379563153,14894.576235835495,0.5633951363743696,89.0,
A2C,2,36.0,-29.727243243007017,332186.3439300388,16165.81825805583,0.572439992464686,85.0,
A2C,2,37.0,-59.48072916622569,259282.339350697,13774.5556625383,0.5516176079216625,88.0,
A2C,2,38.0,-19.434055667638663,238797.77038055522,13960.181669318752,0.5703006062720036,84.0,
A2C,2,39.0,0.2776252902423716,312692.93143781996,16527.062920619344,0.5688725379340973,92.0,84803360.0
A2C,2,40.0,-130.15548200517534,216702.87281751505,11097.417539586068,0.5724157710184923,87.0,
A2C,2,41.0,-79.44935320895614,241900.80390914818,14003.430582269411,0.5639314302758518,86.0,
A2C,2,42.0,-90.04326086103751,168187.3630030318,12221.166359089118,0.5656421283678869,91.0,
A2C,2,43.0,-29.451389282414787,259028.88562177264,13356.243018789552,0.5816569414315547,85.0,
A2C,2,44.0,0.4024243480514758,320333.1958928612,13418.347253364782,0.5751997905664118,84.0,
A2C,2,45.0,-90.20225208625966,212748.39269820286,12733.078017690852,0.5588526649755101,91.0,
A2C,2,46.0,-19.674611704644054,341956.26933481515,13647.935486503216,0.5605404314352151,84.0,
A2C,2,47.0,-89.72096598418285,320349.2829257014,17567.718271093472,0.5646510379133834,91.0,77531072.0
A2C,2,48.0,-120.2876732855204,216215.24064141148,13367.948669715077,0.5657404664215193,88.0,
A2C,2,49.0,-29.916870566570292,390465.7235006634,17637.07770697197,0.5816238936951792,85.0,
A2C,2,50.0,-60.28916964812576,237167.12677109422,13303.204546124807,0.5694682828108354,94.0,
A2C,2,51.0,-29.70288845787177,298792.87191118806,14843.493144280268,0.5625856058489086,93.0,
A2C,2,52.0,-9.385092961240936,249352.0648649833,11736.068809953305,0.5742989802665963,87.0,
A2C,2,53.0,-9.479684909482033,253355.98131960433,14249.607881297154,0.549321386392242,91.0,
A2C,2,54.0,-100.20209380762924,211914.94598882817,12800.970874215405,0.5602005379738801,90.0,
A2C,2,55.0,-59.589428127217666,320969.5640796843,12634.725715758374,0.5740555136332235,86.0,100224544.0
A2C,2,56.0,-80.21211529935447,200417.1983353879,12426.309156311745,0.5558129360694496,92.0,
A2C,2,57.0,-69.47959761345072,263836.99599470425,13476.078877772308,0.5718165989680642,87.0,
A2C,2,58.0,0.6225514179873831,230759.28566912725,13140.549138967817,0.5602097979376768,86.0,
A2C,2,59.0,-9.43749530935298,234696.83733801614,14716.931476612346,0.5585190289698043,89.0,
A2C,2,60.0,-9.7373380051065,371351.71939095075,13411.16495694016,0.5904668191027271,85.0,
A2C,2,61.0,-109.5235682658251,264155.09133383713,14662.629730420378,0.55593048059493,89.0,
A2C,2,62.0,-19.701824045402088,343929.68985834933,14945.951179263,0.566402554719663,86.0,
A2C,2,63.0,-90.18262794699018,208714.31074529124,11949.60505949703,0.5700683158274102,91.0,66801768.0
A2C,2,64.0,-49.72801534346124,316354.638560484,15972.275486620845,0.5590092112846313,91.0,
A2C,2,65.0,0.29616605723230904,307658.7909290294,16615.764749330217,0.5792929223496938,86.0,
A2C,2,66.0,-39.53588512712418,252114.7188279016,16409.391283617446,0.5669579773302269,94.0,
A2C,2,67.0,-79.59192367384566,323254.61306132446,12634.866632452653,0.5606711612786396,92.0,
A2C,2,68.0,-39.75671505679374,355413.04681850434,14991.898079295042,0.5712578701478812,86.0,
A2C,2,69.0,0.6040803642511101,222641.9156336643,14098.517431979097,0.564010182222253,86.0,
A2C,2,70.0,-50.39712769164736,260321.7891187897,14682.732390428351,0.5678071318703023,95.0,
A2C,2,71.0,-9.819528623378543,384829.28414500534,14307.585914357185,0.5936216264404074,93.0,145658304.0
A2C,2,72.0,0.5072899744723803,259392.1293436358,14669.87253384743,0.5898689876479,88.0,
A2C,2,73.0,0.3960074622493166,313281.9298001387,11228.186283653802,0.5670568998914313,90.0,
A2C,2,74.0,-70.09845009932177,178054.84200416793,12933.148015309254,0.566245554787231,93.0,
A2C,2,75.0,-9.552640175342155,235577.0386597781,19773.64100205268,0.5517886180259567,93.0,
A2C,2,76.0,0.32400856543679646,304005.4501849663,16425.44635322848,0.5555355733063034,88.0,
A2C,2,77.0,-59.85568040825458,355622.0509271809,17620.26519553269,0.5666776014446084,94.0,
A2C,2,78.0,0.45117095552284475,283402.58350007003,13164.080337534157,0.5720073357605627,84.0,
A2C,2,79.0,-49.536297690120456,272831.11061123136,13748.619144795843,0.5751643041103491,89.0,186057920.0
A2C,2,80.0,-49.632837046669486,285983.1626670446,15859.815972623734,0.5745168221030514,91.0,
A2C,2,81.0,-29.71048335905852,327737.0213762992,14869.591023002939,0.582173209566071,85.0,
A2C,2,82.0,-29.527957015473895,267709.7999481631,14402.428279464177,0.5562696443728113,91.0,
A2C,2,83.0,-9.753171855394973,319116.5948065109,17592.945941540467,0.5746294226408218,89.0,
A2C,2,84.0,-29.50722996798309,240052.4755827503,13551.73702746836,0.5497382346588602,89.0,
A2C,2,85.0,0.2967984523529506,320488.6847275448,14856.527389431909,0.5608782472716598,94.0,
A2C,2,86.0,-9.705928745451601,315272.6853653352,17372.458847530866,0.563692863884215,91.0,
A2C,2,87.0,-19.63744020675166,275310.4070749373,18519.918002973,0.5614463701840394,92.0,216576992.0
A2C,2,88.0,-60.32521134970245,235104.9310110795,14459.321516903494,0.5480218491845343,94.0,
A2C,2,89.0,-19.676936581421124,305463.1370932418,16728.630235829787,0.5599476084865973,94.0,
A2C,2,90.0,-19.734782246692586,328455.6800883821,17295.315317008884,0.5644350605584048,92.0,
A2C,2,91.0,-29.492247523037133,244370.5266279364,15659.73588887362,0.5931081259310634,89.0,
A2C,2,92.0,-9.54368895518831,269413.60194357904,15589.68315531197,0.5805786721867107,89.0,
A2C,2,93.0,-9.659233783471842,322267.6475405475,14985.540709125018,0.573700782641278,91.0,
A2C,2,94.0,-9.83572498627057,321561.1917028913,22394.171209903223,0.5494835139208456,95.0,
A2C,2,95.0,-49.672524980281544,286980.1918789761,18574.876678862984,0.5575932992923692,95.0,218185952.0
A2C,2,96.0,0.4535529755118254,248657.0817346385,16479.49307804269,0.5573271402032732,96.0,
A2C,2,97.0,0.2483664413869261,378710.77686601237,13794.659999342006,0.5814879399941503,86.0,
A2C,2,98.0,-59.60635458509669,257712.19562174013,14828.125624440989,0.5742381424399715,90.0,
A2C,2,99.0,-20.451410739327383,273122.84833169926,14786.881602832316,0.5666255544245237,98.0,
A2C,2,100.0,-29.765572955182535,330099.7606167787,17866.01245097162,0.5520220718032245,97.0,
A2C,2,101.0,0.1663346596014899,359541.8547811334,17390.528784232654,0.5773092522482465,96.0,
A2C,2,102.0,-29.844044947232852,393956.0542762255,16386.206737545675,0.5792645485088842,91.0,
A2C,2,103.0,-9.732346792975251,336431.1946613666,15728.911946778378,0.5608472498867724,93.0,260936384.0
A2C,2,104.0,-29.790270891111316,308755.9166847474,18726.14851447436,0.5691232776746236,97.0,
A2C,2,105.0,-39.576002099835236,282978.41222695686,15176.753410673411,0.5657469937561547,94.0,
A2C,2,106.0,-30.25593184187047,225668.61882799913,13311.408653192404,0.5513266670834698,97.0,
A2C,2,107.0,-19.690438423793324,321747.114310309,15919.123543175821,0.549643993745002,98.0,
A2C,2,108.0,-40.109739356860224,187587.2515931263,12439.841048460241,0.5495953986428107,96.0,
A2C,2,109.0,-19.770353437031527,320203.55248815793,17937.439747833894,0.5589244941823014,94.0,
A2C,2,110.0,-19.610477603545576,293160.17910373793,15642.753845293839,0.5715111208013195,94.0,
A2C,2,111.0,-9.612819935269064,208866.09304587945,20666.84167267874,0.5623526202353796,95.0,302681280.0
A2C,2,112.0,-19.468913303007326,245636.06326758972,14798.668790370015,0.5663166121031545,94.0,
A2C,2,113.0,-19.646660812844186,283898.7962895126,17337.98901231941,0.5764117768607341,98.0,
A2C,2,114.0,0.35467894230339886,296331.9750910686,15984.396142069438,0.5806733378464285,90.0,
A2C,2,115.0,-9.552444582552345,250625.09386842375,17188.288776472025,0.574649392862499,93.0,
A2C,2,116.0,-29.744471575145447,349240.1113733123,16678.846493829016,0.561394240055612,95.0,
A2C,2,117.0,0.4653882734670126,263734.7122171495,15684.522446256764,0.5708687561776362,88.0,
A2C,2,118.0,-9.871932303038779,354618.00769780006,19372.13492480911,0.5722649878367132,95.0,
A2C,2,119.0,-40.3144674420986,225669.6967215858,15349.524860796708,0.5507536877240332,96.0,269060544.0
A2C,2,120.0,-9.598078551287886,267009.95850336435,17604.810011269223,0.5694487779411432,95.0,
A2C,2,121.0,-9.85738812586319,372992.70691498904,19428.998259752618,0.5476944954163506,99.0,
A2C,2,122.0,0.46321051847613715,247520.14116298468,17317.705650675223,0.5563590185496328,92.0,
A2C,2,123.0,-19.712517601432193,299565.53375861334,18420.29504803679,0.5729809893344527,96.0,
A2C,2,124.0,-9.79807273424831,344823.4942398985,18460.367375094094,0.5746713009232566,93.0,
A2C,2,125.0,-40.33355437269457,243854.1353638912,14186.54006930064,0.5696615180120813,96.0,
A2C,2,126.0,-49.53761983966348,248384.8146339559,15730.623161911912,0.5644331744628086,91.0,
A2C,2,127.0,0.2202280899190091,324033.45642390713,16924.94336963424,0.5916400638794597,90.0,345806880.0
A2C,2,128.0,-19.798970747916247,379470.3827659116,16425.003007052852,0.5651214078617653,92.0,
A2C,2,129.0,-39.81551981921739,343582.04371804895,19801.819732666663,0.5590200361776855,96.0,
A2C,2,130.0,-30.31468559819982,228020.75026709397,14885.457311367087,0.5488103738662691,97.0,
A2C,2,131.0,-20.46808191841363,295299.8335573284,13989.515196700131,0.5535615517018502,98.0,
A2C,2,132.0,0.301084876067605,244204.72168727923,20666.362688325724,0.5543724069871905,100.0,
A2C,2,133.0,-10.409937831756684,255142.32798121084,15034.492980776195,0.5678295771078917,99.0,
A2C,2,134.0,-19.68817621817688,305681.6157154888,18149.748464366592,0.5590189839122907,98.0,
A2C,2,135.0,-9.594958244868725,230957.43375284018,18833.007303143015,0.558052785355066,99.0,364762496.0
A2C,2,136.0,-19.72699980978812,279987.2424951817,19026.160043950615,0.5651108124933009,98.0,
A2C,2,137.0,0.17224233550391968,356848.3915288586,19242.110943032403,0.5922587964690854,96.0,
A2C,2,138.0,0.24040893958728657,325820.0175077279,16936.382781758,0.5893943398947314,92.0,
A2C,2,139.0,0.25219272165962325,334354.75924013415,17191.315056530362,0.5639034860369129,94.0,
A2C,2,140.0,-9.857179065430772,351688.15727944864,20262.71896925349,0.5656350566563416,97.0,
A2C,2,141.0,0.3705572413630819,266274.33056518174,15505.266552916599,0.5738756744504914,96.0,
A2C,2,142.0,-20.43454916200644,262636.5532452216,15430.162329821653,0.5615346425529051,98.0,
A2C,2,143.0,-19.69046113239332,289284.7814395249,18142.611955911467,0.5612516068710873,96.0,342334464.0
A2C,2,144.0,0.21559063011155324,309430.3953444667,21094.45806373649,0.5708247914816647,96.0,
A2C,2,145.0,-19.609672030470623,225380.96928532058,18711.788324587036,0.5528244590635604,96.0,
A2C,2,146.0,-19.80376806069817,338413.7072449711,20552.471953315868,0.5593117688052993,98.0,
A2C,2,147.0,0.43582246693741106,241339.46959413562,18196.203803514447,0.5530926282420333,100.0,
A2C,2,148.0,-19.761165679021143,320734.36191118986,18093.36178121495,0.558118927408322,94.0,
A2C,2,149.0,-30.353871594389872,247081.38595175018,13337.156822587596,0.5569767992621896,97.0,
A2C,3,0.0,0.040772554268948956,509981.4527584153,10894.40156809525,0.6233832691521386,75.0,
A2C,3,1.0,-0.17560685496704181,560318.1046094178,15797.319744860217,0.6529130386368796,83.0,
A2C,3,2.0,-0.26807474709977186,720567.6938740246,12939.671705718405,0.6326277290887315,81.0,
A2C,3,3.0,-0.11704363325510034,576836.3600121025,13097.239184222577,0.6064568182371781,83.0,
A2C,3,4.0,-0.06444330154786285,543529.0658757302,12802.066924809196,0.6104608520588085,81.0,
A2C,3,5.0,0.016071910137715,424854.66972488555,15081.775950000369,0.61906610919903,83.0,
A2C,3,6.0,-0.10669352292423666,575171.29032622,12759.390638912884,0.6206773601601351,83.0,
A2C,3,7.0,-0.18886790223095012,542760.3914119838,16532.545101050007,0.6351021408339288,87.0,4399821.0
A2C,3,8.0,-0.040506466329452005,443595.93567749596,16502.77937100772,0.6284180487415566,85.0,
A2C,3,9.0,-0.1400806295406683,552151.5613498598,14095.111404899608,0.6188614077778456,83.0,
A2C,3,10.0,-0.008322981179954383,461138.8866359311,14444.833765610705,0.6284877925931026,81.0,
A2C,3,11.0,-0.06386469711596052,459311.87764964445,16219.264438668142,0.6156092572654267,85.0,
A2C,3,12.0,-0.08888001073733667,546121.4486092333,13623.444241947536,0.6200621231817799,81.0,
A2C,3,13.0,-0.09968736055611102,530326.4632894577,14666.479634992653,0.616304967951656,87.0,
A2C,3,14.0,-0.009925023899655688,494706.49693990016,12755.959582675192,0.6276327865060927,79.0,
A2C,3,15.0,-0.14697167855467813,539570.0846921013,15986.804311933727,0.620936285203333,87.0,-4591094.0
A2C,3,16.0,0.09340586274897189,454445.1007387224,11333.414406963373,0.6042114960379167,79.0,
A2C,3,17.0,0.003292156084439401,471896.0421485795,13465.961365039699,0.6432191996226453,81.0,
A2C,3,18.0,-0.11706459220333247,532888.8443262537,14827.112686738094,0.6461086175638738,85.0,
A2C,3,19.0,-0.14751995524919112,678912.0265278394,10823.317590667764,0.6352943518227787,81.0,
A2C,3,20.0,-0.03984646954688027,479704.72453749477,14604.750481477618,0.6106032459206299,83.0,
A2C,3,21.0,-0.18708060887434147,524608.6369163402,14861.55546512437,0.6249367693602688,83.0,
A2C,3,22.0,-0.215194073602595,582953.1834097232,16769.157707486906,0.6216769622119495,89.0,
A2C,3,23.0,-0.02021399963821503,485186.56183827686,13426.513683043691,0.6328172759440186,83.0,-446880.25
A2C,3,24.0,-0.15764926345895627,542048.8775957181,16333.827361573594,0.6147024057537276,83.0,
A2C,3,25.0,-0.06302379449572006,475225.9668494584,15309.487480528376,0.6234482967260153,83.0,
A2C,3,26.0,-0.056241594150800336,466511.68440999946,15569.495962850728,0.6396154319955946,83.0,
A2C,3,27.0,-0.06983726913833187,578368.8891377856,11719.978303028063,0.6198362133247827,77.0,
A2C,3,28.0,-0.1741573186371463,535878.6860874293,16307.458417999274,0.6155228235184063,89.0,
A2C,3,29.0,-0.013248708940862646,440594.3754403897,15422.584455055996,0.6130436969007592,85.0,
A2C,3,30.0,-0.06433041077898809,501284.08208608266,14110.533718904126,0.6155371281791627,83.0,
A2C,3,31.0,-0.10452778811564964,463991.4574518372,17659.05215061839,0.6119654841558364,85.0,8933217.0
A2C,3,32.0,-0.04197880277209004,506759.8101625996,13753.9814806331,0.5979271114600008,87.0,
A2C,3,33.0,-0.12082562337350188,439891.72757842386,19539.121845225094,0.6111519801953903,87.0,
A2C,3,34.0,-0.007816267505845702,462498.41499815905,13488.37216486386,0.6291221255186191,81.0,
A2C,3,35.0,-0.07233996457889563,520641.6641837607,14080.25372467142,0.6300307435418612,81.0,
A2C,3,36.0,-0.1413661364917385,576758.8763056683,13952.287498269903,0.6232287240428191,83.0,
A2C,3,37.0,-0.03992811809161738,447550.7658155715,15866.506598925818,0.6143336996727936,85.0,
A2C,3,38.0,-0.07469167863899735,471952.1875630503,15985.567051021982,0.6046089863618369,85.0,
A2C,3,39.0,-0.0956842993708375,551155.6885200648,13379.712521267538,0.627249222683866,83.0,86195.6953125
A2C,3,40.0,-0.08911328248016942,480805.4557511146,16550.83831755337,0.6231792213852003,83.0,
A2C,3,41.0,-0.13182931771368112,576429.115861168,13536.996873583477,0.6188335927505244,77.0,
A2C,3,42.0,-0.14798513126316878,575408.2742123622,14273.431301542572,0.6262136546246158,85.0,
A2C,3,43.0,-0.0946863189433057,468732.67113139154,17223.31989581979,0.6090788459308906,85.0,
A2C,3,44.0,-0.2541269677232551,595263.4191023456,17706.817551835986,0.6088444862734743,85.0,
A2C,3,45.0,-0.07392744137352103,563104.136802255,12366.004070052235,0.6385603966456621,77.0,
A2C,3,46.0,-0.0521695792281626,501888.41971160995,14286.936323856738,0.6307633135885217,81.0,
A2C,3,47.0,-0.06707907167362186,426342.7263263359,18013.817776630145,0.6260245553129713,89.0,-726248.6875
A2C,3,48.0,-0.13621768697063524,504378.8409694145,16019.933580866393,0.6300837393021157,85.0,
A2C,3,49.0,-0.052745735083886615,500074.5908269082,14410.184677413807,0.6289507905043634,79.0,
A2C,3,50.0,-0.1692738185857701,608768.7522921752,14047.10650758227,0.6305073165500278,85.0,
A2C,3,51.0,-0.08426102270777738,500630.56829731574,14253.174358064498,0.6036305347499134,87.0,
A2C,3,52.0,0.022983838597680332,466987.62185515434,12940.824432110338,0.6178078418175753,85.0,
A2C,3,53.0,-0.10050328506335093,483102.50671716564,16496.89684430726,0.6153916710271792,83.0,
A2C,3,54.0,-0.06027622925609282,546606.9913344604,12698.927751171837,0.6195276615557662,83.0,
A2C,3,55.0,0.05149352150345556,443404.38699090015,13136.252279040084,0.6203402587761242,87.0,4901873.0
A2C,3,56.0,-0.02801990621713979,469497.50190005027,14584.223001605927,0.6363995148509398,83.0,
A2C,3,57.0,-0.05447983022932924,593877.5540333728,10873.205737832803,0.6337936098487265,77.0,
A2C,3,58.0,-0.20010651742942986,555181.700207982,16083.419126081923,0.6123000336772364,85.0,
A2C,3,59.0,-0.1141401819337064,660709.6231462737,10051.805365911283,0.6263456939980347,75.0,
A2C,3,60.0,-0.18407862442989442,563180.0787019844,15786.27200020915,0.6119576457268506,89.0,
A2C,3,61.0,-0.022567835585160664,453787.67365465255,15151.172438993786,0.6336983519499133,87.0,
A2C,3,62.0,-0.2085254010507467,575806.9127328073,15327.785060842261,0.6261393389205472,85.0,
A2C,3,63.0,-0.027827873092276082,411081.73425100633,16974.52504740498,0.6183286248141573,85.0,-1384807.5
A2C,3,64.0,0.06981415160497978,446348.6938828463,12426.437393065959,0.6227537044334813,77.0,
A2C,3,65.0,-0.07520633590706462,417713.6204336304,19418.05993893868,0.6065908863579901,91.0,
A2C,3,66.0,0.0024337475329965826,498736.12649393355,12397.864436646727,0.6096532303411261,81.0,
A2C,3,67.0,-0.05217273414484605,479578.4709515509,15165.717743565918,0.6131300783311302,87.0,
A2C,3,68.0,-0.1064421013689367,564347.935088389,12512.555347063717,0.6272401024952492,83.0,
A2C,3,69.0,-0.06610826783352944,490703.59324637905,14711.521489663533,0.6186472746076843,87.0,
A2C,3,70.0,-0.10655552974325667,481532.7033776007,17010.575320451902,0.6182020292892553,85.0,
A2C,3,71.0,-0.09155329325775924,467133.32623752527,17216.96393457691,0.6346404263494031,83.0,-2979602.5
A2C,3,72.0,-0.06956206878306671,475774.84822316014,16147.802448271284,0.5996212639404467,89.0,
A2C,3,73.0,0.07076490258761263,401907.6846299511,14448.65069229071,0.6495452997563314,83.0,
A2C,3,74.0,-0.027601743028823223,469800.84733845585,14638.428940994156,0.618252542361792,87.0,
A2C,3,75.0,0.02944648515099718,453933.7133067687,13267.88588143458,0.6353934468955774,79.0,
A2C,3,76.0,-0.06087195977772453,492615.4131678873,14744.043722533279,0.611355148813221,85.0,
A2C,3,77.0,-0.2247168401656588,621891.1725724845,15466.519907535034,0.6266020287932913,83.0,
A2C,3,78.0,0.11687221237130277,386923.16994624946,13467.483730506985,0.6280073974371391,79.0,
A2C,3,79.0,0.033202901284241026,458918.1517807248,12991.381688317357,0.6416884818780313,81.0,4744588.0
A2C,3,80.0,-0.19663088547900398,642679.7950733437,13502.640367910364,0.5980332192995558,83.0,
A2C,3,81.0,-0.12234293014885117,491093.90680741525,16357.964264215967,0.6283372469381903,87.0,
A2C,3,82.0,-0.0286983579864021,518434.94605069683,12168.01368129841,0.623320796374827,83.0,
A2C,3,83.0,-0.09393836833021012,544558.4688604637,13590.808956233524,0.6111918219957125,85.0,
A2C,3,84.0,-0.1381119305968628,618557.47502283,12409.208994132929,0.6279826974642467,81.0,
A2C,3,85.0,-0.06025091339725945,446412.34790794953,17252.96636619999,0.6131259223579012,89.0,
A2C,3,86.0,-0.22814114306764685,569823.3118898226,17697.24733968815,0.609507316932235,89.0,
A2C,3,87.0,-0.0367810031005763,429383.9381654911,17062.208799050586,0.6284513275716564,89.0,-86368.7421875
A2C,3,88.0,-0.10164612202489308,588005.7594575024,12324.54290104373,0.6202348344209111,77.0,
A2C,3,89.0,-0.01489358470445637,440942.7121302395,15522.6424217799,0.6182734423904704,83.0,
A2C,3,90.0,-0.06640244327818183,644661.7680349819,9809.575125669571,0.615273882364218,71.0,
A2C,3,91.0,-0.03533703655313165,464920.76319188415,15215.956904928144,0.633890338025728,85.0,
A2C,3,92.0,-10.185735789542003,533896.5003852827,17116.663047430622,0.6199619565644876,88.0,
A2C,3,93.0,-0.05583207993070935,587333.5861080538,11084.305871953306,0.6207734065601558,73.0,
A2C,3,94.0,-0.09839729028924778,537706.529118464,14138.261924347604,0.6159018331731138,79.0,
A2C,3,95.0,-0.10602272225918402,578341.3215304698,12789.555001218814,0.6276552490719121,85.0,8989878.0
A2C,3,96.0,-0.19509775155190676,523285.15965387144,18834.020927416248,0.6155033561730463,91.0,
A2C,3,97.0,0.024499958870677855,455672.010579725,13372.076330665328,0.6199581024925921,81.0,
A2C,3,98.0,0.03897787749999465,401551.1009922712,15599.377312279345,0.6459682522105725,79.0,
A2C,3,99.0,0.08642877748653413,448113.4255395858,11673.21378775764,0.6048802326357227,83.0,
A2C,3,100.0,-0.10647625543809257,535654.8823344486,13873.488236830883,0.6374682263072796,83.0,
A2C,3,101.0,-0.19056361247734563,578629.742230819,15968.824343924909,0.6197823735149743,87.0,
A2C,3,102.0,-0.030934129088301333,495678.13503517193,13811.305316047548,0.615926886535513,83.0,
A2C,3,103.0,-0.11107100824949578,474094.8822957412,16375.718309091188,0.6326883227457734,81.0,16832208.0
A2C,3,104.0,-0.21970437765634,561246.8977428062,17351.469058462153,0.6195107215238659,87.0,
A2C,3,105.0,-0.04800824386674825,429231.58180721593,17177.06522751629,0.6081325904251874,91.0,
A2C,3,106.0,0.012297416134851857,515012.33058423124,11642.401993658676,0.6527491643808366,79.0,
A2C,3,107.0,0.012651668595825678,407776.44952715415,14346.615439116955,0.6259188458178451,83.0,
A2C,3,108.0,-0.11211181489898747,574745.7156622452,13286.691679675841,0.6116508877099146,83.0,
A2C,3,109.0,0.06286501985910739,415232.4673848417,13668.166605664972,0.6101024885717399,85.0,
A2C,3,110.0,-0.08587954079531555,515215.39049904613,14826.399963004773,0.6116867233950433,81.0,
A2C,3,111.0,-0.10186454271764188,485561.46189613285,16688.843394595526,0.6323807445166326,85.0,9855426.0
A2C,3,112.0,0.0311952346633542,473306.5255678768,12626.801648360786,0.6397018029846088,79.0,
A2C,3,113.0,-0.1383318834580532,676680.8205773102,10737.468277190794,0.625069209510754,79.0,
A2C,3,114.0,-0.006186625305485622,470668.6997799547,13937.339593132829,0.6050406585021029,87.0,
A2C,3,115.0,-0.18885093033994693,527294.1682711814,18101.270237233606,0.6025531777136157,89.0,
A2C,3,116.0,-0.008923647939760106,509249.8901138086,12432.502361675677,0.6402009818920895,85.0,
A2C,3,117.0,-0.09475599699367568,523931.2137482545,13862.22982885572,0.6310336993913488,79.0,
A2C,3,118.0,0.06443792725791415,402111.38614252716,14239.13258176019,0.626149507982648,85.0,
A2C,3,119.0,-0.1097320014784121,521211.32699721167,14926.898790458346,0.6324919818064855,83.0,5745872.5
A2C,3,120.0,0.027404368490648492,413766.0590183503,15023.197914331757,0.6310480475569484,81.0,
A2C,3,121.0,-0.10957198263457164,561505.8673225075,13622.970884606451,0.6150351285401016,85.0,
A2C,3,122.0,-0.01800124399947325,492366.5322905613,11976.025129059044,0.6183028402248849,83.0,
A2C,3,123.0,-0.09164082533105546,495422.22732583736,15659.807390264616,0.6156742481281733,91.0,
A2C,3,124.0,-0.09289808575856517,464454.1112622558,17752.917854878302,0.6172605090928367,87.0,
A2C,3,125.0,-0.005785646870184517,459098.2269126719,13674.177168790844,0.6039936241095187,81.0,
A2C,3,126.0,-0.11102020001913326,530799.1210246484,15061.837171179977,0.6395446385331441,87.0,
A2C,3,127.0,-0.16305510891365824,567913.7411967868,15128.13032947631,0.6247397614629776,81.0,-10493664.0
A2C,3,128.0,-0.10109734666518702,544657.5604778167,13900.480870619545,0.6139376676608235,81.0,
A2C,3,129.0,-0.14193895620651029,555467.8961188816,14854.337692123561,0.6274732659062172,87.0,
A2C,3,130.0,-0.2495185098360994,676210.9317814655,14301.785604694725,0.6124357304193278,87.0,
A2C,3,131.0,-0.17375750328635617,511149.20086087286,18045.00568504453,0.6151475018867975,91.0,
A2C,3,132.0,-0.1359355947616689,639797.4448435754,11550.986757294702,0.6202069683567505,73.0,
A2C,3,133.0,-0.1547147445385963,596542.5741031622,13900.892386245894,0.6171356872880996,85.0,
A2C,3,134.0,0.005954733847086738,540915.3686892696,10874.06745934834,0.6101126268511599,79.0,
A2C,3,135.0,-0.097152383402696,557877.2483092491,13405.253210124276,0.63319236908206,81.0,-2149412.5
A2C,3,136.0,-0.09935110455368325,482932.2938596105,16705.002580687098,0.6222250247567872,87.0,
A2C,3,137.0,-0.030578753531170885,407574.6393481944,16583.252865258728,0.5883502514026502,85.0,
A2C,3,138.0,-0.14077437406928078,615422.2379924098,12684.526921848765,0.6280936127924285,79.0,
A2C,3,139.0,-0.11112383722416544,551362.2723608604,14129.66442447069,0.6256081631997342,83.0,
A2C,3,140.0,-0.1293533489045618,568037.9056511382,13824.863680292267,0.6340214235781767,81.0,
A2C,3,141.0,-0.06807657602128214,542323.7367322894,12973.30260347607,0.6298446919119498,83.0,
A2C,3,142.0,-0.2549560105839516,584925.7976502307,18469.700708042852,0.6238480644722074,91.0,
A2C,3,143.0,0.0007286376011490445,535561.2873975062,11012.917307360229,0.6289679620357266,75.0,2246982.5
A2C,3,144.0,-0.05342069827403616,540785.671347622,12601.047169852562,0.6385771469970191,79.0,
A2C,3,145.0,-0.08492885831644216,485870.94779818645,16239.468614818306,0.6224743252090872,89.0,
A2C,3,146.0,-0.06670594303868439,515616.6423883138,13558.400593860537,0.6273357767624039,87.0,
A2C,3,147.0,-0.10951128680437927,501143.26907279494,15700.869171697721,0.6239574997570376,83.0,
A2C,3,148.0,-0.07915539775484431,499058.95537451503,15050.183726251955,0.6218508717740794,81.0,
A2C,3,149.0,8.775704031799281e-05,442514.5988064793,14833.557798587308,0.6195491213642349,83.0,
A2C,4,0.0,-0.013398435680648437,385416.5107096315,14898.64706859854,0.570609676513834,87.0,
A2C,4,1.0,-0.050302877164005264,405845.4337085288,15860.895094213009,0.5730351914653447,83.0,
A2C,4,2.0,-0.05142969914322769,412399.82132864057,15659.753015068141,0.5715031702220127,85.0,
A2C,4,3.0,-0.07752604927855267,470595.8439613031,13749.171278574411,0.5796864258624116,83.0,
A2C,4,4.0,0.0136886963748346,370506.3401650763,15345.384546045585,0.5813920299794064,81.0,
A2C,4,5.0,-0.026635274757697558,386820.60264304734,16410.502398743596,0.5805387588968546,89.0,
A2C,4,6.0,0.0479400779216894,399545.32930031896,11539.634091059004,0.5885462409297966,75.0,
A2C,4,7.0,-0.14372510380391726,522542.4605925294,12112.568143596216,0.5879371753596854,77.0,3880431.5
A2C,4,8.0,0.018560885866997882,369070.47001584223,15459.14549212694,0.5632979215238504,79.0,
A2C,4,9.0,-0.07090013200431697,394015.92071360844,16332.696173695716,0.5983328723771509,83.0,
A2C,4,10.0,-0.1069656085272732,484675.1864327346,13958.769121489231,0.5925530031782283,79.0,
A2C,4,11.0,0.014073965460642403,411909.4874849222,13411.8703859663,0.5900743134767624,81.0,
A2C,4,12.0,0.08555176500227077,386758.076004402,11274.403126392966,0.5966966236782035,75.0,
A2C,4,13.0,-0.1898581449289605,473807.1443576645,17666.158121495526,0.5807282081776932,89.0,
A2C,4,14.0,-10.150703788219275,438631.9631064943,17961.32267253551,0.5874406210465708,90.0,
A2C,4,15.0,-0.06675076960720469,425830.46622362,15412.521166800525,0.5924126817523442,81.0,-1947176.125
A2C,4,16.0,-0.14601831389708297,480680.0379435265,15784.450188461267,0.5767538049069042,89.0,
A2C,4,17.0,-0.20688760182237764,542141.218239715,14900.384825796453,0.5772476931596251,79.0,
A2C,4,18.0,-0.04817701295861712,459349.17599959654,12572.38134497434,0.5832328166742093,81.0,
A2C,4,19.0,-0.3427784110728405,623927.2828082739,15988.37691777441,0.5693035936419416,85.0,
A2C,4,20.0,-0.10381144468675464,429094.9515136454,16923.519052595733,0.5641016181977718,83.0,
A2C,4,21.0,-0.21395514536104052,513112.22721694637,15572.276600176383,0.5910061269752743,83.0,
A2C,4,22.0,-0.16423252632259164,460300.5102174797,16481.825590830023,0.5839171535705139,87.0,
A2C,4,23.0,-0.06187608226163559,446265.1387111479,14058.592094202302,0.5915965593842646,81.0,11578000.0
A2C,4,24.0,0.005742954234591537,364193.9452637359,16203.417713760195,0.5974442223457269,81.0,
A2C,4,25.0,0.008327193335642745,330686.2329380954,18231.265138100007,0.5679998633078924,85.0,
A2C,4,26.0,-0.06677505570386887,376967.86718006985,18464.16336911046,0.5703508860827575,89.0,
A2C,4,27.0,-0.198179951348861,577872.8142563519,12979.219231832954,0.570052509632359,81.0,
A2C,4,28.0,-0.08008520632487195,425472.7205968069,15909.703655715884,0.5977868830467516,81.0,
A2C,4,29.0,0.030945082154380014,407147.4923201955,12569.8967862969,0.5750851434487212,81.0,
A2C,4,30.0,-0.06335221704741861,444493.37313915195,14314.441600082351,0.5871285419247708,83.0,
A2C,4,31.0,-0.007542469827022044,389050.65134547895,15295.331747662744,0.5794164971859274,83.0,16829416.0
A2C,4,32.0,-0.08094743798224209,433828.9475723281,15300.099768779537,0.5789246719084951,81.0,
A2C,4,33.0,-0.00842767339284007,354731.5483038307,16696.052605843324,0.5952877990228242,79.0,
A2C,4,34.0,-0.015449133822709071,399959.23471741297,15164.078825823446,0.5775342856417323,87.0,
A2C,4,35.0,-0.18269188514132872,535293.9604048912,14158.971430887086,0.5629931636441685,79.0,
A2C,4,36.0,-0.19161330352668104,555285.5766491747,12616.183057957549,0.5784438347139762,75.0,
A2C,4,37.0,0.05729132195193836,354785.2143736295,15016.771746215973,0.5625264909090248,77.0,
A2C,4,38.0,0.010383452161025923,361442.768679648,16386.73759971554,0.5754975909568937,83.0,
A2C,4,39.0,-0.023913796749965268,421328.9388537811,14257.39852582533,0.5683510289002748,85.0,12467153.0
A2C,4,40.0,-0.02386156837254061,441362.6710231213,12816.443523380674,0.5749104896261006,77.0,
A2C,4,41.0,-0.3836035295790897,591967.2255396345,14316.988780780695,0.5877224617090444,85.0,
A2C,4,42.0,-0.2318253528028627,490758.73243398743,18300.579446857657,0.5876629159769213,87.0,
A2C,4,43.0,-0.027315823805864115,437227.40918374434,13578.144322697668,0.5698556311101958,77.0,
A2C,4,44.0,-0.06415265299038458,397749.25379525323,16940.481087390006,0.5871991321999266,85.0,
A2C,4,45.0,-0.3325582380026628,627476.277965271,15765.239952730964,0.5867042734567911,83.0,
A2C,4,46.0,-0.18149831070842365,471178.7438378248,16347.78201211229,0.5797834386991607,87.0,
A2C,4,47.0,-0.23053553633172044,450095.2763465523,19717.502554108953,0.5677055626326004,89.0,-3932864.5
A2C,4,48.0,-0.09745616887306645,443746.48735083203,15736.650934431806,0.5762555205653803,85.0,
A2C,4,49.0,-0.13278637196080942,524121.96293625125,13034.290617911913,0.574650045165855,79.0,
A2C,4,50.0,-0.09132784294174505,451014.74147363554,15119.035082797063,0.5881189488934428,81.0,
A2C,4,51.0,-10.213178943242028,523019.55981934187,16074.545499898197,0.5862851344779818,86.0,
A2C,4,52.0,-0.027553166318302943,401281.12148871936,15391.774760163158,0.5847407251533508,79.0,
A2C,4,53.0,-0.17958937789538343,550954.9106424086,13660.512253282042,0.5729052174138443,83.0,
A2C,4,54.0,-0.09657662768030474,473590.7227595159,13874.14471597058,0.584164205410679,81.0,
A2C,4,55.0,0.012051743882764443,457602.2363397598,11196.810253765803,0.5924838643463327,69.0,8065279.0
A2C,4,56.0,-10.086870459654255,392685.5342215922,18575.34958363775,0.5712547397841153,90.0,
A2C,4,57.0,-0.10495595111523251,413051.9750614413,17486.046650583074,0.5667743609273406,87.0,
A2C,4,58.0,-0.1170224548564595,455513.2527724633,13886.18319028388,0.5961960595815503,83.0,
A2C,4,59.0,-0.01581603450333949,418655.1563138303,14079.414700171277,0.5673721896044465,85.0,
A2C,4,60.0,-0.31446973871618905,558187.6345690158,16427.23301839324,0.5664909350261484,85.0,
A2C,4,61.0,0.04261404006254864,380571.7307134574,13790.94772433669,0.5826513146009696,81.0,
A2C,4,62.0,-0.27067382388850386,534390.763513287,15503.136477245838,0.5789153454458464,83.0,
A2C,4,63.0,0.0663727748984799,371515.70942580857,13556.58549208519,0.5981668949353224,79.0,17014340.0
A2C,4,64.0,-0.060686153999024474,397401.56059874315,17127.47869200591,0.5860335765999085,85.0,
A2C,4,65.0,-9.985309423273856,356150.73649316677,16555.787874419148,0.5860792935515289,80.0,
A2C,4,66.0,-0.1481064117196063,508212.9629642603,14465.284040268902,0.5829114372560915,85.0,
A2C,4,67.0,-10.275550250738744,542006.4505437198,17792.210561987897,0.5774341171817956,86.0,
A2C,4,68.0,-0.09523761002814177,423413.6172807366,16350.189576073764,0.5740687733302954,83.0,
A2C,4,69.0,-0.017009641580943386,447998.7929877033,12622.059473530559,0.5784416564363778,75.0,
A2C,4,70.0,-0.06885435173937474,424336.2185152675,14661.944781057355,0.5525009021731327,83.0,
A2C,4,71.0,-0.039130719971544,356579.2772890053,17655.52523319418,0.5726595596771055,87.0,25867474.0
A2C,4,72.0,0.03762483948897419,393638.05199114146,13363.777703205764,0.5758160480940255,85.0,
A2C,4,73.0,0.06696732409215564,392964.1951871567,12184.517378707671,0.5861975620185143,75.0,
A2C,4,74.0,-0.08861047292378517,410820.7310732645,17454.16874134273,0.5596434435548806,87.0,
A2C,4,75.0,-0.1853718595237266,484588.08702879003,17192.960180892685,0.5788474935851068,87.0,
A2C,4,76.0,-0.2422152177584575,533560.4237972156,15618.38194002411,0.5717926284168826,85.0,
A2C,4,77.0,-20.05695157048263,450340.754733192,13671.049747966757,0.5996723982877711,81.0,
A2C,4,78.0,-0.07070426087250861,422747.8181427718,15607.128577752217,0.5770421348246693,85.0,
A2C,4,79.0,-0.043007852391997684,413431.31363029155,15372.702704874113,0.5875034414903182,85.0,34247484.0
A2C,4,80.0,0.024348985980963512,399874.80222998984,13358.462586238978,0.5569747182421338,79.0,
A2C,4,81.0,-0.03660703117291116,366918.5916008327,17533.947765061723,0.5764196876386601,85.0,
A2C,4,82.0,-0.1557866577487618,502006.71617075667,13184.97787947021,0.5749943220026672,79.0,
A2C,4,83.0,-0.15132341591888612,508617.6401214592,13505.055143793365,0.5868984043330933,77.0,
A2C,4,84.0,-0.011525779987708262,404831.2048752833,12832.072525340327,0.585738315169068,83.0,
A2C,4,85.0,-0.18595835373083985,528001.8339730835,14607.065377889392,0.5971607741286258,85.0,
A2C,4,86.0,0.05074059426778357,348811.2044506318,15598.06000218213,0.6008529450788241,79.0,
A2C,4,87.0,-0.25636396059681876,605166.6477740804,12973.525629410717,0.5939510722541359,77.0,30535196.0
A2C,4,88.0,-0.016460438485561862,438071.5718240679,13008.333376487612,0.5727515191489192,81.0,
A2C,4,89.0,-0.08492094373819085,401542.8603797183,17111.897542925704,0.5791707132461521,91.0,
A2C,4,90.0,-10.07365342690265,461003.3770330317,13509.043817913667,0.5655378730306854,80.0,
A2C,4,91.0,-0.06302151346919838,479360.98605764157,12645.480081287435,0.5716311117117895,77.0,
A2C,4,92.0,-0.1607914888485317,477936.3490476187,16447.0870556974,0.5672677111419044,89.0,
A2C,4,93.0,-0.028519897123578292,427450.13862807356,12504.516923814846,0.5960168372179688,77.0,
A2C,4,94.0,-0.16508887468613712,515009.0490451385,14074.633720508878,0.5746233911653446,85.0,
A2C,4,95.0,-0.10113443783483923,435704.7836147821,16308.627514658227,0.5746874238285511,83.0,26953560.0
A2C,4,96.0,-0.1165398964104538,446022.4521852427,13569.396464118117,0.5808495395139471,79.0,
A2C,4,97.0,-0.04444593736223179,392291.6376167291,16668.33209177325,0.5900669485291617,83.0,
A2C,4,98.0,-0.22273020384027034,495539.8183966314,18069.442994438807,0.5711624823972039,87.0,
A2C,4,99.0,0.06105843913964523,404315.77549001726,12251.74495209944,0.5780965308008408,81.0,
A2C,4,100.0,-0.2782826382036354,607637.8379086313,14730.749581978962,0.5810004521462802,87.0,
A2C,4,101.0,-0.07444241736964867,373950.96625934145,19090.509734320873,0.5718825988470738,89.0,
A2C,4,102.0,-0.06682932748639665,378626.26838555874,18241.21320376661,0.5687615988959829,85.0,
A2C,4,103.0,-0.006601215386760784,355342.81302559393,16836.84862545149,0.5664467360823444,87.0,33765288.0
A2C,4,104.0,0.0398957684753081,435348.3484066718,11227.350348246318,0.5955617014395241,79.0,
A2C,4,105.0,0.06829212263054948,394355.44527199387,12265.33050228005,0.5805305055654072,79.0,
A2C,4,106.0,-0.1261263625113162,407317.10852641903,16334.180247199554,0.605919469176349,79.0,
A2C,4,107.0,-0.03381122347570617,441721.3994593663,13462.851837280767,0.591831378287339,79.0,
A2C,4,108.0,-0.14256593570011444,494016.9365202603,14207.284875798505,0.5852572609464876,83.0,
A2C,4,109.0,-0.10177296732944392,496521.33488859684,13334.913091369412,0.5701339390151138,79.0,
A2C,4,110.0,-0.01112800683669479,389104.9485379359,14172.75114726865,0.5884855001739863,79.0,
A2C,4,111.0,-0.2071232608147605,536930.7607651594,14484.864898801894,0.5627935788154825,87.0,24063094.0
A2C,4,112.0,-0.00841725050837494,393962.7277728908,15030.916440630945,0.5682296658656151,79.0,
A2C,4,113.0,-19.985711762726645,401081.63693962846,13693.889728762604,0.5908119604807107,81.0,
A2C,4,114.0,0.009416470585538154,382935.7213871133,14550.570267546675,0.5649305030543238,83.0,
A2C,4,115.0,-0.18162005167436987,450881.9791164906,18705.085037543126,0.5703632427821695,89.0,
A2C,4,116.0,-0.056714531130794346,418555.50827507285,15148.807199546634,0.5818320421158326,81.0,
A2C,4,117.0,-0.08623360415997164,455378.1668625405,14443.824319575746,0.5845245809895832,85.0,
A2C,4,118.0,0.024987327161043106,370788.822369305,14066.442789384162,0.5661815250303884,81.0,
A2C,4,119.0,-0.2111980731511573,535339.1673430179,13659.095959133461,0.585633918455626,79.0,19626892.0
A2C,4,120.0,-0.08860292647867565,415498.0351184462,16501.56510908449,0.5638123569628449,87.0,
A2C,4,121.0,-19.950580775560024,381496.09224488196,13608.778651552004,0.5822922481023006,79.0,
A2C,4,122.0,-0.09139709730690751,392561.2955255743,18639.8489125819,0.5723474431373547,91.0,
A2C,4,123.0,0.06749521711221879,399212.4861768559,12347.575836626751,0.6104633759152029,73.0,
A2C,4,124.0,-0.1101322420142597,474775.3162850708,14404.785667423073,0.5952919818754449,87.0,
A2C,4,125.0,-0.05996561756119691,408830.82401076454,14566.11766984313,0.562509703589867,83.0,
A2C,4,126.0,-0.18789351496236253,494620.19705511257,15831.104938220094,0.5761328025146891,83.0,
A2C,4,127.0,0.04782323944111742,362216.0921072757,14821.937151852477,0.5853815010838469,81.0,22243352.0
A2C,4,128.0,0.0036360822468328897,343903.01485187333,16517.737580811638,0.5765014331847949,81.0,
A2C,4,129.0,-0.11425500029365525,509126.2402710771,13232.624197361363,0.5892613256317168,79.0,
A2C,4,130.0,-0.007896671332837155,406676.95350453944,14101.65978960604,0.5837484176081614,83.0,
A2C,4,131.0,-0.17854890885310823,454855.1418420993,18280.297455909647,0.5900666487051286,85.0,
A2C,4,132.0,-0.07731379768102906,434413.339798331,15436.328323417578,0.5905350840387744,81.0,
A2C,4,133.0,-0.0847592327996168,434345.8755989784,15742.363468628759,0.5820783290222018,83.0,
A2C,4,134.0,0.10584866652922115,311989.6495336802,15869.441933579528,0.5769166759353095,85.0,
A2C,4,135.0,0.025361802258005245,342279.315114322,16867.194661296635,0.5686380127677186,85.0,25635838.0
A2C,4,136.0,-0.041638625274548494,376984.01659720414,17515.617654112568,0.5904621590032896,81.0,
A2C,4,137.0,-0.056258249183169115,408357.0873048928,15799.832800742875,0.5885617595597742,85.0,
A2C,4,138.0,-0.09926365675965627,403917.7253595972,15997.099611864818,0.5904943968025942,85.0,
A2C,4,139.0,-0.1739371503403245,537783.3414575029,13577.144214138421,0.5867612276930598,79.0,
A2C,4,140.0,0.015826064757401913,353001.0293378449,14693.074789861083,0.5814087933640766,87.0,
A2C,4,141.0,-0.11987231020901769,480818.9381292099,14349.939859826893,0.5934645211626226,79.0,
A2C,4,142.0,-0.015274328271925429,355398.038386344,17511.43097484741,0.5698842359996356,83.0,
A2C,4,143.0,-0.09264004424566559,447161.4197755298,15163.394125456707,0.5788449630234618,83.0,16713066.0
A2C,4,144.0,-0.1562568997335948,503947.250501877,13801.340009789283,0.5949058459320095,79.0,
A2C,4,145.0,-10.151017744043704,605451.3725305236,10937.806786121391,0.5715442453035461,76.0,
A2C,4,146.0,-0.10058794383024437,412883.5951152617,17037.727926365806,0.5835478789985215,87.0,
A2C,4,147.0,-0.027709286487978414,368777.4795623275,16844.866870406076,0.5833090149384519,87.0,
A2C,4,148.0,0.07447146958958163,354691.1909903333,13918.463968200294,0.5780086144481763,83.0,
A2C,4,149.0,-0.09026759193542568,423539.9148559049,16610.982111674195,0.5730284942012668,83.0,
A2C,5,0.0,-0.049959778682740874,532946.577842452,15327.051664755343,0.6773228310600828,85.0,
A2C,5,1.0,0.07699872986311736,502024.96728524496,12467.839396498215,0.6674012339278089,79.0,
A2C,5,2.0,-0.03785629800737704,547129.6798278985,14455.678807673205,0.6652878882907884,79.0,
A2C,5,3.0,0.09142362118545375,440693.3249448315,14099.496956879859,0.6701838260391931,85.0,
A2C,5,4.0,0.0695339657937593,459323.28508541215,14352.53303933518,0.6814339269646374,81.0,
A2C,5,5.0,0.00229593344523048,460011.0622461744,16968.14433279649,0.6710319169506928,89.0,
A2C,5,6.0,0.040812067020042815,452016.5417912109,15441.660856871553,0.6925343840207882,83.0,
A2C,5,7.0,0.15745363158257705,444140.7756022614,11686.74558872149,0.6852925996784244,79.0,7996477.5
A2C,5,8.0,-0.02393674986854231,455660.42826475715,18311.077025911378,0.6859741018691334,93.0,
A2C,5,9.0,-0.04101366656222356,484110.140639113,17589.196512747847,0.6609316055528134,89.0,
A2C,5,10.0,-0.018371149984685795,509461.196568851,14761.327041461054,0.6724611328865396,85.0,
A2C,5,11.0,0.038099925069732574,445791.14252682554,16085.890097032174,0.6804971989794265,87.0,
A2C,5,12.0,-0.03298004576519288,473317.90558599477,17576.56514566658,0.6848514130826857,89.0,
A2C,5,13.0,0.05406290272018609,426023.5701068862,16739.455280529855,0.6645384035329063,85.0,
A2C,5,14.0,0.057154234741843744,410707.566158989,17429.183810574148,0.6761845045670895,87.0,
A2C,5,15.0,-0.1501145525156952,593273.8707625177,16770.455021214173,0.6641901851174942,85.0,-3609775.0
A2C,5,16.0,-0.020570415118666894,522361.0007560773,14970.257970567145,0.6887937848012793,85.0,
A2C,5,17.0,0.03924261522494259,450462.50813975715,15868.137503869188,0.696622190325781,85.0,
A2C,5,18.0,-0.05071389022969398,498692.87871819094,17255.653536866997,0.6912939880729534,85.0,
A2C,5,19.0,-0.06818692960565201,493492.6420813111,18045.717431017314,0.6793836773481978,91.0,
A2C,5,20.0,-0.12393122820672879,607771.1367980236,15326.311874788658,0.684348941258003,81.0,
A2C,5,21.0,-0.01705648386081549,477319.3317535796,16766.812190155204,0.6779541535525464,85.0,
A2C,5,22.0,-0.020073384991302567,504744.01674700686,15087.230793905415,0.6855938600924025,85.0,
A2C,5,23.0,-0.09723187025242336,522827.26592552406,17659.62281227011,0.6759788704722026,91.0,1689228.75
A2C,5,24.0,-0.007776603466409267,561740.1963723412,12428.901145365033,0.6900812240485923,77.0,
A2C,5,25.0,-0.08124833713326135,532595.2878292571,16043.693579009356,0.6662208519558951,83.0,
A2C,5,26.0,0.1029930821127211,395865.1290124164,16350.870815373304,0.6681761067005472,83.0,
A2C,5,27.0,-0.0275294693151404,473159.94753418904,17523.72821592198,0.6814254671054697,91.0,
A2C,5,28.0,0.06954793849544366,367840.9719636799,19418.64131804237,0.6783835960090439,83.0,
A2C,5,29.0,-0.05048604617526145,520427.97988165426,16261.013965600054,0.6815886088214433,89.0,
A2C,5,30.0,-0.05564932969755115,469081.66944401985,18773.1573442808,0.6461961174800404,85.0,
A2C,5,31.0,0.03332520803478295,426261.7920197116,17540.78543394915,0.676559684223786,85.0,1281848.5
A2C,5,32.0,0.04476168676760889,484913.59295954474,13995.9832776915,0.6801165773950801,83.0,
A2C,5,33.0,-0.20650872937742837,584698.4532757472,19951.27298232628,0.6656558304552731,93.0,
A2C,5,34.0,-0.0005480988069453325,433248.47190969234,17814.18032764906,0.6702979647216217,93.0,
A2C,5,35.0,0.12568105600468918,431121.18314282125,13738.371673699887,0.6757889983016936,83.0,
A2C,5,36.0,-0.08888091807251731,558050.0634567516,15771.306022868643,0.675392490445529,87.0,
A2C,5,37.0,-0.12483106135025303,573327.596491949,16677.704662583048,0.6693684130924443,87.0,
A2C,5,38.0,0.011029650118181678,508081.342196287,13760.315199178454,0.6821483781246,83.0,
A2C,5,39.0,0.006252003524657908,472731.697505418,16131.764252027997,0.6732962338314445,87.0,4244406.0
A2C,5,40.0,-0.05853935987383225,505975.4184293393,17269.416844130745,0.6541106324363443,87.0,
A2C,5,41.0,0.02141964746525605,471176.7029719952,15310.26954926575,0.671424368065295,85.0,
A2C,5,42.0,0.029846541913473367,414694.5299174676,18322.112635781214,0.6616412592653828,87.0,
A2C,5,43.0,0.06802272067379654,520701.82074613904,11894.688090159778,0.6713266886762834,79.0,
A2C,5,44.0,-0.07159982195701728,591004.1084724821,13371.611316522787,0.6797024243494649,79.0,
A2C,5,45.0,-0.028719439407404415,440896.90460700414,19457.54198926729,0.6700723615700545,91.0,
A2C,5,46.0,-0.04436300213076934,498500.7547877767,17057.076768352978,0.6519705905454565,89.0,
A2C,5,47.0,-0.020042757879290954,568855.0187333482,11611.12621975647,0.6634952986953073,79.0,-1018981.9375
A2C,5,48.0,-0.06070132324776861,535951.8853846643,15710.773018857766,0.6709980562250107,85.0,
A2C,5,49.0,0.021717122612395917,441061.0710402325,17224.785232926213,0.6555783366094592,91.0,
A2C,5,50.0,-0.042413493820344636,544485.4462160832,14828.037327621954,0.6780446200409711,85.0,
A2C,5,51.0,-0.07207258851615547,595805.0696398016,13545.509248566255,0.6751804092465024,83.0,
A2C,5,52.0,-0.02113228676667711,424043.06278426887,18876.43537445993,0.6675393656202785,89.0,
A2C,5,53.0,-0.08588502594256935,508263.93129939574,17741.61456837376,0.6540944621963022,93.0,
A2C,5,54.0,0.11370065694313737,469877.0608687406,12424.792565198011,0.678656535693437,81.0,
A2C,5,55.0,-0.15499094335754024,594512.7007442163,17043.92121636404,0.6705529757621731,87.0,32211.244140625
A2C,5,56.0,-0.0641380309742807,471346.16128762346,19351.628790756808,0.6646752785907913,87.0,
A2C,5,57.0,0.015609621474088174,432867.65743493516,17550.419828074337,0.6699133376308438,87.0,
A2C,5,58.0,-0.10108368530025105,600316.6517339001,14366.328790872456,0.6635493439847863,87.0,
A2C,5,59.0,-0.02736295258350954,565698.2580315303,12415.738800353742,0.6827321694750038,85.0,
A2C,5,60.0,-0.01809304553920634,504396.64284306264,15730.99059219874,0.6640862108394783,85.0,
A2C,5,61.0,0.06174224160374313,497276.0869347307,13098.20961454463,0.6878860076347854,75.0,
A2C,5,62.0,0.06022633819271936,415022.1425495845,17005.422924776816,0.6770282464489118,81.0,
A2C,5,63.0,-0.045135692260807665,523467.78555372654,15841.078511214673,0.6687310842750213,87.0,2925234.5
A2C,5,64.0,0.03652558962105159,455986.9732007984,15324.047229313623,0.6918928569367244,87.0,
A2C,5,65.0,-0.10484815109523715,519544.5434818441,18645.12188685276,0.6692746341009734,93.0,
A2C,5,66.0,0.02612678336833755,472699.27538454876,14743.926270440326,0.6730730360202996,81.0,
A2C,5,67.0,-0.0003060057520021531,508901.2965848494,14262.121722343729,0.6682953775254401,85.0,
A2C,5,68.0,-0.05031256421429649,601663.8688579315,12689.500160694839,0.6647315831738116,79.0,
A2C,5,69.0,-0.007865374601652986,431367.2411090482,19052.072066395845,0.6815763931781285,89.0,
A2C,5,70.0,0.06950888062128434,485823.51655175316,12853.5742509168,0.6828790702298472,81.0,
A2C,5,71.0,-0.03129599532040847,517110.9250125079,15614.883083687502,0.6627091543061203,83.0,-391876.0625
A2C,5,72.0,0.06214681583712156,440291.6648144117,15257.920300710617,0.6597974297026514,83.0,
A2C,5,73.0,-0.012288877803287263,484460.10566889757,16320.567286319745,0.6761906108947903,85.0,
A2C,5,74.0,0.019659425954388018,509349.8669887071,14049.587242752763,0.6878293483225855,83.0,
A2C,5,75.0,0.07982510739531114,454041.8552108249,14176.521895912085,0.6894908148657743,85.0,
A2C,5,76.0,-0.006438292804711807,473115.3315599791,16605.894505439122,0.6743526991757421,85.0,
A2C,5,77.0,-0.08740046712787906,479570.17033349554,19917.361718919045,0.6781303695429381,95.0,
A2C,5,78.0,-0.16279672816087712,632136.7517179225,15510.56440464298,0.6804368069108763,87.0,
A2C,5,79.0,-0.04060901572275821,473584.136233797,17737.26890757834,0.658930332445604,87.0,-9529946.0
A2C,5,80.0,-0.14979489801315823,512128.055037184,20731.584618810233,0.681928406553391,93.0,
A2C,5,81.0,0.0400340842294299,439206.044700003,16402.648973450956,0.671026297332809,87.0,
A2C,5,82.0,-0.03218764034762035,511532.24474949983,15941.216608887038,0.6758185539213288,87.0,
A2C,5,83.0,-0.1134252300772959,507800.3877647162,19577.258627122053,0.676364099647169,93.0,
A2C,5,84.0,-0.002711235886368875,431445.43276900693,18610.997269739342,0.6788159622495612,89.0,
A2C,5,85.0,0.049566201117891825,498350.7440359744,13318.765606537972,0.6825506046877888,83.0,
A2C,5,86.0,-0.014062470641138714,515192.719588362,14991.480435952488,0.6784844443687359,83.0,
A2C,5,87.0,0.10028860871773204,426390.3487753504,14500.693104045336,0.678344561107152,83.0,7081531.0
A2C,5,88.0,-0.012694570966604741,442943.7166685572,18280.999570620963,0.6713317834605752,91.0,
A2C,5,89.0,0.00428532861395425,443510.7182999874,17385.57139702158,0.6783550214479879,85.0,
A2C,5,90.0,0.06508938250517396,470754.3259726753,14100.066998748516,0.6844582906171564,79.0,
A2C,5,91.0,-0.00806339340495047,498477.339066627,15475.035945617054,0.6753444892668702,85.0,
A2C,5,92.0,-0.08017390183827282,531239.1420568872,16873.627796375935,0.6839473429278454,85.0,
A2C,5,93.0,0.058543426766727594,497898.82532442076,12812.098075777414,0.6781627842754692,77.0,
A2C,5,94.0,0.028489921415474535,434768.5283846983,16516.55730304336,0.6522842465416006,89.0,
A2C,5,95.0,0.10675291028558359,453551.5660010625,13280.940359715973,0.6649501030652573,81.0,8889551.0
A2C,5,96.0,-0.06322560001767397,478209.73954925884,18854.938065281665,0.6824383350323012,91.0,
A2C,5,97.0,-0.00512674374376967,446861.61351115926,18048.59660024336,0.6804235971608847,87.0,
A2C,5,98.0,-0.08270277332588648,576514.2586743284,14794.989885223977,0.6661665566896584,83.0,
A2C,5,99.0,-0.0814376746936285,511178.9797764783,17766.555932436488,0.6560241184073989,89.0,
A2C,5,100.0,0.2057010713481957,378555.42287603137,13400.991922826866,0.6716787445039771,79.0,
A2C,5,101.0,0.0030037165304143965,469559.5833181726,16065.074682075836,0.6782690619129158,83.0,
A2C,5,102.0,0.05816942601898392,438280.0986796107,15766.306896271039,0.6665306385017015,85.0,
A2C,5,103.0,0.03586901529632014,501961.6690262168,13702.010878776393,0.6830449727342682,81.0,-379589.5625
A2C,5,104.0,-0.01669418027584088,461470.54110182833,17768.165827346293,0.6769300816892113,91.0,
A2C,5,105.0,0.09239916221534972,406938.6730516759,16131.321271404431,0.6835061571939723,83.0,
A2C,5,106.0,-0.07434739230686356,512847.2043103194,17318.875577163475,0.6938937514545596,87.0,
A2C,5,107.0,0.07690005462407132,410957.04011901526,16544.26967589566,0.6961280566777616,83.0,
A2C,5,108.0,-0.03877257226270328,480347.08615242236,17714.74300930932,0.6591656875666212,85.0,
A2C,5,109.0,-0.10094749188238136,593903.0662695785,14730.747658155402,0.6635503533307955,83.0,
A2C,5,110.0,-0.009547589043667749,474326.10404520185,16712.83443976477,0.6704966139742041,85.0,
A2C,5,111.0,-0.09946810248409203,516878.07629949483,17713.676536577637,0.6594852918994686,83.0,-3684574.5
A2C,5,112.0,0.01869749477576777,463857.93022376485,15858.234200012932,0.6763570842995202,79.0,
A2C,5,113.0,0.10552507021168504,405630.5270244915,15784.220250169501,0.6870749574770338,87.0,
A2C,5,114.0,0.017961429425192067,533553.6447074858,12897.628736441631,0.6701861804612645,81.0,
A2C,5,115.0,0.019539081084372134,493301.29143246176,14703.183386956043,0.6624178099282553,81.0,
A2C,5,116.0,-0.020751080384511168,489678.6768316556,16277.538332065105,0.6707834078253172,85.0,
A2C,5,117.0,-0.1316214946637366,497106.3779820242,19702.10254389345,0.6847895413357866,93.0,
A2C,5,118.0,0.03052892537650379,457545.4296356594,15927.983040825015,0.6672735606108057,83.0,
A2C,5,119.0,0.010027633157394128,485805.5167950222,15366.984601448892,0.6824262780773611,81.0,4677330.5
A2C,5,120.0,-0.03938507024530634,482323.52370342275,17451.844520206614,0.6748606981948323,87.0,
A2C,5,121.0,0.03507789995039644,472309.5009897602,14956.132996319302,0.6792148625308438,83.0,
A2C,5,122.0,-0.03037122342284401,456399.69294742064,18640.082566039262,0.6769308053571831,91.0,
A2C,5,123.0,-0.11758199212912374,599263.3594558866,15060.094224647199,0.662531703360728,85.0,
A2C,5,124.0,0.06306786658541885,409165.1922530906,16257.924638180777,0.6534979229730955,85.0,
A2C,5,125.0,-0.028924942872042024,504938.5042005122,16078.876651175942,0.6772671332414738,83.0,
A2C,5,126.0,0.06554605675052785,455034.4035736483,14705.742599009374,0.6932363682649261,83.0,
A2C,5,127.0,-0.1083212630150199,565609.508835203,16043.274629487369,0.6763419785391219,87.0,640519.9375
A2C,5,128.0,0.0004935462566602444,477011.69671546994,16194.208045640475,0.6544300762996412,81.0,
A2C,5,129.0,-0.021707786397655658,487219.6244633942,16413.796934222857,0.6837097532819582,85.0,
A2C,5,130.0,-0.07338975603534577,489558.27177771466,18612.607071125858,0.6634715816127321,87.0,
A2C,5,131.0,-0.2022400705695703,641333.8197955923,16858.670571538354,0.6747926210999917,85.0,
A2C,5,132.0,0.07435267994621629,407065.4486423915,16573.252869035226,0.6758171613783568,81.0,
A2C,5,133.0,-0.08762617755935266,583219.3472866806,14549.54468074242,0.6702260158636363,81.0,
A2C,5,134.0,-0.027453323743391343,539053.7527652038,14484.21699622719,0.6697199541507314,83.0,
A2C,5,135.0,-0.02630759597383226,556545.724863826,13585.279201821595,0.6785462516675975,85.0,-1509808.5
A2C,5,136.0,0.03538642694987016,460962.17279912776,15657.281176698185,0.683109163652757,89.0,
A2C,5,137.0,-0.023131502028612493,512979.1700639626,15217.086207833903,0.6750832893402651,85.0,
A2C,5,138.0,-0.13073439376407786,546798.1018182003,17689.593511242772,0.681023732242445,87.0,
A2C,5,139.0,-0.09484900451364993,529283.6327532398,17127.969996166812,0.6545854147474353,89.0,
A2C,5,140.0,0.1692857943762912,363296.6332951909,15587.066200826244,0.6776236347199449,89.0,
A2C,5,141.0,-0.00526233742249943,501859.4782278569,15293.310606351142,0.6804449379354247,85.0,
A2C,5,142.0,0.048365151310843776,409938.72369559575,17758.85987322218,0.6550788542843968,89.0,
A2C,5,143.0,-0.06446044053963748,505920.3795797503,17502.004813629264,0.6755443892032259,87.0,-585199.875
A2C,5,144.0,0.043783940724712506,462049.45200771955,15218.096710381222,0.6674825050102021,87.0,
A2C,5,145.0,0.0097256442964537,499315.1965269007,14743.102659017,0.6723188524309941,87.0,
A2C,5,146.0,-0.01672966417318015,491874.1710496508,15638.99787337828,0.6749034677279157,87.0,
A2C,5,147.0,0.0651428066250993,385252.33859514527,18435.91338081322,0.6581631439289349,87.0,
A2C,5,148.0,0.0035717127184153492,441336.78154518723,17839.61890168593,0.6795963257760085,87.0,
A2C,5,149.0,-0.03248978265238591,531453.9604553684,14685.905165645536,0.6736904503754246,83.0,
A2C,6,0.0,-0.04947664850897546,590442.3062273773,13961.676019688215,0.5652570762578688,85.0,
A2C,6,1.0,-0.1618396926860355,636529.1320253093,15622.497949106233,0.5783988505130905,89.0,
A2C,6,2.0,-0.09815676702877695,697396.5592191584,12463.956064239228,0.5600660685052802,83.0,
A2C,6,3.0,-0.10393703142690697,592222.8643381376,15992.685354358253,0.5864482595244626,85.0,
A2C,6,4.0,0.010678128605254496,590204.7383957875,12263.687247811748,0.586343703286684,79.0,
A2C,6,5.0,0.04526172996608618,551426.2064961779,11173.707323343546,0.5729369650418843,77.0,
A2C,6,6.0,-0.06766245978811951,569440.9225434818,15401.534560460357,0.5633969389693833,91.0,
A2C,6,7.0,-0.029950239846048575,563488.4199708469,13275.264464314447,0.5744317572517093,81.0,-839866.5625
A2C,6,8.0,-0.0371730822848064,620040.9933796594,12115.755758065703,0.5672014748461635,81.0,
A2C,6,9.0,0.010166954967851983,496621.6041262114,15775.355225806199,0.5578264171279077,85.0,
A2C,6,10.0,-0.03338796624272987,560239.4092701878,14367.351150225195,0.5608129437864209,85.0,
A2C,6,11.0,0.026064990493544382,436001.38470813766,17174.750258180306,0.5645761119111099,91.0,
A2C,6,12.0,-0.08971327943659577,599412.8134805368,15383.281562719527,0.5731878243695082,89.0,
A2C,6,13.0,-0.005910726026558025,494896.9377811355,14431.359229641283,0.5833097754815104,89.0,
A2C,6,14.0,-0.13861979583454487,580318.9618691093,16952.948078956106,0.5674087589405241,83.0,
A2C,6,15.0,-0.2242130028012003,733300.3887691426,14432.126141922237,0.5667325351436832,87.0,-19563.30078125
A2C,6,16.0,-0.01669884235845185,597607.4025985821,12282.017826621985,0.587418865942213,83.0,
A2C,6,17.0,0.06071198780443494,518118.0373520045,12890.538918609907,0.5688784420050859,83.0,
A2C,6,18.0,-0.10105052536464583,529794.5337929819,16810.522040045766,0.5920749708565175,87.0,
A2C,6,19.0,-0.06764202523497193,580002.5400799054,14595.404056202535,0.560405365506773,81.0,
A2C,6,20.0,0.04317844190739117,569217.7895821459,11870.370321258299,0.5861199954366727,79.0,
A2C,6,21.0,-0.14761290636658553,589260.5892722748,16861.679423398313,0.5672652315578313,91.0,
A2C,6,22.0,-0.01640340046658199,575786.2922101691,12098.228101854456,0.563330774178576,79.0,
A2C,6,23.0,-0.04615037582017352,597111.5819310652,13401.220039517832,0.5658503303714603,85.0,3083200.0
A2C,6,24.0,-0.03196723594971427,627371.4234921895,12017.497465674976,0.5906621243812152,79.0,
A2C,6,25.0,-0.020324365876788146,505288.50109787565,16401.21678774178,0.5885930247263416,89.0,
A2C,6,26.0,0.03642705023174892,489133.54157345183,14950.968579083114,0.5855886579314887,87.0,
A2C,6,27.0,-0.04396455961358564,629647.6332947391,12019.869144895223,0.5782620731325445,81.0,
A2C,6,28.0,0.01894034283433451,489073.0188677931,14772.936299742882,0.5690973527604734,87.0,
A2C,6,29.0,-0.07605206177243178,611842.3248731003,13563.794118075815,0.5679815790655366,79.0,
A2C,6,30.0,-0.08084966620391869,553822.3176846276,16135.529249177567,0.5680269409907838,87.0,
A2C,6,31.0,0.021241388432165505,521996.3609513582,13955.02965736988,0.5672142230867915,87.0,-5548514.0
A2C,6,32.0,-0.16930100938086842,705206.628235489,12972.958587433524,0.588005415060817,81.0,
A2C,6,33.0,0.00782946092754161,540000.5997642296,13069.24212703001,0.5907765455434643,81.0,
A2C,6,34.0,0.051363077757180686,596909.0730027147,10833.970349275787,0.5793989815952342,79.0,
A2C,6,35.0,-0.17462503557536987,634680.2892813433,16065.425161303592,0.5627342496878626,91.0,
A2C,6,36.0,0.17065650245884528,398708.3086228686,13583.619378447023,0.5651611433949764,83.0,
A2C,6,37.0,0.024732516857036004,566158.8006697469,12521.837345331265,0.5815709810381952,85.0,
A2C,6,38.0,-0.07568726423498948,620550.2104038668,13927.581239034205,0.5782134906971811,87.0,
A2C,6,39.0,-0.0028325557415289047,596330.2897378366,12387.230181886785,0.5798945399244394,83.0,-6741861.0
A2C,6,40.0,-0.09526086658595168,610234.9805745796,14841.327841594193,0.5720781628226385,89.0,
A2C,6,41.0,-0.11333617587954424,713485.332218865,11689.31253500771,0.5877634476031791,81.0,
A2C,6,42.0,-0.11795866605198024,586423.1661409197,16985.99353159068,0.5605497654052178,85.0,
A2C,6,43.0,-0.10026916972778657,700177.2283408493,12387.089094124498,0.5681854099062787,83.0,
A2C,6,44.0,-0.30122241250415527,618643.1665071159,20454.30802242444,0.5833151757446813,81.0,
A2C,6,45.0,-0.07997154676773062,597335.3158101456,14920.68316721675,0.5587775945837444,87.0,
A2C,6,46.0,-0.05910926336377848,677974.0142863548,11317.848898850876,0.5766561080607988,79.0,
A2C,6,47.0,0.23401528122866538,423111.9337493668,10461.474434618916,0.5867190911451593,77.0,11093540.0
A2C,6,48.0,0.07071289240691178,446752.2619902246,14613.905903666002,0.5615985054600822,85.0,
A2C,6,49.0,0.01171531350818723,617495.7337914924,10852.48804081691,0.5935328800566352,81.0,
A2C,6,50.0,-0.08178661051546288,532903.3755690954,15463.193274065694,0.5572540741256848,87.0,
A2C,6,51.0,-0.00578361585312695,613102.5760986259,11683.284229029623,0.5862538584556125,81.0,
A2C,6,52.0,-0.046041560517100066,558561.3418772273,15138.146194346722,0.5839504856403234,81.0,
A2C,6,53.0,0.051802388632612995,509405.3023220512,13346.139923685252,0.5691165353853735,81.0,
A2C,6,54.0,0.13833982002187922,416714.41463753406,13635.30424135667,0.5939244705171252,83.0,
A2C,6,55.0,0.000796439080754505,621778.5883169275,11450.304778629014,0.5619480953836723,77.0,12802894.0
A2C,6,56.0,-0.02300721647274106,631826.8953973233,11711.014811705676,0.569593250568355,81.0,
A2C,6,57.0,0.16337420141229403,418747.2626988858,12807.779089676404,0.5879417363879154,81.0,
A2C,6,58.0,-0.11922408008494559,662652.4505138817,13994.94148598549,0.5560256335797477,85.0,
A2C,6,59.0,-0.005842261378575207,578950.6462304066,12916.4576970946,0.5922211188415069,81.0,
A2C,6,60.0,-0.012284686527431254,588818.4750406222,12404.599799797217,0.568906751046707,81.0,
A2C,6,61.0,-0.08819570530226917,536167.3551064654,16283.804748617391,0.5745215157688625,85.0,
A2C,6,62.0,-0.1729689454791151,655933.7290457181,16574.758419252485,0.5623458194795021,89.0,
A2C,6,63.0,-0.08478476029539123,622260.3168577357,12640.054255099343,0.5705082619391665,85.0,-5894128.0
A2C,6,64.0,0.13663525130611265,403505.0995643939,15072.840369322787,0.567532287887904,87.0,
A2C,6,65.0,0.1028489433501978,448339.9102698694,13920.65275925631,0.5802041147948168,85.0,
A2C,6,66.0,-0.07708570456039204,547363.9292417447,15983.544449798488,0.5606699655486694,87.0,
A2C,6,67.0,-0.12133716494297979,625549.1335813947,14230.78514665686,0.5533793688813897,81.0,
A2C,6,68.0,-0.0838759231109717,574278.7543652295,16074.514670993069,0.5638860585855661,89.0,
A2C,6,69.0,-0.07639571642969845,607470.6631568647,13996.515174955515,0.566892621280171,85.0,
A2C,6,70.0,-0.06986848718835066,561865.1060814984,15661.24149329005,0.5814027321734558,89.0,
A2C,6,71.0,0.055653568140355436,517697.6909228831,13164.822175285173,0.5649859275820219,81.0,-1463572.75
A2C,6,72.0,-0.18826358903313306,650792.5328965299,16590.78194086656,0.5772429464872902,87.0,
A2C,6,73.0,-0.018952373577802988,500572.01685091085,16116.547923515081,0.5938383237561252,87.0,
A2C,6,74.0,0.06865221409985472,452500.64583315345,13840.505254636282,0.5964919038304921,79.0,
A2C,6,75.0,-0.03995739571511469,594946.2463903732,13648.349695032179,0.595155379068915,81.0,
A2C,6,76.0,0.05418311504740692,548040.176439346,11620.594317826968,0.5590945758470499,83.0,
A2C,6,77.0,0.08765546544829028,506425.52889722574,12676.895076472767,0.5837570668117275,83.0,
A2C,6,78.0,-0.04401858368130845,556086.8861450918,14974.973004531656,0.5878816179558309,89.0,
A2C,6,79.0,-0.015311888304365327,580894.3276814215,12562.203657878901,0.5686452889005851,81.0,443075.3125
A2C,6,80.0,-0.11320202044880308,603708.9943378163,14780.771521038161,0.5928165643251836,83.0,
A2C,6,81.0,0.020145115968614787,456668.0023633633,16076.931537005044,0.5713835347958253,89.0,
A2C,6,82.0,0.04115878062973234,494075.891772067,13910.487528866684,0.5580140469822233,87.0,
A2C,6,83.0,-0.17103057964099846,625085.950168633,17425.29842277899,0.5793976061258244,93.0,
A2C,6,84.0,-0.09423173643562036,628664.9745872617,13326.688614790686,0.5631480804411629,85.0,
A2C,6,85.0,-0.01922861849752079,643511.8674107612,11563.566929377552,0.5951411079514871,77.0,
A2C,6,86.0,-0.197999745812344,701536.4496420295,15648.005342216116,0.5761331399806181,91.0,
A2C,6,87.0,-0.17171897778018713,687886.0787684231,15282.295915048562,0.5694867675116634,87.0,-4598515.5
A2C,6,88.0,0.01730127958264544,621790.295713309,10761.168962077058,0.5928738702235996,81.0,
A2C,6,89.0,-0.07974709669806074,521623.7152873919,17318.099437313467,0.5568231962871648,87.0,
A2C,6,90.0,-0.004911973382742286,501847.38482199004,15331.184593513619,0.5782128527570027,85.0,
A2C,6,91.0,-0.27978477542863983,701606.7415897207,16857.956146361896,0.5731950665175413,87.0,
A2C,6,92.0,-0.04463313450008004,642128.5528575771,12354.604178254156,0.5797387806160961,79.0,
A2C,6,93.0,-0.08568250180987852,589780.7486316769,15389.457367687108,0.5691241203967531,87.0,
A2C,6,94.0,0.023786800834726063,522103.6527919072,13562.37757576738,0.5798467358272672,81.0,
A2C,6,95.0,-0.14529793595481316,638030.9064051723,15264.89859562631,0.5529375330668104,87.0,4130586.25
A2C,6,96.0,-0.20649415791210424,654380.7816382735,16596.969963571944,0.5547753379617862,87.0,
A2C,6,97.0,-0.07312178562907336,568688.4634390912,15370.382573108986,0.5822018085351349,91.0,
A2C,6,98.0,0.04500358791004207,450429.04812518135,15774.24448107984,0.5723092923052294,87.0,
A2C,6,99.0,-0.07698831369077097,554397.1874251253,16673.878656824516,0.5909373849795001,87.0,
A2C,6,100.0,-0.05604639695904287,605053.035506312,13922.250695087909,0.5817870828933893,91.0,
A2C,6,101.0,0.05811740651566479,525950.8625832492,12862.479928432514,0.5749314604795636,83.0,
A2C,6,102.0,-0.22387348848671584,691162.4425540856,17139.074134811846,0.5986208375076716,89.0,
A2C,6,103.0,-0.05357903373052236,649845.3040560564,11988.247179232212,0.5883771715362472,83.0,-2417359.0
A2C,6,104.0,-0.2136166827404437,695712.7550407574,15947.918185438235,0.5779029785421448,87.0,
A2C,6,105.0,-0.005783611411518591,543446.4257348857,13426.688439159781,0.5893514921260387,83.0,
A2C,6,106.0,-0.16151354571601095,659814.9295843717,15013.245375870758,0.5718991812666233,85.0,
A2C,6,107.0,0.04380369801648809,530953.1243330122,12690.567804594784,0.566761211290367,81.0,
A2C,6,108.0,-0.11318610012512997,755934.7682960442,11227.699994066137,0.5748045859355038,79.0,
A2C,6,109.0,0.03885669020937585,534436.3738913982,11829.577709383537,0.5924885491330067,79.0,
A2C,6,110.0,-0.23766028971448255,715552.2517757043,14415.901735275378,0.5591042699834534,79.0,
A2C,6,111.0,-0.08785647666062688,685236.4757931301,11732.04971442022,0.5847478716313401,79.0,-2514977.0
A2C,6,112.0,-0.047453139964762484,563665.1475224014,14507.344902638637,0.5756224326495266,85.0,
A2C,6,113.0,-0.14368153570293396,631732.2585035835,16211.645393363526,0.5859940464078689,89.0,
A2C,6,114.0,-0.041456796494173484,681572.1643240369,10487.050968994003,0.5763588195639209,81.0,
A2C,6,115.0,0.031845440790121624,439758.07461687614,17205.840570762444,0.5700323937379215,93.0,
A2C,6,116.0,-0.06342061514550275,550966.5721660666,15699.702320228125,0.5489691995016924,85.0,
A2C,6,117.0,-0.20824513201047304,728468.9114979636,14991.689552553486,0.5746780546510377,89.0,
A2C,6,118.0,-0.19010269708109925,769986.1705014477,13104.881582592643,0.5842817435658115,77.0,
A2C,6,119.0,-0.15391967456773775,575977.770901952,18626.366484830593,0.559921295107532,89.0,-3453768.25
A2C,6,120.0,-0.004628411619235828,444181.79083276144,17351.93714730262,0.5827447853733823,83.0,
A2C,6,121.0,0.018841079354578016,448357.7111589909,16775.56314965214,0.5767198501401716,89.0,
A2C,6,122.0,-0.03183207364110804,621911.6258466037,12308.357795859773,0.5736500378772675,83.0,
A2C,6,123.0,-0.04892692990685082,550802.1635676504,14695.735358787591,0.5928324400340733,85.0,
A2C,6,124.0,0.026408782010514883,569271.8065598595,12233.995751684048,0.5811013068014728,83.0,
A2C,6,125.0,-0.09813661112632664,613639.1929802201,14431.908867485796,0.586363243121492,89.0,
A2C,6,126.0,-0.02893784970721716,618422.7543060477,11306.430525896598,0.5837948034410544,83.0,
A2C,6,127.0,-0.03723366669441001,515164.7910066886,16271.308490589017,0.5742592325642922,87.0,6306859.5
A2C,6,128.0,-0.20488981540559584,688457.9934238923,15949.920636495704,0.5702722310988549,89.0,
A2C,6,129.0,-0.07487906076621573,628179.5567173938,13278.55452451605,0.5791540214993705,85.0,
A2C,6,130.0,-0.035872989866801985,560736.8325931947,14666.427212297789,0.6007846758200155,85.0,
A2C,6,131.0,0.12126488821741287,466217.9040835099,12078.262836274589,0.5782549064458207,81.0,
A2C,6,132.0,0.050713247198739236,475769.7930342909,13885.25629969558,0.5770870067796836,85.0,
A2C,6,133.0,-0.01226136711731535,429233.02341820434,18115.587790370566,0.5653161534330741,87.0,
A2C,6,134.0,-0.19088814671445586,582213.1011975947,19178.916355444122,0.5428651911765342,91.0,
A2C,6,135.0,-0.06578634417465504,616906.4868396876,13713.5463761475,0.5757075979059886,83.0,1404317.5
A2C,6,136.0,-0.19212090440631932,597245.426027463,19227.296354929233,0.5730815384464345,93.0,
A2C,6,137.0,0.020198104655902896,526880.9044755748,13852.607565443574,0.5573355640698072,83.0,
A2C,6,138.0,-0.15220571738295957,640183.6684514736,15348.75829851042,0.5845761445520387,87.0,
A2C,6,139.0,0.031248495691624675,445939.49873724,15846.640698425997,0.5818082348831256,89.0,
A2C,6,140.0,-0.08017350492767959,664170.0088738254,12656.35547944049,0.577965125036348,79.0,
A2C,6,141.0,-0.12815590594982865,516999.15308758005,20785.485748023053,0.5665432748430611,93.0,
A2C,6,142.0,0.07711922701685121,470595.582384806,13535.015451528823,0.5938417706970217,87.0,
A2C,6,143.0,-0.010813046937484139,503974.0728658862,16200.834473924437,0.5842357210110842,83.0,3217525.0
A2C,6,144.0,-0.03605444471069825,561512.2945622012,14083.573212780657,0.5730520759894395,87.0,
A2C,6,145.0,0.015221375682002393,556640.3129646038,12554.529736249759,0.5610016226683916,81.0,
A2C,6,146.0,0.003791690272175366,545952.7610210326,13017.473853000576,0.5862362911292048,83.0,
A2C,6,147.0,-0.17419432188870346,703317.9862037833,14317.753685501648,0.5573972292599665,81.0,
A2C,6,148.0,0.0041332480644128275,471823.38268190494,16822.9326239591,0.5855299502058039,89.0,
A2C,6,149.0,-0.36510575386214644,647965.4240668651,13727.220558764271,0.5726698756557553,83.0,
A2C,7,0.0,-0.053269901606969094,571355.3584590671,17407.321777700505,0.6006494708858378,88.0,
A2C,7,1.0,0.05945814276901561,546141.1173028316,14339.038304391248,0.6092927304028848,84.0,
A2C,7,2.0,-0.09113520195530833,573515.1025286099,18714.371722087344,0.6260982390908439,88.0,
A2C,7,3.0,0.02307391005707962,628683.7032037011,12356.574628696306,0.6105425638304377,86.0,
A2C,7,4.0,-0.025315699863507644,497716.80636107264,20418.896377371428,0.5923849049601132,96.0,
A2C,7,5.0,-0.0894094574345275,522593.46028885397,21988.985708054424,0.6034291885444819,96.0,
A2C,7,6.0,-0.08349084232152061,563484.6453379873,19447.235204756093,0.5919914304427681,94.0,
A2C,7,7.0,0.013352022426386766,515841.9843897302,17223.984029012085,0.5934633272903377,86.0,-463834.4375
A2C,7,8.0,-0.07802552142592044,626955.0584756397,16618.20572768688,0.5951969013968073,86.0,
A2C,7,9.0,-0.02595153378324085,607940.3327227061,15270.58904119237,0.614702181459753,86.0,
A2C,7,10.0,-0.12341360456733691,667706.4056995942,16758.456768062002,0.6005412228772301,86.0,
A2C,7,11.0,-0.02914147594208734,590887.7162803023,16038.702709014575,0.612396643436117,86.0,
A2C,7,12.0,-0.11429288436893657,641095.429260967,17259.16872747762,0.5912077207825861,84.0,
A2C,7,13.0,-0.018723354250755313,574603.643123929,16021.515315834058,0.5965829073548284,86.0,
A2C,7,14.0,-0.01351709089825778,594852.7087409827,15167.575924966743,0.5952834462338599,82.0,
A2C,7,15.0,-0.07111824701499916,661758.0401915399,14644.155778567474,0.5840216162275049,88.0,5128704.0
A2C,7,16.0,-0.0812783039722061,546974.5804879938,20140.64541725832,0.6077635837748324,88.0,
A2C,7,17.0,0.029665753178904488,531510.8152567097,16016.29632626169,0.614711024378321,84.0,
A2C,7,18.0,0.037285311934936616,581506.6197619578,13580.110082061596,0.6257687923222353,80.0,
A2C,7,19.0,-0.0750280916055467,625876.9978011595,16542.85476958359,0.6066164672049872,88.0,
A2C,7,20.0,-0.09157649614706052,662667.4181917878,15729.684483378054,0.5925403723288435,84.0,
A2C,7,21.0,-0.08047076976634275,634449.133726671,16178.562594773648,0.5938872542621222,88.0,
A2C,7,22.0,-0.07040663750808264,586613.8667413704,17886.41313896326,0.5952119196391805,90.0,
A2C,7,23.0,-0.07962542881503135,562743.6860826387,19284.139828814412,0.6014289711645721,88.0,-1462242.0
A2C,7,24.0,-0.021845885620960404,572938.4750262711,16310.068430308113,0.5879221128799513,82.0,
A2C,7,25.0,-0.0625855403717106,646949.6923738846,15190.458454679423,0.6040868414437806,84.0,
A2C,7,26.0,-0.07055367328359405,638038.741968871,15176.324626221485,0.5933034286006998,86.0,
A2C,7,27.0,-0.10589908584950991,660864.4304180307,16372.942437868687,0.6077401285060295,84.0,
A2C,7,28.0,0.032248566289475436,511121.89122568927,17049.496608948815,0.6032235624001407,86.0,
A2C,7,29.0,-0.006756278944884315,612445.3687559675,14379.938446230382,0.5992166839554508,86.0,
A2C,7,30.0,-0.042824044921927644,609669.7998332629,15767.954191579702,0.6234867223905255,84.0,
A2C,7,31.0,-0.26014768811332406,661318.1660277385,23906.059847848326,0.6056190927241518,100.0,-7836878.5
A2C,7,32.0,-0.1101399627841521,603331.7491334592,18747.57150761873,0.6024307063596216,88.0,
A2C,7,33.0,-0.029579884674310872,608208.2870964996,15311.411883995741,0.6047861535086391,86.0,
A2C,7,34.0,-0.10135051575831823,646136.4830623014,16556.586017693266,0.5896695262383198,86.0,
A2C,7,35.0,-0.009838400904760514,569034.1983912681,15503.130732170821,0.608072371034268,84.0,
A2C,7,36.0,-0.012871955829095857,545842.4183544235,17188.20087685322,0.6006852618736018,88.0,
A2C,7,37.0,-0.05959155140498318,587714.8533267733,17298.564653435093,0.6034854465129154,88.0,
A2C,7,38.0,0.0050329138871612515,503307.43635178404,17908.01018995146,0.5898121818421442,88.0,
A2C,7,39.0,0.029881665569151193,556818.2610006712,14906.253438785156,0.6033739293733855,86.0,4401361.5
A2C,7,40.0,0.005628283989089938,568822.9640421072,15408.115519993358,0.5975312094536644,86.0,
A2C,7,41.0,0.04788839655134224,508935.7413395571,16287.162610046866,0.5891913923467824,90.0,
A2C,7,42.0,-0.05817433590933077,648320.767714883,14718.7084554896,0.6059504470857642,80.0,
A2C,7,43.0,-0.10619019541370839,652036.5134161283,16391.962319656544,0.6200138751220929,86.0,
A2C,7,44.0,0.13081903941361542,479490.6782724423,14461.444772903033,0.6080389205997025,82.0,
A2C,7,45.0,-0.045513815255551274,579478.5727465831,17267.30078018587,0.5891137683757608,84.0,
A2C,7,46.0,-0.05127861724057137,580955.2086757423,17225.314229328058,0.6122157345737892,84.0,
A2C,7,47.0,-0.038453677344399584,616227.6114002998,14986.06076889328,0.6050107813863008,84.0,-2125435.0
A2C,7,48.0,-0.07385844425939744,546754.8184621187,19735.574222794927,0.5951844494666849,92.0,
A2C,7,49.0,-0.15706932244216865,587617.9406705158,21588.378909652936,0.5994811352640049,88.0,
A2C,7,50.0,-0.07284703314667904,678613.5679042658,13824.327380594983,0.5938595959762188,88.0,
A2C,7,51.0,0.06755086683542283,468286.855867376,17606.945889834802,0.5810415007763695,88.0,
A2C,7,52.0,-0.14278737591635626,711555.0383796218,15848.03506527136,0.5946324184930329,86.0,
A2C,7,53.0,0.05047076067704563,489423.31613436906,17158.815533011508,0.6127952935172912,80.0,
A2C,7,54.0,-0.02021273353880923,566835.9252549881,16338.53901890192,0.6034841578167544,86.0,
A2C,7,55.0,-0.034716289850296476,556047.6487176531,17920.21789471186,0.6045593453913995,94.0,5121630.0
A2C,7,56.0,-0.11431054852274616,616925.2175120165,18548.2517966209,0.6086212894184049,88.0,
A2C,7,57.0,-0.02819495690431492,600526.321151473,15171.09265386941,0.5863740191577531,84.0,
A2C,7,58.0,-0.09532413500274549,637483.201706245,16838.6153640771,0.5949242421799469,86.0,
A2C,7,59.0,-0.016495230578911193,637576.8144670406,13803.650929380152,0.5924534833504291,84.0,
A2C,7,60.0,-0.1169666328168727,639440.5408786407,15717.636706216355,0.6116922115844761,86.0,
A2C,7,61.0,-0.04936397156564082,524187.2384352629,19955.013771985115,0.6039880969425773,90.0,
A2C,7,62.0,-0.08422684045534135,552554.1831023468,20208.16917834389,0.5925707084275219,94.0,
A2C,7,63.0,-10.036582150852768,584829.4531933187,16648.905345891013,0.5810099702378849,87.0,2966109.25
A2C,7,64.0,-0.15842307930826566,601859.7936078489,21374.58320985052,0.5958622376499964,94.0,
A2C,7,65.0,-0.09128143611018044,598964.9665382256,17952.737706040294,0.5875953814438699,94.0,
A2C,7,66.0,0.009484878372356917,581268.8918060821,14920.421401512443,0.6196445461435924,86.0,
A2C,7,67.0,-0.09840794920754856,601177.260635849,18574.23760051822,0.596387361647069,90.0,
A2C,7,68.0,-0.003007394681406428,577303.3954156917,15319.955965996496,0.6006627719897363,82.0,
A2C,7,69.0,0.06765095826218365,598518.0996519083,12403.504443712201,0.5875129347930605,80.0,
A2C,7,70.0,-0.04054571396212075,584943.1777909393,16749.872567632858,0.5987615352073468,84.0,
A2C,7,71.0,0.11876281407735763,534005.2979054906,12612.698655624716,0.603861003247685,80.0,19325196.0
A2C,7,72.0,-0.07374026085679872,556593.0428521597,19409.72307529481,0.6017329029132396,88.0,
A2C,7,73.0,-0.14413813087036714,645468.391719699,18517.714321303687,0.6038030696470742,86.0,
A2C,7,74.0,-0.07714613793677129,605526.0761639628,16965.329211673416,0.5959332688393291,86.0,
A2C,7,75.0,-0.187364721410465,716137.696217766,15721.746859565928,0.6067376206419305,84.0,
A2C,7,76.0,-0.021907564795054325,557154.8634735326,17228.277385762973,0.6066961841014635,88.0,
A2C,7,77.0,-0.03533463610532009,576234.8434552068,16878.520189673774,0.5872643664516729,90.0,
A2C,7,78.0,-0.13126685459443196,652687.8440211891,17724.385268476522,0.5961037857829596,90.0,
A2C,7,79.0,-0.09599378480906877,642238.0035716357,14686.172223939975,0.6070109718071965,80.0,10737222.0
A2C,7,80.0,-0.01841658280304294,544548.4163839923,17476.09293627238,0.5996433898197557,88.0,
A2C,7,81.0,0.01126470525637718,599789.3511307486,14131.462799642066,0.5921191848463184,90.0,
A2C,7,82.0,-0.06819834205334539,595498.6741444352,17338.890989650015,0.6142785207849599,88.0,
A2C,7,83.0,-0.022154043510127272,623782.6673902706,14456.600185132476,0.610974139096141,78.0,
A2C,7,84.0,-0.19281209864124935,673518.7841143203,19571.29275052011,0.5875098996509471,92.0,
A2C,7,85.0,0.06430057502327474,534181.787329733,14610.916816165933,0.5970192459235947,84.0,
A2C,7,86.0,0.01469862386625764,586096.6687595935,14603.411973291439,0.60727647352211,82.0,
A2C,7,87.0,0.022523256325726805,586063.0462554527,14252.372672527687,0.6096796353587877,82.0,12043690.0
A2C,7,88.0,0.037271113368741046,613029.666083593,12746.390885575624,0.6199308708735105,78.0,
A2C,7,89.0,-0.11079408003689685,696559.734323311,15221.171773385375,0.6121661021652512,84.0,
A2C,7,90.0,-0.007557453398418102,533261.567907382,17417.641532304835,0.6003671255136204,82.0,
A2C,7,91.0,-0.049690457201648115,611472.4681106156,14433.40272533695,0.6073304982499709,82.0,
A2C,7,92.0,-0.14808318534850357,631026.8332497637,19469.626981675723,0.6125321602947144,92.0,
A2C,7,93.0,-0.10532115488867168,652361.0368647918,16634.983390037964,0.603110905014575,86.0,
A2C,7,94.0,0.08783198443592119,545324.6765400076,13369.058461886701,0.6000307339266365,82.0,
A2C,7,95.0,-0.06734419583068504,629300.3845899411,15587.045363064828,0.607559739648181,86.0,4677037.5
A2C,7,96.0,-0.035647118059195994,602745.9031910538,15880.620873580472,0.6067909084042072,88.0,
A2C,7,97.0,-0.087516473045192,635429.1239145198,16557.799449413415,0.6075935688618245,90.0,
A2C,7,98.0,-0.04544046725136315,614442.0451903377,15791.11203290812,0.6241070786612701,84.0,
A2C,7,99.0,-0.06483612115145597,567770.8123506706,18629.469442616268,0.593174893801403,88.0,
A2C,7,100.0,0.046031535748488825,550252.7302974132,14689.54254551376,0.6137372531611407,80.0,
A2C,7,101.0,-0.017625884791657574,573932.5349712584,16304.885593343486,0.5969425987911328,88.0,
A2C,7,102.0,0.09302131161238456,487735.8612756351,15266.778580395585,0.6169716313179545,86.0,
A2C,7,103.0,-0.025651024885880346,552670.3955411311,17460.829479699227,0.5822988504765898,88.0,2591909.0
A2C,7,104.0,-0.04845661461600319,646154.1748556483,14638.225794861673,0.586702176117146,84.0,
A2C,7,105.0,-0.057523818199779746,622496.525837675,15981.03025159218,0.5906418576945842,88.0,
A2C,7,106.0,-0.015400914286135197,586994.7292867906,15380.399050641503,0.6026899191862136,90.0,
A2C,7,107.0,-0.040521379961129006,551030.5682363232,18064.94799137557,0.5960379934592603,86.0,
A2C,7,108.0,-0.0878007682930767,630130.744421671,16582.37876173772,0.6106431275682722,90.0,
A2C,7,109.0,-0.010091375044465695,667696.2652557426,12478.942734511522,0.5934344541301441,82.0,
A2C,7,110.0,-0.004307488351950725,606586.2347909091,14388.504277612128,0.603528158702394,82.0,
A2C,7,111.0,-0.0596140157968001,586342.1945821004,17563.832265479377,0.6099744123164903,88.0,-2002534.25
A2C,7,112.0,-0.02751870804002434,576125.8607492169,16617.437315998053,0.6137428310120842,88.0,
A2C,7,113.0,-0.07851508836834381,538268.7922324663,20425.769093127485,0.6038076066096476,88.0,
A2C,7,114.0,-0.021036150110752785,523534.4254680198,17973.330780269513,0.6198090278236976,86.0,
A2C,7,115.0,-0.06579849564277286,625744.8994066692,15965.318080358862,0.6006756815813691,84.0,
A2C,7,116.0,-0.05794394517080727,626596.9022852884,15525.22850117249,0.6071447019114861,86.0,
A2C,7,117.0,-0.15055459133943824,715765.1625556675,15896.750473155667,0.6080089449048892,84.0,
A2C,7,118.0,0.024435240463624865,539908.8842690294,15900.24785201636,0.5836581339507577,88.0,
A2C,7,119.0,-0.042557928165392625,570597.0165788212,17218.468225236,0.5983622416393248,90.0,-2976858.5
A2C,7,120.0,-0.1314938427599091,648453.4005125139,17121.610518422847,0.5985447852453196,86.0,
A2C,7,121.0,0.0033141520166833967,576372.7756071888,15369.9366875467,0.5955099183295557,84.0,
A2C,7,122.0,-0.13608861146907944,604519.8492123544,20001.49680991202,0.6153212869910353,88.0,
A2C,7,123.0,-0.04946342918068542,579836.2948711135,17163.14887650792,0.597125826776755,86.0,
A2C,7,124.0,-0.09506097106960922,623426.092482493,17339.608390311467,0.6048988321723121,90.0,
A2C,7,125.0,0.0696761786419545,611848.2513938774,11744.55986721153,0.6082021680324822,78.0,
A2C,7,126.0,-0.007244398737827753,628482.0753612651,13771.027126490586,0.6118329258976691,80.0,
A2C,7,127.0,0.037468250729889456,683449.2186119249,10682.582388566138,0.5929852733582452,78.0,1079390.125
A2C,7,128.0,0.013306377555976877,518067.4541683339,17008.15659258105,0.5896078341510415,82.0,
A2C,7,129.0,-0.10393522883105032,660058.186172261,16123.391914180107,0.6054534186718782,86.0,
A2C,7,130.0,0.08468935272012071,527152.3690258695,14016.915280210427,0.6011343652502331,80.0,
A2C,7,131.0,0.006952648107254447,557281.3379708459,15839.118713894637,0.5990473810482301,86.0,
A2C,7,132.0,-0.01573519439142499,570980.2380201217,16255.856795925312,0.5984200431698007,82.0,
A2C,7,133.0,-0.028996442585452913,586269.3376459704,16330.823693487255,0.6000786574384475,88.0,
A2C,7,134.0,-0.18045048410284553,711865.3038631444,16569.203085891,0.6083497494003784,84.0,
A2C,7,135.0,-0.019956645200148577,576871.4138248273,16168.695285439086,0.5910132748966327,86.0,1857837.875
A2C,7,136.0,-0.2363018655339598,733126.3853485127,19110.441545252488,0.607483175087721,88.0,
A2C,7,137.0,0.11265681068173874,521973.7902858467,12977.901311209413,0.6277178612665052,80.0,
A2C,7,138.0,-0.058673562570374566,552827.1022956142,18932.858421475517,0.609241659270499,90.0,
A2C,7,139.0,-0.0972071199979771,660948.3695131725,15925.863757285639,0.5872370568011875,80.0,
A2C,7,140.0,0.048378102096399506,487289.7712567673,17272.733618098133,0.5881275074294285,86.0,
A2C,7,141.0,-0.0746599236015632,605965.0877533145,16965.641118862342,0.6116772154330792,86.0,
A2C,7,142.0,-0.18694696006855793,609005.4805884726,21760.27907487297,0.5930889203054398,92.0,
A2C,7,143.0,-0.11622551250281218,611730.6742693959,18283.180155631595,0.5950825914056096,92.0,-5737739.0
A2C,7,144.0,-0.08654710935075655,609779.5963524211,17379.21200928248,0.6039634697945246,88.0,
A2C,7,145.0,-0.08378948150423288,551259.1291024617,20021.8584713561,0.6078477552563167,90.0,
A2C,7,146.0,-0.07496703913362197,529634.2094005591,20497.008540696508,0.5988541495664499,92.0,
A2C,7,147.0,-0.0727160248331295,606408.8108901354,17143.70583590443,0.5976061825730967,86.0,
A2C,7,148.0,0.04791889385857762,585828.5466208997,13163.288759835981,0.5978949508414919,84.0,
A2C,7,149.0,0.018715540472155054,605683.3592061106,13713.498870607269,0.5908679807524119,84.0,
A2C,8,0.0,0.033467441475557025,364960.845577318,15698.150396782494,0.515610333678905,89.0,
A2C,8,1.0,0.1230962287599564,377468.4985911196,13953.715724914911,0.5407340093316463,77.0,
A2C,8,2.0,-0.014938868568006277,462000.4519590079,14427.292295229769,0.5253140222099815,85.0,
A2C,8,3.0,-0.006097555960277377,441526.05703129026,15592.59486945242,0.5218531991325444,89.0,
A2C,8,4.0,-0.1146606156481544,651732.4470533084,11566.094640389983,0.5306361253610826,81.0,
A2C,8,5.0,0.0848359098074275,417168.6934612238,13576.1624016263,0.533580328980264,79.0,
A2C,8,6.0,-0.02435038629758438,494375.00575165165,14063.554241140486,0.537305482206013,83.0,
A2C,8,7.0,0.013361081532094088,452719.17284251214,10089.509398950991,0.540453904000738,77.0,693813.6875
A2C,8,8.0,0.2808369501677172,348366.7008724533,10643.318837995916,0.5632637222371578,83.0,
A2C,8,9.0,-0.09322668388735943,573138.703447894,13549.916154323926,0.5325034010677645,81.0,
A2C,8,10.0,-0.054267152595822404,471332.6544808895,16175.514187853445,0.5419135483566315,89.0,
A2C,8,11.0,0.050872457036798255,394754.3275526688,15197.536907031947,0.5594328188509085,85.0,
A2C,8,12.0,-0.017991327623616278,574257.5798966452,11196.367438712177,0.5361075627522095,79.0,
A2C,8,13.0,0.09104128998337462,415153.2045220321,12806.198778322061,0.5596109351422218,87.0,
A2C,8,14.0,0.23418723304655434,326446.1722291059,12215.721829057833,0.5148913505135417,85.0,
A2C,8,15.0,-0.07106611984968153,571419.8747562424,12570.227305754392,0.5279268354235365,81.0,-5191930.5
A2C,8,16.0,-0.0618575314756117,518267.1804142336,14206.764406497436,0.530463948713841,81.0,
A2C,8,17.0,-0.002623649795009912,546700.8221839735,11740.085037512816,0.5247774937073426,79.0,
A2C,8,18.0,0.0785981175363022,433399.7844611748,13211.698882457096,0.5450988620482992,83.0,
A2C,8,19.0,0.034776457636248946,472469.71467758523,13092.882035178316,0.5473614088110678,85.0,
A2C,8,20.0,0.05175831377508819,492009.775845989,11442.768192230831,0.5222559492884791,79.0,
A2C,8,21.0,0.10509326551966039,356593.3113666964,15950.764617388788,0.5357790939159951,89.0,
A2C,8,22.0,-0.00037544603939031543,458756.18914993247,14287.060153991326,0.5320622550639832,83.0,
A2C,8,23.0,-0.09328240082437077,672852.0768172577,10290.869183465966,0.5620830333346385,79.0,-7816357.0
A2C,8,24.0,0.062276424548192086,414303.89319923153,14464.173746719463,0.5427653436911472,83.0,
A2C,8,25.0,0.04393580246421495,432827.8519180983,14634.562314400662,0.5322029406043691,81.0,
A2C,8,26.0,0.17927760962914363,416403.8596039853,10886.2378642557,0.5408870328193445,75.0,
A2C,8,27.0,0.126070319582095,346709.41867823596,15844.729263835641,0.5339457736520861,87.0,
A2C,8,28.0,0.15347521122215466,470764.7172514565,9822.432154810813,0.5367155948062207,75.0,
A2C,8,29.0,0.07239247127237329,414453.02577067085,14318.366311093407,0.5315083995781968,89.0,
A2C,8,30.0,0.04145968752697549,447794.5904284288,13811.38769152328,0.5362041601699191,87.0,
A2C,8,31.0,0.10234659924190567,451464.12589456997,11884.027436682532,0.5391362729103525,81.0,-1406795.5
A2C,8,32.0,0.05674421773424538,445577.16036693496,13583.419871459184,0.5329970632038304,87.0,
A2C,8,33.0,0.06591431461674839,488593.5526988592,11588.204867351245,0.5359289185132219,81.0,
A2C,8,34.0,0.2991778622771632,288441.2564997862,12445.470446031752,0.5432951690290239,85.0,
A2C,8,35.0,-0.024380892241457515,517964.0003502931,13239.37502370258,0.5283740111756512,87.0,
A2C,8,36.0,-0.08127177623600926,443169.75731176947,19150.2259100138,0.5291077965315482,93.0,
A2C,8,37.0,0.23557351952824637,366959.84542636084,11110.64636188063,0.5501763218709066,79.0,
A2C,8,38.0,0.051397259446749166,471889.51170337986,11165.42583910037,0.517066000055475,81.0,
A2C,8,39.0,0.0009119101834279856,465858.6861779374,13735.328023257653,0.5117839885435252,83.0,-5221289.0
A2C,8,40.0,-0.035724159183241073,443487.574686825,16123.380976820514,0.5047727309266022,91.0,
A2C,8,41.0,0.3274294853527519,298692.63035250135,11667.517505636863,0.5383350776867334,79.0,
A2C,8,42.0,-0.0788816874630655,485790.43405931746,16040.580332164765,0.5348220598216777,85.0,
A2C,8,43.0,0.16188243265745103,284771.60343923117,15599.290094339402,0.5234862833614411,91.0,
A2C,8,44.0,0.11149334063655762,364600.9779381974,15667.681291179588,0.5298351252067854,83.0,
A2C,8,45.0,0.06465184489656423,409448.07728095143,14857.577657734897,0.536441813096813,85.0,
A2C,8,46.0,0.1763035568492842,427200.7550713855,10671.632363606423,0.5468472484923957,79.0,
A2C,8,47.0,-0.11506073130937655,504759.1984900228,16784.644515445747,0.5467178463649573,89.0,-6481799.0
A2C,8,48.0,0.0068964620026982695,411968.7609823034,15665.412775052686,0.5503864137824562,87.0,
A2C,8,49.0,0.007240129622245954,528865.4580540044,11706.18018186607,0.5249945513070777,85.0,
A2C,8,50.0,-9.95091843155444,532372.8012533403,10609.96584491382,0.5294127257267561,84.0,
A2C,8,51.0,0.07288427800675393,422230.70808906056,13894.645114761779,0.5300669076716247,85.0,
A2C,8,52.0,-0.06951436217999479,567550.0114625379,12308.04299391124,0.554977259904495,83.0,
A2C,8,53.0,-9.800818172630159,336175.9388326,13747.325345672887,0.5350064183863896,80.0,
A2C,8,54.0,0.095907789753018,482282.77039267175,10793.980703892645,0.5335183177703491,79.0,
A2C,8,55.0,0.15382269210206995,379089.7861758985,13472.136348853175,0.5422346225003354,85.0,11732520.0
A2C,8,56.0,-0.027921242234638807,518653.2620449134,12956.004918401548,0.5388914421298022,79.0,
A2C,8,57.0,-0.0008733102007159165,456968.46726810164,14069.551223684924,0.535884959193483,83.0,
A2C,8,58.0,0.09037086767687866,400637.9935616275,13997.511913154583,0.5349092229830182,87.0,
A2C,8,59.0,0.10504704592868977,360386.11313780985,16021.321056004299,0.5113904389751698,83.0,
A2C,8,60.0,0.16129205370073024,416572.0295177448,11253.280023167374,0.5277585197938587,81.0,
A2C,8,61.0,-0.020883477575838888,446708.43454268284,16432.776536748228,0.5328143617341707,89.0,
A2C,8,62.0,0.20012777653014124,369288.8235920344,12363.749594885681,0.534907801571286,85.0,
A2C,8,63.0,0.0028552017325464245,418449.0559896224,16323.447908440545,0.5458591182009078,87.0,13114290.0
A2C,8,64.0,-0.05774817596698196,497059.2735648828,14532.618944998094,0.536009764729537,87.0,
A2C,8,65.0,0.07310717432327869,457323.9225841085,12105.68033806825,0.5296979927411197,83.0,
A2C,8,66.0,-0.038640357233219104,440065.0171801636,17256.286541241505,0.5359848238420819,87.0,
A2C,8,67.0,0.24300184273638092,309653.60232975305,13592.248900644148,0.5241857051928062,91.0,
A2C,8,68.0,-0.03407936332740048,557866.9561632961,12103.1139836892,0.5189565095815601,77.0,
A2C,8,69.0,0.04210739774178771,489010.60823521955,12182.304669384086,0.541208239244134,83.0,
A2C,8,70.0,0.10391677768277148,428859.1019016858,12624.464971666775,0.5282367425422362,85.0,
A2C,8,71.0,-0.11594691402760297,570745.75355356,14463.826218401506,0.5360261733124444,81.0,16199142.0
A2C,8,72.0,0.12591865835514598,444324.67123318266,11349.324987664637,0.539004137466014,81.0,
A2C,8,73.0,0.1416841730178566,353478.1581944141,14958.45556852387,0.5424318488204147,85.0,
A2C,8,74.0,-0.025986491797645627,538363.6150031177,12285.506515936655,0.5323642957720996,87.0,
A2C,8,75.0,0.2538921777641712,368720.0913348489,10719.00246118774,0.5452194664653724,81.0,
A2C,8,76.0,-9.94917222376685,480349.12225586385,12254.96024186536,0.5505588969080946,84.0,
A2C,8,77.0,0.07162364660616095,405294.87175698596,13836.956948115218,0.5361567360661601,83.0,
A2C,8,78.0,0.1505443479089531,353766.88394805824,13729.306969553669,0.5300172714782826,87.0,
A2C,8,79.0,0.0802735263183624,456147.02157655783,12362.852595923301,0.5310372855175327,83.0,25480580.0
A2C,8,80.0,0.010963397513030963,529049.73377841,11613.148019040533,0.5241497302135869,79.0,
A2C,8,81.0,0.1375326119332302,323823.2950912128,16424.47056607383,0.5312310781861092,87.0,
A2C,8,82.0,0.05978562394407745,480843.6251744324,11863.36457326138,0.5519755417956222,83.0,
A2C,8,83.0,0.06424805927703277,410031.1629476051,14959.109764162256,0.5472398139268762,85.0,
A2C,8,84.0,0.05511606578534112,418421.67159682605,14406.960511149759,0.5408673002052241,87.0,
A2C,8,85.0,0.13071454301479063,334069.51139923517,15451.018935880247,0.546669398962945,81.0,
A2C,8,86.0,0.23656366011041804,298189.1465114021,14985.660505330105,0.5309912329481031,89.0,
A2C,8,87.0,-0.07343185771572378,477298.45748307393,15938.560687656362,0.5457177228948973,89.0,21112174.0
A2C,8,88.0,-0.016999586322738833,520047.7593860638,13019.430470086529,0.5338443921863261,85.0,
A2C,8,89.0,0.104163429394125,435124.8224254196,12132.865728691464,0.5326718287489562,85.0,
A2C,8,90.0,0.06528486795336208,376201.66083388764,16565.69704090247,0.5422358671661021,87.0,
A2C,8,91.0,0.10240443577308657,392432.2970564795,14164.483734624542,0.5338464357434417,87.0,
A2C,8,92.0,0.02481093886222449,499437.87195792,11948.073592912053,0.5417521456103065,81.0,
A2C,8,93.0,0.14638675752519775,388118.014418241,12235.220074410072,0.5194586394777402,79.0,
A2C,8,94.0,0.14370116487316395,390088.07545970887,13188.441446971408,0.5334654710737662,87.0,
A2C,8,95.0,0.14132369242001988,436138.9770808488,11122.479889916956,0.5445840095042579,79.0,22728584.0
A2C,8,96.0,0.1618179795404881,417021.03486867226,11369.52363622603,0.5206039196226799,87.0,
A2C,8,97.0,0.057769181329560604,501472.27986936085,10582.601215508175,0.5428987525626636,77.0,
A2C,8,98.0,0.07077684402687816,415311.1802732208,14054.195637264665,0.5568058772680796,85.0,
A2C,8,99.0,0.0216992221156002,410917.29888400144,16278.039735121536,0.5309698997103017,87.0,
A2C,8,100.0,0.12940493707112968,384605.6679024418,13650.194981371991,0.5558780441709196,85.0,
A2C,8,101.0,-0.10761416452016019,530738.7460112887,15873.520526435319,0.5295447081341781,89.0,
A2C,8,102.0,0.16372243336942172,422494.45960925845,10924.894712922864,0.5486189742267131,79.0,
A2C,8,103.0,0.043019380014104464,407571.08301786624,15581.5720495895,0.5254896755904739,93.0,11384610.0
A2C,8,104.0,-0.026651744598788156,533962.5081929349,12781.917543684393,0.521804880672013,85.0,
A2C,8,105.0,0.09457623631942534,494837.19349732395,10248.464001265036,0.5556478302420392,77.0,
A2C,8,106.0,0.0745298968303719,472836.45690915216,11770.9020830384,0.5346368431081493,83.0,
A2C,8,107.0,-0.03793572604723941,560566.5689652024,12274.771734930568,0.5565292791181453,81.0,
A2C,8,108.0,0.25052843684804205,249652.62954592454,16975.496212671515,0.5387235807728256,89.0,
A2C,8,109.0,0.06211022759286918,505000.13271502196,10688.195093705704,0.5304870592169213,77.0,
A2C,8,110.0,0.0693618006218277,436461.0903268209,13388.812018213554,0.5271143251928221,85.0,
A2C,8,111.0,-0.0500125120916408,547684.892199853,12205.98905339675,0.5259205595125928,83.0,1169229.0
A2C,8,112.0,-0.027966716218397317,482908.34808170993,14564.214354059,0.5333519496041054,81.0,
A2C,8,113.0,0.05682291988868121,509583.93529841996,11191.395797098154,0.5364400886312852,81.0,
A2C,8,114.0,0.1313471418788196,401912.8807377663,12785.633170254596,0.5373840326087137,81.0,
A2C,8,115.0,0.04878125422566286,439337.97648753104,13951.499495840271,0.5272930773258705,87.0,
A2C,8,116.0,0.038656721428586484,441577.1777041116,14409.964290477314,0.5293408926457926,87.0,
A2C,8,117.0,0.2465920872680949,271114.23022587475,13966.81558205248,0.5182459552833695,83.0,
A2C,8,118.0,0.13349839611715508,379733.666899784,12152.982148445406,0.535929455050948,81.0,
A2C,8,119.0,0.11584069896616565,432763.51984437037,12140.994320953403,0.5270124798950367,83.0,8841915.0
A2C,8,120.0,0.12464654866365005,428180.5540349218,11993.578209666912,0.5258361604593714,81.0,
A2C,8,121.0,-0.20198894115607702,519923.48095924524,12995.736755285974,0.5522249826360989,85.0,
A2C,8,122.0,0.026577463651125233,531950.689884513,10861.75158471003,0.5327726459488439,83.0,
A2C,8,123.0,0.07666054914553755,468462.42811295396,11824.230171970361,0.5382052170556287,81.0,
A2C,8,124.0,0.03056470480679627,486487.3152618387,12301.6225492616,0.5234987389754181,79.0,
A2C,8,125.0,0.030004259890933787,441300.7526687521,14139.58739555471,0.530507578128912,81.0,
A2C,8,126.0,-0.08602531599945115,527404.381418285,14941.36206741329,0.5307289324753022,81.0,
A2C,8,127.0,0.2142127334987201,306556.6978112424,15185.793421463179,0.5364924104333793,89.0,-661947.5625
A2C,8,128.0,0.16328818350162225,375323.5046595058,12249.427742013193,0.5293959341028391,85.0,
A2C,8,129.0,0.09521687527126066,530344.6996202432,8956.10468418608,0.5418093375432983,77.0,
A2C,8,130.0,0.024423269807851096,528667.7674303076,11362.24334381096,0.5352349194173281,83.0,
A2C,8,131.0,0.2329024617260224,324370.23872775846,12921.648998482604,0.528912360710605,83.0,
A2C,8,132.0,0.002098678103952324,553740.9975908881,11010.86800053548,0.5212695144106066,83.0,
A2C,8,133.0,-0.02110813545699726,471528.25576253806,14628.459441392142,0.5433277566583161,81.0,
A2C,8,134.0,0.028704671255688197,441704.3112025558,14234.313450593834,0.5314214802991827,85.0,
A2C,8,135.0,0.07141694385222608,482145.1519569004,11127.145337734444,0.5535823694632741,77.0,-2823145.5
A2C,8,136.0,0.03997864164144069,434413.6175491817,14643.065188069097,0.5342151311398828,83.0,
A2C,8,137.0,0.10392138146788302,406460.2030847953,13572.387121502383,0.5242052317695913,81.0,
A2C,8,138.0,0.2652009557640246,270465.20872543385,14614.90922381686,0.5317655745368086,83.0,
A2C,8,139.0,-0.14122882821810245,538492.5666954085,14224.499280362781,0.531218313323099,83.0,
A2C,8,140.0,0.12298947694345322,403046.18815506337,12130.229641317408,0.5297239530446853,81.0,
A2C,8,141.0,-0.17356205814736994,551049.7912464915,16481.034842323483,0.5341011419424949,83.0,
A2C,8,142.0,0.09717783898000792,387187.50274759316,14419.617015474332,0.5298520282398457,83.0,
A2C,8,143.0,-0.16767251551210707,573434.5635234588,16175.772387272918,0.5340886085860097,89.0,-14034090.0
A2C,8,144.0,0.14570541441256143,401452.5868422222,12592.168507343085,0.5534950653038263,81.0,
A2C,8,145.0,0.03622678168339173,483969.5322958074,12568.553638094087,0.5167738383747404,83.0,
A2C,8,146.0,0.04073591363448037,505471.44274815544,11489.937053796863,0.5317894383410042,83.0,
A2C,8,147.0,-0.17180777951957285,564232.3349268283,16852.32948576626,0.5298281773745337,87.0,
A2C,8,148.0,-10.21987661530549,677281.528071198,14306.938348942587,0.5244770172477696,84.0,
A2C,8,149.0,0.003633279191675401,456078.9227957683,14482.79083962387,0.5369169139978838,83.0,
A2C,9,0.0,-0.0710244777333657,389500.1208160008,14921.52896037015,0.5921848739748043,82.0,
A2C,9,1.0,-0.10761653474355576,441753.41447289154,14768.320192097739,0.5868328522984219,88.0,
A2C,9,2.0,0.07802679552020687,385101.46551434835,11582.885398950404,0.5949760635625905,82.0,
A2C,9,3.0,-0.026116427504561862,471000.07452876103,10984.929927715597,0.5975807845879305,78.0,
A2C,9,4.0,-0.06745016919401937,440458.40692552767,13385.519484140807,0.5705501815237041,80.0,
A2C,9,5.0,-0.014886927111526496,424794.4386784978,12493.706336715191,0.6031774438594768,84.0,
A2C,9,6.0,0.01866252477613563,375556.7400444269,13968.924422625953,0.5948182134016676,84.0,
A2C,9,7.0,-0.05648128719394684,419658.65810515964,14142.075950377066,0.5992395166210657,88.0,-2729900.0
A2C,9,8.0,0.08359091298219787,332401.5897050258,13742.906271087468,0.5896484959517244,88.0,
A2C,9,9.0,-0.008196762411352743,418813.6398772176,12316.808902771438,0.6035192429062692,82.0,
A2C,9,10.0,-0.026755980060657575,403492.6270858948,13808.857971410289,0.5803448949125103,84.0,
A2C,9,11.0,-0.035221229069709564,411316.90248991194,13993.71188115795,0.5899602724916565,82.0,
A2C,9,12.0,-0.057482615167979756,474846.2772318441,11588.541214774657,0.6148772256628273,80.0,
A2C,9,13.0,0.0035848656803555146,370605.9450969113,14421.006056156999,0.6079067077278231,84.0,
A2C,9,14.0,0.042259547737164414,373808.84709747887,12484.218875497963,0.6158477609387104,84.0,
A2C,9,15.0,-10.1417068331338,503153.31250420195,13173.604454449342,0.6117109813053965,85.0,3095787.5
A2C,9,16.0,-9.98194840450115,411188.43626705225,12276.760468728145,0.5966601214253123,83.0,
A2C,9,17.0,0.07843277532815046,362552.66173266695,12574.729087971707,0.5838744229467809,88.0,
A2C,9,18.0,-9.99006984967536,381357.4172093152,13894.604896094052,0.5900533396139283,87.0,
A2C,9,19.0,0.05902224161008457,399535.21181657835,11545.817319501193,0.6073384317293553,82.0,
A2C,9,20.0,-0.02711252178869221,415821.0359466111,13515.235765406347,0.5804096477465324,84.0,
A2C,9,21.0,-0.035819916865972065,454458.51302402077,11546.491668266768,0.6037560742079303,82.0,
A2C,9,22.0,0.07188648385086074,410994.296275483,10646.469599931943,0.5881138046810163,80.0,
A2C,9,23.0,-0.07252421264752792,448223.84784140484,13369.264356271276,0.6035119439311659,88.0,15389919.0
A2C,9,24.0,-0.016624292154392116,398236.8447904988,14033.641236905118,0.5749692444606722,86.0,
A2C,9,25.0,0.04413675498908854,360361.2100268666,13596.95782827478,0.5962376319987017,86.0,
A2C,9,26.0,-0.1580458706222164,498801.74396435235,14060.25516699996,0.616538889338109,86.0,
A2C,9,27.0,-0.0498812676187577,402845.96195386007,14827.610481436603,0.5876386979327933,92.0,
A2C,9,28.0,-0.07775239704992408,462654.5412388561,12671.598955438196,0.5930763883542883,86.0,
A2C,9,29.0,-0.07543880101197872,450120.06898672826,13084.132366440313,0.5850602730449871,88.0,
A2C,9,30.0,-0.06611976590011989,447165.22466426215,13258.135562310434,0.5998801797721729,82.0,
A2C,9,31.0,-0.08088133305116621,447538.7326140183,13617.480102901376,0.5910769954903422,86.0,18441758.0
A2C,9,32.0,-0.2582411421425406,512163.8436944373,17303.87608915811,0.6161850628737938,88.0,
A2C,9,33.0,-0.11929800403514479,440063.8002965901,15605.980746480056,0.5922169474428157,82.0,
A2C,9,34.0,-0.09370850883622803,471758.5374931997,12938.190589149384,0.6089216231578735,88.0,
A2C,9,35.0,0.009620525932810422,406346.5997720537,12461.152582897947,0.6182992540324931,86.0,
A2C,9,36.0,-0.20129042482693735,500948.8879267457,14842.344065886926,0.5694949884810993,82.0,
A2C,9,37.0,-0.011168535131061506,430699.34017075587,11956.80228972627,0.6179680111218464,84.0,
A2C,9,38.0,-0.11777577339148024,495151.69082313345,12718.691935891802,0.6026141933126701,80.0,
A2C,9,39.0,-0.10984911280781745,464948.37906244036,13928.592909660854,0.591584676360009,84.0,19921660.0
A2C,9,40.0,-0.047944691948163545,486759.04435689864,10737.217023863246,0.6057516525756573,76.0,
A2C,9,41.0,-0.03104487680924723,376318.0082613919,15501.170688930857,0.5948999721713286,86.0,
A2C,9,42.0,0.14251441911160276,387040.0246752171,9734.409066456818,0.5918727939651404,76.0,
A2C,9,43.0,-9.971600224546172,351460.72310130415,14697.090842235471,0.5903243671965187,87.0,
A2C,9,44.0,-0.035391235398871485,450147.27931421855,12070.319535982304,0.6069359466488844,80.0,
A2C,9,45.0,-0.12567279008667173,528555.6999299143,11286.123967711834,0.6190863098705675,82.0,
A2C,9,46.0,-0.008818467534505601,399193.30521879025,13452.326009941817,0.6083504822379258,86.0,
A2C,9,47.0,-0.0505953038445733,390150.4597800771,14589.568680915607,0.5921828636433367,90.0,24107956.0
A2C,9,48.0,-0.06424844013830631,470049.76590079674,11965.570356513635,0.6046039865314089,82.0,
A2C,9,49.0,-0.045905236012807604,390762.01619038946,15500.305843284643,0.5957563631931333,86.0,
A2C,9,50.0,-0.2298501035608601,544392.5993255654,13618.93851491694,0.619412787250991,82.0,
A2C,9,51.0,-0.19867464569046991,494548.8244089409,15742.632236793026,0.5885208304622184,90.0,
A2C,9,52.0,-0.018992371587648674,421875.49001831847,12805.42557577129,0.5841177399309669,82.0,
A2C,9,53.0,-0.03909995755245263,394324.6747958238,14079.254485689677,0.5987098608409931,86.0,
A2C,9,54.0,0.021104772344112177,410897.2597966742,12184.76696848162,0.6024112242724357,80.0,
A2C,9,55.0,-0.019079758295093244,477116.7194092835,9910.038543805338,0.6082072386216527,76.0,22865008.0
A2C,9,56.0,0.10306296455286057,403777.2558578625,10154.967732243858,0.5911031097834505,78.0,
A2C,9,57.0,-0.03434415139242561,371539.6451042033,15950.150474442493,0.6044422555540655,86.0,
A2C,9,58.0,-0.08499751035836166,471182.10081786785,12567.576903704226,0.6095012093759015,84.0,
A2C,9,59.0,0.09119528820479769,410746.74911356217,10125.55665900664,0.5831759296516938,80.0,
A2C,9,60.0,-0.09813530718605012,405348.5481810089,16455.221895431834,0.5761542111013642,90.0,
A2C,9,61.0,0.04960010579155845,403981.2082075532,11657.520700138768,0.5787243359528265,80.0,
A2C,9,62.0,-10.031929144898632,411172.7665723146,13878.09553334705,0.609144224660408,85.0,
A2C,9,63.0,-0.037922819858401735,392825.71530432365,14627.838396171825,0.6013566635484577,86.0,17658894.0
A2C,9,64.0,-0.11855081369411255,402010.47252070473,17727.87691287213,0.6023798847983451,94.0,
A2C,9,65.0,-0.03826421162112577,445986.1732015251,12454.870189138153,0.5816237505677271,88.0,
A2C,9,66.0,-0.06805532349489944,441654.8501508263,13681.982027926435,0.5854036069383299,84.0,
A2C,9,67.0,-0.08456271423206693,407732.98928943224,16019.77574866963,0.5862516250177406,84.0,
A2C,9,68.0,-0.10893539382907645,525422.194654777,10933.867112570175,0.5957898267284315,82.0,
A2C,9,69.0,-0.029377910660231443,435412.77484192094,12563.840783446078,0.5779263730276966,86.0,
A2C,9,70.0,-0.09822074382595561,517841.54062836856,11345.494132861037,0.6082693449878591,80.0,
A2C,9,71.0,-0.10166029859165643,416865.6882839826,16089.634522096536,0.5902260294654529,90.0,12490545.0
A2C,9,72.0,-0.07387902388153679,412128.54146122537,15284.60017590625,0.6028567495669906,84.0,
A2C,9,73.0,-0.10460720375816442,465259.8243315557,13455.379363797976,0.6075247300974944,84.0,
A2C,9,74.0,-0.15364778359919531,431746.64866251935,16972.860565458675,0.6120328774893068,92.0,
A2C,9,75.0,-0.16020957837114713,506424.3118696959,12941.231784803023,0.6026910670852215,78.0,
A2C,9,76.0,0.04278080684407603,421507.70048932085,10953.505349101764,0.5875266521902143,78.0,
A2C,9,77.0,-0.03652038700316269,355061.30978037085,16955.034585588863,0.5940078612442857,86.0,
A2C,9,78.0,-0.020231797866964822,409428.5276529684,12764.102584955095,0.6014129630360382,76.0,
A2C,9,79.0,-0.04286349385743486,397969.7283950934,15030.540806587669,0.5981436375713731,90.0,12357396.0
A2C,9,80.0,-0.07434075779446342,440993.4995564932,13807.412002984465,0.5886269749322741,84.0,
A2C,9,81.0,-0.09463384614146017,455478.4398871064,13761.2514303635,0.5865549303567147,88.0,
A2C,9,82.0,-0.1322988835973995,541828.4753239331,11377.642654748277,0.5975350141514179,84.0,
A2C,9,83.0,3.66310934786168e-05,411189.2962431556,12818.291792938557,0.5894125143147367,84.0,
A2C,9,84.0,-0.04237622455568724,400960.18222094246,13754.161623310352,0.6062193263191573,82.0,
A2C,9,85.0,-0.11308327726777262,476319.7231118339,13530.753107646171,0.6081622928030631,84.0,
A2C,9,86.0,0.0003359836948870088,397268.4466642491,13139.03342974383,0.5798284856955069,84.0,
A2C,9,87.0,-0.16979282816843017,513679.32617973315,13380.411735407135,0.6026410187788961,86.0,9807218.0
A2C,9,88.0,0.011832845730207184,411148.16491337033,12395.21166491985,0.6111722278426005,82.0,
A2C,9,89.0,-0.03849132709048136,454194.91542483843,11406.948851651387,0.6120579077532502,82.0,
A2C,9,90.0,-0.10594374003754464,441404.21421373484,14660.067566654106,0.5895310867460829,86.0,
A2C,9,91.0,-0.21852384713000983,531850.5013442859,14487.734166427314,0.5993474099474473,88.0,
A2C,9,92.0,-0.20229372280906016,559463.5049859768,12263.733162256329,0.6045554691067834,82.0,
A2C,9,93.0,-20.213199804289697,507857.3452137432,15655.777236554077,0.591466506750163,86.0,
A2C,9,94.0,-0.027965238274816097,441426.66126322246,12370.258421849761,0.6134201147494024,78.0,
A2C,9,95.0,-0.07412782807697185,409400.98234654457,15585.197137027502,0.6040191910762466,86.0,7703192.0
A2C,9,96.0,-0.1489304527751171,484996.3496594669,14218.66413722285,0.6177965730340146,84.0,
A2C,9,97.0,0.007556717651003624,408048.2522486384,12629.197539866502,0.5883828384591883,78.0,
A2C,9,98.0,0.026960181797638445,355814.4801223194,14784.590921259047,0.5818084339553594,88.0,
A2C,9,99.0,0.1336703434117725,379847.8076925912,10255.765003748378,0.6015116540056498,80.0,
A2C,9,100.0,-9.977425395580068,426988.28306814795,11387.618102376642,0.6100014437852712,81.0,
A2C,9,101.0,-0.1487575900786866,424899.2299743557,16551.69313343372,0.6156311977379425,88.0,
A2C,9,102.0,0.07096582691774042,367015.14644094027,12517.583621131173,0.6041903292543174,84.0,
A2C,9,103.0,-0.06039046956169667,362950.89259678737,17358.85079150865,0.6029358933220709,94.0,11131226.0
A2C,9,104.0,-0.09007209470517547,440754.0744849544,14444.727553876237,0.5868135900565677,82.0,
A2C,9,105.0,-10.052559532220892,451854.4539711962,12435.317697214885,0.6015014351889597,83.0,
A2C,9,106.0,-0.11150294308903866,450478.48904980946,14563.867491589926,0.5987389714891044,86.0,
A2C,9,107.0,-0.13139623948542914,438900.2760264754,16167.354088396974,0.5988124148917023,92.0,
A2C,9,108.0,-0.07771572083986673,447296.8414510444,13147.928077086244,0.5968117309266908,80.0,
A2C,9,109.0,-0.03565822983996435,409724.34437780007,14091.412782817837,0.6227853959206744,78.0,
A2C,9,110.0,-0.11057242948898788,488702.1201420987,12358.244897590874,0.6124034831947193,86.0,
A2C,9,111.0,-0.17907477431826618,453938.1114111862,16182.637864344171,0.587180583203046,88.0,13960604.0
A2C,9,112.0,-0.07734126239604208,442280.2419980462,13900.769751386119,0.5970308621074162,84.0,
A2C,9,113.0,-0.10491036318140347,480559.9222537765,12860.44435003557,0.6031827517645818,86.0,
A2C,9,114.0,0.06742616977521426,414954.962036177,10661.986273297674,0.593023029674653,86.0,
A2C,9,115.0,-0.1416007173578946,493938.0050844154,12850.051325144497,0.6066048073444087,86.0,
A2C,9,116.0,-0.1421613327630333,466763.78535839764,14922.88212255249,0.5729201917328858,90.0,
A2C,9,117.0,-0.11811059898686084,470228.61927709426,13872.473182218951,0.6106653061632511,84.0,
A2C,9,118.0,-0.10892358029069142,441230.52964808454,15162.768721949657,0.5727962380108488,92.0,
A2C,9,119.0,-0.17009945909499585,552802.7294144357,12052.058387431156,0.5903122667976726,84.0,15524212.0
A2C,9,120.0,-0.014146784354822731,405431.62779974984,12929.072214507594,0.6000509061373156,84.0,
A2C,9,121.0,-9.996273631416178,374437.6070973511,14592.621853856914,0.6042457535429265,91.0,
A2C,9,122.0,0.015080953529988504,421700.74300365854,11448.956795306434,0.6262671673394827,78.0,
A2C,9,123.0,-0.09529322066792567,484124.404572062,12641.112622409233,0.5837786357394382,82.0,
A2C,9,124.0,-0.07786249536412138,425915.93693014496,14581.274892955478,0.597877883755022,90.0,
A2C,9,125.0,-0.17028161940659126,524661.3106126977,12741.363408431722,0.6117833885335417,86.0,
A2C,9,126.0,-0.03466956019883403,435472.7578972482,12560.400730176447,0.5883713856447822,78.0,
A2C,9,127.0,-0.09261718636612165,419056.9274337555,15461.018054756867,0.6014050026649257,88.0,23738524.0
A2C,9,128.0,-0.029221748736296415,450758.460359846,11800.232177634023,0.5879134002158123,82.0,
A2C,9,129.0,0.0322036993615467,410412.75414950517,11895.466722465628,0.5868023138582061,82.0,
A2C,9,130.0,-0.02404011564129562,374764.7340592961,15540.765684061123,0.6206992283499267,84.0,
A2C,9,131.0,-0.050634754607467906,443057.0840146138,12846.334171733724,0.6123880476867436,76.0,
A2C,9,132.0,-0.03048735064253294,416038.2341004771,12973.78422196703,0.6183134985951898,82.0,
A2C,9,133.0,0.07249276266349197,429599.5641937745,9917.076697662536,0.597366622294702,76.0,
A2C,9,134.0,-0.0631213034433378,412176.6057994283,14941.228072265087,0.593119657743818,84.0,
A2C,9,135.0,0.1323220252859893,408423.3500077679,9191.211666565021,0.6239008124074334,74.0,26071354.0
A2C,9,136.0,0.021528412326984298,407791.57636191364,12267.151133683927,0.5871570661547301,84.0,
A2C,9,137.0,-10.12589494615198,397332.6299724493,18352.13190714675,0.5980581198630726,93.0,
A2C,9,138.0,-0.029492716616602948,447661.28140511166,12125.415166722338,0.6038154483123981,80.0,
A2C,9,139.0,-0.05654142282880024,458355.5744901505,12216.857214748798,0.6055581921529938,82.0,
A2C,9,140.0,-0.023585803520756687,393953.14582709613,14508.923487747104,0.5832812217236069,88.0,
A2C,9,141.0,-10.02702752141618,465565.49109461135,10959.680279865333,0.6033667292535041,79.0,
A2C,9,142.0,0.1596000261788475,347650.7359123225,10798.659792402488,0.5855946934279112,76.0,
A2C,9,143.0,-10.11804195403766,473382.76027816895,13860.896470137302,0.5927935147281473,81.0,23456766.0
A2C,9,144.0,-0.10576032061412342,437002.5460213283,14824.426900777384,0.6093198893117215,86.0,
A2C,9,145.0,-0.017238400084937384,497450.3009100681,9699.665407490422,0.6115903080587844,76.0,
A2C,9,146.0,-0.014879839568406224,369811.06430194736,15443.704854319552,0.5993677194783683,86.0,
A2C,9,147.0,-0.04616742723300738,392923.377564365,15406.199424754592,0.5942928259807216,86.0,
A2C,9,148.0,-0.033405765672485335,387919.30625714356,15123.474810978201,0.5842592114857795,92.0,
A2C,9,149.0,-0.04554091959835419,454098.99372312793,11636.171902088656,0.5912773672092207,80.0,
